model,dms_id,layer,rel_depth,spearman,wt_top1,wt_logprob,n
8M,HEM3_HUMAN_Loggerenberg_2023,0,0.0,0.11817186993888086,0.05263157894736842,-3.3492846488952637,5689
8M,HEM3_HUMAN_Loggerenberg_2023,1,0.16666666666666666,-0.04475829529299611,0.05847953216374269,-3.165757179260254,5689
8M,HEM3_HUMAN_Loggerenberg_2023,2,0.3333333333333333,0.11164912409077102,0.06725146198830409,-3.010895013809204,5689
8M,HEM3_HUMAN_Loggerenberg_2023,3,0.5,0.11804692304728762,0.1111111111111111,-2.886934995651245,5689
8M,HEM3_HUMAN_Loggerenberg_2023,4,0.6666666666666666,0.07416698639308492,0.08771929824561403,-2.8585662841796875,5689
8M,HEM3_HUMAN_Loggerenberg_2023,5,0.8333333333333334,0.12864901360981887,0.12573099415204678,-2.8028790950775146,5689
8M,HEM3_HUMAN_Loggerenberg_2023,6,1.0,0.1416969015796162,0.18421052631578946,-2.5907161235809326,5689
8M,OTC_HUMAN_Lo_2023,0,0.0,0.0990875067670182,0.06832298136645963,-3.4115216732025146,1570
8M,OTC_HUMAN_Lo_2023,1,0.16666666666666666,-0.034361609007727736,0.052795031055900624,-3.1697022914886475,1570
8M,OTC_HUMAN_Lo_2023,2,0.3333333333333333,0.10821389743532868,0.09316770186335403,-3.0503807067871094,1570
8M,OTC_HUMAN_Lo_2023,3,0.5,0.13656847470184716,0.12732919254658384,-2.929922103881836,1570
8M,OTC_HUMAN_Lo_2023,4,0.6666666666666666,0.09506045790288667,0.10248447204968944,-2.891024112701416,1570
8M,OTC_HUMAN_Lo_2023,5,0.8333333333333334,0.11302535134747882,0.11490683229813664,-2.8423235416412354,1570
8M,OTC_HUMAN_Lo_2023,6,1.0,0.1423817643316951,0.18322981366459629,-2.734083890914917,1570
8M,P53_HUMAN_Kotler_2018,0,0.0,0.03963752675149899,0.07894736842105263,-3.4790706634521484,1048
8M,P53_HUMAN_Kotler_2018,1,0.16666666666666666,-0.004987350610354866,0.08421052631578947,-3.2975716590881348,1048
8M,P53_HUMAN_Kotler_2018,2,0.3333333333333333,0.08738358419466734,0.06315789473684211,-3.106834650039673,1048
8M,P53_HUMAN_Kotler_2018,3,0.5,0.03576080066838437,0.06315789473684211,-3.1421165466308594,1048
8M,P53_HUMAN_Kotler_2018,4,0.6666666666666666,0.018037434753697366,0.05789473684210526,-3.066129446029663,1048
8M,P53_HUMAN_Kotler_2018,5,0.8333333333333334,0.06376711920172365,0.06315789473684211,-2.9933857917785645,1048
8M,P53_HUMAN_Kotler_2018,6,1.0,0.0951304244223599,0.10526315789473684,-2.8381597995758057,1048
8M,RASH_HUMAN_Bandaru_2017,0,0.0,0.08778425164417573,0.048484848484848485,-3.5083746910095215,3134
8M,RASH_HUMAN_Bandaru_2017,1,0.16666666666666666,-0.17816359379506697,0.07878787878787878,-3.317023992538452,3134
8M,RASH_HUMAN_Bandaru_2017,2,0.3333333333333333,0.13629999480180094,0.06060606060606061,-3.131621837615967,3134
8M,RASH_HUMAN_Bandaru_2017,3,0.5,0.08562454464287324,0.08484848484848485,-3.0200653076171875,3134
8M,RASH_HUMAN_Bandaru_2017,4,0.6666666666666666,0.08508837746700261,0.07878787878787878,-2.9391632080078125,3134
8M,RASH_HUMAN_Bandaru_2017,5,0.8333333333333334,0.31150156555240366,0.11515151515151516,-2.807892084121704,3134
8M,RASH_HUMAN_Bandaru_2017,6,1.0,0.45674338413678817,0.45454545454545453,-1.7268126010894775,3134
8M,TPK1_HUMAN_Weile_2017,0,0.0,0.09136535807171153,0.04149377593360996,-3.4597744941711426,3181
8M,TPK1_HUMAN_Weile_2017,1,0.16666666666666666,-0.02958703116486276,0.04564315352697095,-3.371004581451416,3181
8M,TPK1_HUMAN_Weile_2017,2,0.3333333333333333,0.038682982002758,0.07468879668049792,-3.15787672996521,3181
8M,TPK1_HUMAN_Weile_2017,3,0.5,0.05393325879442656,0.07883817427385892,-3.0594027042388916,3181
8M,TPK1_HUMAN_Weile_2017,4,0.6666666666666666,0.0567334988905087,0.07468879668049792,-2.985607862472534,3181
8M,TPK1_HUMAN_Weile_2017,5,0.8333333333333334,0.06473701543249068,0.08298755186721991,-2.915654420852661,3181
8M,TPK1_HUMAN_Weile_2017,6,1.0,0.10809183472340744,0.13278008298755187,-2.7850613594055176,3181
8M,RPC1_LAMBD_Li_2019_low-expression,0,0.0,0.13120027169050066,0.06779661016949153,-3.2800042629241943,351
8M,RPC1_LAMBD_Li_2019_low-expression,1,0.16666666666666666,-0.00012099012099012099,0.0,-3.3810789585113525,351
8M,RPC1_LAMBD_Li_2019_low-expression,2,0.3333333333333333,0.022922632922632923,0.13559322033898305,-2.8572819232940674,351
8M,RPC1_LAMBD_Li_2019_low-expression,3,0.5,0.17282911532911535,0.1016949152542373,-2.8674604892730713,351
8M,RPC1_LAMBD_Li_2019_low-expression,4,0.6666666666666666,0.0012581862581862583,0.1016949152542373,-2.8334004878997803,351
8M,RPC1_LAMBD_Li_2019_low-expression,5,0.8333333333333334,0.12716422466422467,0.23728813559322035,-2.7282187938690186,351
8M,RPC1_LAMBD_Li_2019_low-expression,6,1.0,0.25250416250416247,0.288135593220339,-2.1285924911499023,351
8M,RPC1_BP434_Tsuboyama_2023_1R69,0,0.0,0.06672577531633787,0.11475409836065574,-3.2419674396514893,1124
8M,RPC1_BP434_Tsuboyama_2023_1R69,1,0.16666666666666666,-0.3613688550305328,0.06557377049180328,-3.239574909210205,1124
8M,RPC1_BP434_Tsuboyama_2023_1R69,2,0.3333333333333333,-0.011087746873577279,0.14754098360655737,-2.8851158618927,1124
8M,RPC1_BP434_Tsuboyama_2023_1R69,3,0.5,0.06727426641695425,0.08196721311475409,-2.835283041000366,1124
8M,RPC1_BP434_Tsuboyama_2023_1R69,4,0.6666666666666666,0.06996183118215168,0.09836065573770492,-2.7028286457061768,1124
8M,RPC1_BP434_Tsuboyama_2023_1R69,5,0.8333333333333334,0.285519996535293,0.19672131147540983,-2.4739937782287598,1124
8M,RPC1_BP434_Tsuboyama_2023_1R69,6,1.0,0.6399560911767223,0.4262295081967213,-1.8939173221588135,1124
8M,SPA_STAAU_Tsuboyama_2023_1LP1,0,0.0,-0.03543391747083137,0.07272727272727272,-3.4588873386383057,1035
8M,SPA_STAAU_Tsuboyama_2023_1LP1,1,0.16666666666666666,-0.29218545287000425,0.01818181818181818,-3.3121299743652344,1035
8M,SPA_STAAU_Tsuboyama_2023_1LP1,2,0.3333333333333333,-0.013132608322247549,0.10909090909090909,-2.947038412094116,1035
8M,SPA_STAAU_Tsuboyama_2023_1LP1,3,0.5,-0.00038934738287189723,0.10909090909090909,-2.8115832805633545,1035
8M,SPA_STAAU_Tsuboyama_2023_1LP1,4,0.6666666666666666,-0.07899762395599585,0.16363636363636364,-2.7825870513916016,1035
8M,SPA_STAAU_Tsuboyama_2023_1LP1,5,0.8333333333333334,0.1111664327205493,0.23636363636363636,-2.714787721633911,1035
8M,SPA_STAAU_Tsuboyama_2023_1LP1,6,1.0,0.1968123042128593,0.23636363636363636,-2.69059681892395,1035
8M,B2L11_HUMAN_Dutta_2010_binding-Mcl-1,0,0.0,0.269605217947838,0.0,-3.4740078449249268,170
8M,B2L11_HUMAN_Dutta_2010_binding-Mcl-1,1,0.16666666666666666,0.12411135740499876,0.1,-3.5385234355926514,170
8M,B2L11_HUMAN_Dutta_2010_binding-Mcl-1,2,0.3333333333333333,0.05922411318934301,0.0,-3.101142168045044,170
8M,B2L11_HUMAN_Dutta_2010_binding-Mcl-1,3,0.5,0.5403789669090933,0.0,-3.0674796104431152,170
8M,B2L11_HUMAN_Dutta_2010_binding-Mcl-1,4,0.6666666666666666,0.3970261539682831,0.0,-2.805579900741577,170
8M,B2L11_HUMAN_Dutta_2010_binding-Mcl-1,5,0.8333333333333334,0.29976490128907374,0.1,-2.6737582683563232,170
8M,B2L11_HUMAN_Dutta_2010_binding-Mcl-1,6,1.0,0.17356879843186107,0.3,-2.643085241317749,170
8M,SBI_STAAM_Tsuboyama_2023_2JVG,0,0.0,0.093276327154587,0.05357142857142857,-3.7050929069519043,1025
8M,SBI_STAAM_Tsuboyama_2023_2JVG,1,0.16666666666666666,-0.13733555974540007,0.08928571428571429,-3.1260478496551514,1025
8M,SBI_STAAM_Tsuboyama_2023_2JVG,2,0.3333333333333333,-0.003166397001141064,0.07142857142857142,-3.0268940925598145,1025
8M,SBI_STAAM_Tsuboyama_2023_2JVG,3,0.5,0.13114733766581085,0.10714285714285714,-2.903085470199585,1025
8M,SBI_STAAM_Tsuboyama_2023_2JVG,4,0.6666666666666666,0.09139112867279987,0.08928571428571429,-2.762836456298828,1025
8M,SBI_STAAM_Tsuboyama_2023_2JVG,5,0.8333333333333334,0.1736876537762088,0.08928571428571429,-2.724842071533203,1025
8M,SBI_STAAM_Tsuboyama_2023_2JVG,6,1.0,0.230234085276708,0.16071428571428573,-2.714813709259033,1025
8M,D7PM05_CLYGR_Somermeyer_2022,0,0.0,0.08642723154583207,0.038461538461538464,-3.485321283340454,1169
8M,D7PM05_CLYGR_Somermeyer_2022,1,0.16666666666666666,-0.06744158759031908,0.02564102564102564,-3.4047954082489014,1169
8M,D7PM05_CLYGR_Somermeyer_2022,2,0.3333333333333333,0.09927975602486395,0.038461538461538464,-3.226638078689575,1169
8M,D7PM05_CLYGR_Somermeyer_2022,3,0.5,0.09375319301822455,0.05555555555555555,-3.046534776687622,1169
8M,D7PM05_CLYGR_Somermeyer_2022,4,0.6666666666666666,0.04653394736381437,0.07264957264957266,-2.9681994915008545,1169
8M,D7PM05_CLYGR_Somermeyer_2022,5,0.8333333333333334,0.027987400522597964,0.0811965811965812,-2.9309513568878174,1169
8M,D7PM05_CLYGR_Somermeyer_2022,6,1.0,0.004815386045854578,0.1282051282051282,-2.8325414657592773,1169
8M,ARGR_ECOLI_Tsuboyama_2023_1AOY,0,0.0,0.0612124533080135,0.057971014492753624,-3.5190272331237793,1287
8M,ARGR_ECOLI_Tsuboyama_2023_1AOY,1,0.16666666666666666,-0.295104809541215,0.028985507246376812,-3.407438278198242,1287
8M,ARGR_ECOLI_Tsuboyama_2023_1AOY,2,0.3333333333333333,-0.03098281685407252,0.10144927536231885,-3.0200040340423584,1287
8M,ARGR_ECOLI_Tsuboyama_2023_1AOY,3,0.5,0.12923178541205455,0.13043478260869565,-2.8730814456939697,1287
8M,ARGR_ECOLI_Tsuboyama_2023_1AOY,4,0.6666666666666666,0.09582390809992405,0.14492753623188406,-2.7950990200042725,1287
8M,ARGR_ECOLI_Tsuboyama_2023_1AOY,5,0.8333333333333334,0.2198560280749746,0.17391304347826086,-2.6713716983795166,1287
8M,ARGR_ECOLI_Tsuboyama_2023_1AOY,6,1.0,0.3315864044446099,0.21739130434782608,-2.4677205085754395,1287
8M,BCHB_CHLTE_Tsuboyama_2023_2KRU,0,0.0,0.040508867090372214,0.019230769230769232,-3.63617205619812,890
8M,BCHB_CHLTE_Tsuboyama_2023_2KRU,1,0.16666666666666666,-0.19265636569007358,0.057692307692307696,-3.3458898067474365,890
8M,BCHB_CHLTE_Tsuboyama_2023_2KRU,2,0.3333333333333333,-0.029961159519683808,0.07692307692307693,-3.03847074508667,890
8M,BCHB_CHLTE_Tsuboyama_2023_2KRU,3,0.5,0.001149217941220065,0.07692307692307693,-2.9289143085479736,890
8M,BCHB_CHLTE_Tsuboyama_2023_2KRU,4,0.6666666666666666,0.03420906230779716,0.09615384615384616,-2.8473639488220215,890
8M,BCHB_CHLTE_Tsuboyama_2023_2KRU,5,0.8333333333333334,0.08253705263348722,0.11538461538461539,-2.7791941165924072,890
8M,BCHB_CHLTE_Tsuboyama_2023_2KRU,6,1.0,0.09037774772535458,0.1346153846153846,-2.776761293411255,890
8M,LYAM1_HUMAN_Elazar_2016,0,0.0,0.045118947198843136,0.043478260869565216,-3.265212297439575,359
8M,LYAM1_HUMAN_Elazar_2016,1,0.16666666666666666,-0.2562873967289261,0.0,-4.690650463104248,359
8M,LYAM1_HUMAN_Elazar_2016,2,0.3333333333333333,-0.2433330638161217,0.0,-3.3375890254974365,359
8M,LYAM1_HUMAN_Elazar_2016,3,0.5,-0.09650423640208418,0.08695652173913043,-3.1532883644104004,359
8M,LYAM1_HUMAN_Elazar_2016,4,0.6666666666666666,-0.20467521803499428,0.043478260869565216,-3.5195345878601074,359
8M,LYAM1_HUMAN_Elazar_2016,5,0.8333333333333334,-0.04139849217763584,0.21739130434782608,-3.126725196838379,359
8M,LYAM1_HUMAN_Elazar_2016,6,1.0,0.3069249043565118,0.21739130434782608,-2.399188995361328,359
8M,PR40A_HUMAN_Tsuboyama_2023_1UZC,0,0.0,0.01612630572265762,0.06349206349206349,-3.7419066429138184,1163
8M,PR40A_HUMAN_Tsuboyama_2023_1UZC,1,0.16666666666666666,-0.23695961034304847,0.12698412698412698,-3.316155195236206,1163
8M,PR40A_HUMAN_Tsuboyama_2023_1UZC,2,0.3333333333333333,-0.11730923354036882,0.07936507936507936,-3.17829966545105,1163
8M,PR40A_HUMAN_Tsuboyama_2023_1UZC,3,0.5,0.0817234394340062,0.047619047619047616,-3.0445351600646973,1163
8M,PR40A_HUMAN_Tsuboyama_2023_1UZC,4,0.6666666666666666,0.07202023471820285,0.1111111111111111,-2.89811635017395,1163
8M,PR40A_HUMAN_Tsuboyama_2023_1UZC,5,0.8333333333333334,0.08720703726493878,0.15873015873015872,-2.7433993816375732,1163
8M,PR40A_HUMAN_Tsuboyama_2023_1UZC,6,1.0,0.11539716612210718,0.25396825396825395,-2.655125856399536,1163
8M,GCN4_YEAST_Staller_2018,0,0.0,0.08662209295692501,0.09523809523809523,-3.6476192474365234,33
8M,GCN4_YEAST_Staller_2018,1,0.16666666666666666,-0.09959893048128343,0.047619047619047616,-3.8180091381073,33
8M,GCN4_YEAST_Staller_2018,2,0.3333333333333333,0.18683155080213906,0.047619047619047616,-3.147768020629883,33
8M,GCN4_YEAST_Staller_2018,3,0.5,0.15173796791443853,0.09523809523809523,-2.988015651702881,33
8M,GCN4_YEAST_Staller_2018,4,0.6666666666666666,0.07820855614973263,0.047619047619047616,-3.0006115436553955,33
8M,GCN4_YEAST_Staller_2018,5,0.8333333333333334,0.20788770053475936,0.047619047619047616,-2.9490973949432373,33
8M,GCN4_YEAST_Staller_2018,6,1.0,0.35494652406417115,0.14285714285714285,-2.8438689708709717,33
8M,UBE4B_HUMAN_Tsuboyama_2023_3L1X,0,0.0,-0.061277979671962884,0.057971014492753624,-3.6183135509490967,1118
8M,UBE4B_HUMAN_Tsuboyama_2023_3L1X,1,0.16666666666666666,-0.22439630200589866,0.10144927536231885,-3.357656240463257,1118
8M,UBE4B_HUMAN_Tsuboyama_2023_3L1X,2,0.3333333333333333,-0.13839091486246646,0.10144927536231885,-3.0812690258026123,1118
8M,UBE4B_HUMAN_Tsuboyama_2023_3L1X,3,0.5,-0.13759834224750678,0.10144927536231885,-2.9970192909240723,1118
8M,UBE4B_HUMAN_Tsuboyama_2023_3L1X,4,0.6666666666666666,-0.1390086759934752,0.08695652173913043,-3.136093854904175,1118
8M,UBE4B_HUMAN_Tsuboyama_2023_3L1X,5,0.8333333333333334,-0.016154210126177404,0.14492753623188406,-2.9397401809692383,1118
8M,UBE4B_HUMAN_Tsuboyama_2023_3L1X,6,1.0,0.36790233505575354,0.391304347826087,-2.1213629245758057,1118
8M,A4GRB6_PSEAI_Chen_2020,0,0.0,0.008952822525891933,0.09022556390977443,-3.138474702835083,5004
8M,A4GRB6_PSEAI_Chen_2020,1,0.16666666666666666,-0.10011045816708727,0.07142857142857142,-3.400709629058838,5004
8M,A4GRB6_PSEAI_Chen_2020,2,0.3333333333333333,0.009304152857092912,0.09398496240601503,-2.9583590030670166,5004
8M,A4GRB6_PSEAI_Chen_2020,3,0.5,0.023113019210878237,0.11278195488721804,-2.816861867904663,5004
8M,A4GRB6_PSEAI_Chen_2020,4,0.6666666666666666,0.05545566835400609,0.09774436090225563,-2.7820091247558594,5004
8M,A4GRB6_PSEAI_Chen_2020,5,0.8333333333333334,0.17365278904785605,0.14661654135338345,-2.730023145675659,5004
8M,A4GRB6_PSEAI_Chen_2020,6,1.0,0.43052577460417396,0.2669172932330827,-2.2715790271759033,5004
8M,MTH3_HAEAE_RockahShmuel_2015,0,0.0,0.14021793560239196,0.0547112462006079,-3.543581962585449,1777
8M,MTH3_HAEAE_RockahShmuel_2015,1,0.16666666666666666,-0.046134393683683314,0.0668693009118541,-3.1583797931671143,1777
8M,MTH3_HAEAE_RockahShmuel_2015,2,0.3333333333333333,0.05766085512835579,0.05167173252279635,-3.133641004562378,1777
8M,MTH3_HAEAE_RockahShmuel_2015,3,0.5,0.06904554268782927,0.08206686930091185,-3.0366098880767822,1777
8M,MTH3_HAEAE_RockahShmuel_2015,4,0.6666666666666666,0.05209531214808483,0.06990881458966565,-2.9661052227020264,1777
8M,MTH3_HAEAE_RockahShmuel_2015,5,0.8333333333333334,0.07492650754915188,0.0972644376899696,-2.877268075942993,1777
8M,MTH3_HAEAE_RockahShmuel_2015,6,1.0,0.18969136085412505,0.270516717325228,-2.3357436656951904,1777
8M,YNZC_BACSU_Tsuboyama_2023_2JVD,0,0.0,-0.020696199425707745,0.02564102564102564,-3.7082340717315674,714
8M,YNZC_BACSU_Tsuboyama_2023_2JVD,1,0.16666666666666666,-0.14648292059396753,0.07692307692307693,-3.199907064437866,714
8M,YNZC_BACSU_Tsuboyama_2023_2JVD,2,0.3333333333333333,-0.09688236027646965,0.1794871794871795,-2.8276877403259277,714
8M,YNZC_BACSU_Tsuboyama_2023_2JVD,3,0.5,-0.08245131652441279,0.20512820512820512,-2.627552032470703,714
8M,YNZC_BACSU_Tsuboyama_2023_2JVD,4,0.6666666666666666,0.08620659103292548,0.2564102564102564,-2.4419150352478027,714
8M,YNZC_BACSU_Tsuboyama_2023_2JVD,5,0.8333333333333334,0.3029091855261313,0.2564102564102564,-2.4021403789520264,714
8M,YNZC_BACSU_Tsuboyama_2023_2JVD,6,1.0,0.38515394349071436,0.38461538461538464,-2.0126686096191406,714
8M,R1AB_SARS2_Flynn_2022,0,0.0,0.019821479071578663,0.052805280528052806,-3.431396484375,5725
8M,R1AB_SARS2_Flynn_2022,1,0.16666666666666666,-0.13803437143378983,0.0594059405940594,-3.3433210849761963,5725
8M,R1AB_SARS2_Flynn_2022,2,0.3333333333333333,0.021260435100579195,0.07260726072607261,-3.080124855041504,5725
8M,R1AB_SARS2_Flynn_2022,3,0.5,-0.03497256530203732,0.08250825082508251,-2.99432110786438,5725
8M,R1AB_SARS2_Flynn_2022,4,0.6666666666666666,-0.0787230011513419,0.07590759075907591,-2.968954563140869,5725
8M,R1AB_SARS2_Flynn_2022,5,0.8333333333333334,-0.058961365833717194,0.09900990099009901,-2.9382550716400146,5725
8M,R1AB_SARS2_Flynn_2022,6,1.0,-0.008632704017160622,0.1254125412541254,-2.8741343021392822,5725
8M,F7YBW8_MESOW_Ding_2023,0,0.0,0.09318517499660903,0.0,-3.4809372425079346,80
8M,F7YBW8_MESOW_Ding_2023,1,0.16666666666666666,-0.3067510548523207,0.3,-3.4302756786346436,80
8M,F7YBW8_MESOW_Ding_2023,2,0.3333333333333333,-0.04517112048757619,0.1,-3.113853931427002,80
8M,F7YBW8_MESOW_Ding_2023,3,0.5,-0.1257149554617909,0.1,-2.980097770690918,80
8M,F7YBW8_MESOW_Ding_2023,4,0.6666666666666666,-0.029442100328176277,0.0,-2.6828460693359375,80
8M,F7YBW8_MESOW_Ding_2023,5,0.8333333333333334,-0.11629160806375997,0.1,-2.4903976917266846,80
8M,F7YBW8_MESOW_Ding_2023,6,1.0,0.09552273792780124,0.2,-2.207714557647705,80
8M,KCNE1_HUMAN_Muhammad_2023_expression,0,0.0,0.06672409350206056,0.08661417322834646,-3.3825998306274414,2339
8M,KCNE1_HUMAN_Muhammad_2023_expression,1,0.16666666666666666,0.0733949739489011,0.047244094488188976,-3.4730224609375,2339
8M,KCNE1_HUMAN_Muhammad_2023_expression,2,0.3333333333333333,0.1132190467338043,0.047244094488188976,-3.115424633026123,2339
8M,KCNE1_HUMAN_Muhammad_2023_expression,3,0.5,0.18239022333535312,0.10236220472440945,-3.0604121685028076,2339
8M,KCNE1_HUMAN_Muhammad_2023_expression,4,0.6666666666666666,0.15302883330141412,0.06299212598425197,-2.9622962474823,2339
8M,KCNE1_HUMAN_Muhammad_2023_expression,5,0.8333333333333334,0.1131292132928023,0.09448818897637795,-2.8908603191375732,2339
8M,KCNE1_HUMAN_Muhammad_2023_expression,6,1.0,0.16280300160124944,0.05511811023622047,-2.838268518447876,2339
8M,RNC_ECOLI_Weeks_2023,0,0.0,0.08679481406085388,0.061946902654867256,-3.337566614151001,4277
8M,RNC_ECOLI_Weeks_2023,1,0.16666666666666666,-0.09026335529509066,0.084070796460177,-3.158245801925659,4277
8M,RNC_ECOLI_Weeks_2023,2,0.3333333333333333,0.09521681872220944,0.10176991150442478,-3.0580904483795166,4277
8M,RNC_ECOLI_Weeks_2023,3,0.5,0.09102277749121129,0.084070796460177,-2.941054105758667,4277
8M,RNC_ECOLI_Weeks_2023,4,0.6666666666666666,0.0587574750597858,0.12831858407079647,-2.8382458686828613,4277
8M,RNC_ECOLI_Weeks_2023,5,0.8333333333333334,0.039815247572353996,0.11061946902654868,-2.771388292312622,4277
8M,RNC_ECOLI_Weeks_2023,6,1.0,0.06398037789782465,0.21238938053097345,-2.5486884117126465,4277
8M,RASK_HUMAN_Weng_2022_binding-DARPin_K55,0,0.0,0.12236160094636095,0.05405405405405406,-3.6361331939697266,3084
8M,RASK_HUMAN_Weng_2022_binding-DARPin_K55,1,0.16666666666666666,-0.02660234493005822,0.07567567567567568,-3.2380423545837402,3084
8M,RASK_HUMAN_Weng_2022_binding-DARPin_K55,2,0.3333333333333333,0.12739017788529752,0.07567567567567568,-3.0944981575012207,3084
8M,RASK_HUMAN_Weng_2022_binding-DARPin_K55,3,0.5,0.13932873530764356,0.05945945945945946,-3.047273874282837,3084
8M,RASK_HUMAN_Weng_2022_binding-DARPin_K55,4,0.6666666666666666,0.19012133181647745,0.0918918918918919,-2.955777645111084,3084
8M,RASK_HUMAN_Weng_2022_binding-DARPin_K55,5,0.8333333333333334,0.319024949436937,0.13513513513513514,-2.8137052059173584,3084
8M,RASK_HUMAN_Weng_2022_binding-DARPin_K55,6,1.0,0.5120684777086157,0.42162162162162165,-1.7950491905212402,3084
8M,P84126_THETH_Chan_2017,0,0.0,-0.03160910758081759,0.0625,-2.918246269226074,1519
8M,P84126_THETH_Chan_2017,1,0.16666666666666666,-0.06728272403903185,0.0375,-3.7409794330596924,1519
8M,P84126_THETH_Chan_2017,2,0.3333333333333333,-0.007301055652341808,0.1125,-2.9923126697540283,1519
8M,P84126_THETH_Chan_2017,3,0.5,0.03387409297226572,0.1625,-2.6952080726623535,1519
8M,P84126_THETH_Chan_2017,4,0.6666666666666666,0.059859731535125006,0.2,-2.615037441253662,1519
8M,P84126_THETH_Chan_2017,5,0.8333333333333334,0.05904082069737554,0.225,-2.4793503284454346,1519
8M,P84126_THETH_Chan_2017,6,1.0,0.31890805462972627,0.4875,-1.6194770336151123,1519
8M,TAT_HV1BR_Fernandes_2016,0,0.0,-0.1628039114523338,0.08433734939759036,-3.716322183609009,1577
8M,TAT_HV1BR_Fernandes_2016,1,0.16666666666666666,-0.1755483630830446,0.012048192771084338,-3.292930841445923,1577
8M,TAT_HV1BR_Fernandes_2016,2,0.3333333333333333,-0.019720935980339346,0.04819277108433735,-3.2200427055358887,1577
8M,TAT_HV1BR_Fernandes_2016,3,0.5,-0.2310478269103227,0.060240963855421686,-3.3258395195007324,1577
8M,TAT_HV1BR_Fernandes_2016,4,0.6666666666666666,-0.2379159897626546,0.060240963855421686,-3.141807794570923,1577
8M,TAT_HV1BR_Fernandes_2016,5,0.8333333333333334,-0.13826872051308578,0.0963855421686747,-2.950371265411377,1577
8M,TAT_HV1BR_Fernandes_2016,6,1.0,-0.03399526110534774,0.1686746987951807,-2.7968978881835938,1577
8M,CBPA2_HUMAN_Tsuboyama_2023_1O6X,0,0.0,0.004293869435383715,0.05555555555555555,-3.5174598693847656,1357
8M,CBPA2_HUMAN_Tsuboyama_2023_1O6X,1,0.16666666666666666,-0.34171958079434833,0.0,-3.5399179458618164,1357
8M,CBPA2_HUMAN_Tsuboyama_2023_1O6X,2,0.3333333333333333,0.06893576848979796,0.041666666666666664,-3.1870744228363037,1357
8M,CBPA2_HUMAN_Tsuboyama_2023_1O6X,3,0.5,-0.07379220428746124,0.027777777777777776,-2.972897529602051,1357
8M,CBPA2_HUMAN_Tsuboyama_2023_1O6X,4,0.6666666666666666,-0.04841321774597701,0.06944444444444445,-2.862457752227783,1357
8M,CBPA2_HUMAN_Tsuboyama_2023_1O6X,5,0.8333333333333334,0.08636086893228496,0.1388888888888889,-2.778583526611328,1357
8M,CBPA2_HUMAN_Tsuboyama_2023_1O6X,6,1.0,0.27410697243840504,0.19444444444444445,-2.6645495891571045,1357
8M,DNJA1_HUMAN_Tsuboyama_2023_2LO1,0,0.0,0.06279478186745288,0.03076923076923077,-3.6046998500823975,1216
8M,DNJA1_HUMAN_Tsuboyama_2023_2LO1,1,0.16666666666666666,-0.3192306254848601,0.06153846153846154,-3.196633815765381,1216
8M,DNJA1_HUMAN_Tsuboyama_2023_2LO1,2,0.3333333333333333,-0.12878284968790096,0.13846153846153847,-2.889631509780884,1216
8M,DNJA1_HUMAN_Tsuboyama_2023_2LO1,3,0.5,0.024643405929535185,0.12307692307692308,-2.8721349239349365,1216
8M,DNJA1_HUMAN_Tsuboyama_2023_2LO1,4,0.6666666666666666,-0.04231153391711423,0.1076923076923077,-2.7576687335968018,1216
8M,DNJA1_HUMAN_Tsuboyama_2023_2LO1,5,0.8333333333333334,0.27477336044545464,0.27692307692307694,-2.5131101608276367,1216
8M,DNJA1_HUMAN_Tsuboyama_2023_2LO1,6,1.0,0.5905292242825941,0.5692307692307692,-1.5545872449874878,1216
8M,UBC9_HUMAN_Weile_2017,0,0.0,0.06759709029912245,0.04430379746835443,-3.625548839569092,2563
8M,UBC9_HUMAN_Weile_2017,1,0.16666666666666666,-0.11320164922742908,0.05063291139240506,-3.3538081645965576,2563
8M,UBC9_HUMAN_Weile_2017,2,0.3333333333333333,-0.03835799928570119,0.06962025316455696,-3.2182772159576416,2563
8M,UBC9_HUMAN_Weile_2017,3,0.5,0.005827175215417308,0.0949367088607595,-3.0516066551208496,2563
8M,UBC9_HUMAN_Weile_2017,4,0.6666666666666666,-0.007619183362083101,0.0949367088607595,-2.968635320663452,2563
8M,UBC9_HUMAN_Weile_2017,5,0.8333333333333334,-0.025553495894854172,0.0759493670886076,-2.860388994216919,2563
8M,UBC9_HUMAN_Weile_2017,6,1.0,0.000915146680105904,0.13924050632911392,-2.784369468688965,2563
8M,CASP3_HUMAN_Roychowdhury_2020,0,0.0,0.08562465232628845,0.08171206225680934,-3.547656297683716,1567
8M,CASP3_HUMAN_Roychowdhury_2020,1,0.16666666666666666,-0.07075649028912301,0.08560311284046693,-3.2019882202148438,1567
8M,CASP3_HUMAN_Roychowdhury_2020,2,0.3333333333333333,0.04271833486748719,0.058365758754863814,-3.136837959289551,1567
8M,CASP3_HUMAN_Roychowdhury_2020,3,0.5,0.0657662270139518,0.0622568093385214,-3.130854368209839,1567
8M,CASP3_HUMAN_Roychowdhury_2020,4,0.6666666666666666,0.08296811415042732,0.08171206225680934,-3.1005992889404297,1567
8M,CASP3_HUMAN_Roychowdhury_2020,5,0.8333333333333334,0.10276583750004928,0.0933852140077821,-3.0024867057800293,1567
8M,CASP3_HUMAN_Roychowdhury_2020,6,1.0,0.2640175012049433,0.2607003891050584,-2.3357295989990234,1567
8M,PHOT_CHLRE_Chen_2023,0,0.0,0.0438863530187519,0.03389830508474576,-3.3565080165863037,2122
8M,PHOT_CHLRE_Chen_2023,1,0.16666666666666666,-0.001420212957432759,0.0423728813559322,-3.2980241775512695,2122
8M,PHOT_CHLRE_Chen_2023,2,0.3333333333333333,0.11282913798172572,0.06779661016949153,-3.0356945991516113,2122
8M,PHOT_CHLRE_Chen_2023,3,0.5,0.06571265663097053,0.11864406779661017,-2.9424967765808105,2122
8M,PHOT_CHLRE_Chen_2023,4,0.6666666666666666,0.04316889545035279,0.09322033898305085,-2.9273874759674072,2122
8M,PHOT_CHLRE_Chen_2023,5,0.8333333333333334,0.19112388323632587,0.13559322033898305,-2.7074849605560303,2122
8M,PHOT_CHLRE_Chen_2023,6,1.0,0.5130817319182912,0.4576271186440678,-1.7267106771469116,2122
8M,Q6WV12_9MAXI_Somermeyer_2022,0,0.0,0.057219875586697624,0.06818181818181818,-3.3116071224212646,1141
8M,Q6WV12_9MAXI_Somermeyer_2022,1,0.16666666666666666,-0.010565770630846884,0.06818181818181818,-3.2876908779144287,1141
8M,Q6WV12_9MAXI_Somermeyer_2022,2,0.3333333333333333,0.023897403194468824,0.1,-3.1245038509368896,1141
8M,Q6WV12_9MAXI_Somermeyer_2022,3,0.5,0.05058919310567847,0.06363636363636363,-2.9895179271698,1141
8M,Q6WV12_9MAXI_Somermeyer_2022,4,0.6666666666666666,0.04361035549022115,0.08181818181818182,-2.9090166091918945,1141
8M,Q6WV12_9MAXI_Somermeyer_2022,5,0.8333333333333334,0.015913977782335786,0.07727272727272727,-2.9050769805908203,1141
8M,Q6WV12_9MAXI_Somermeyer_2022,6,1.0,0.0354316431543871,0.15454545454545454,-2.8200843334198,1141
8M,DYR_ECOLI_Nguyen_2023,0,0.0,0.10685374203568836,0.056962025316455694,-3.523815631866455,2916
8M,DYR_ECOLI_Nguyen_2023,1,0.16666666666666666,-0.09169422049126681,0.056962025316455694,-3.4343342781066895,2916
8M,DYR_ECOLI_Nguyen_2023,2,0.3333333333333333,0.015106153418928122,0.08227848101265822,-3.077073574066162,2916
8M,DYR_ECOLI_Nguyen_2023,3,0.5,0.0039510738481052295,0.06962025316455696,-2.9103941917419434,2916
8M,DYR_ECOLI_Nguyen_2023,4,0.6666666666666666,0.0005399412653848689,0.0949367088607595,-2.8517088890075684,2916
8M,DYR_ECOLI_Nguyen_2023,5,0.8333333333333334,0.03904674670646558,0.10126582278481013,-2.784092664718628,2916
8M,DYR_ECOLI_Nguyen_2023,6,1.0,0.1327763395966809,0.1962025316455696,-2.5345921516418457,2916
8M,VILI_CHICK_Tsuboyama_2023_1YU5,0,0.0,-0.03511109024009648,0.046153846153846156,-3.469698190689087,1202
8M,VILI_CHICK_Tsuboyama_2023_1YU5,1,0.16666666666666666,-0.2281171189684257,0.06153846153846154,-3.267216444015503,1202
8M,VILI_CHICK_Tsuboyama_2023_1YU5,2,0.3333333333333333,-0.03644300300217797,0.07692307692307693,-3.096597671508789,1202
8M,VILI_CHICK_Tsuboyama_2023_1YU5,3,0.5,-0.039005932655964005,0.07692307692307693,-2.890841245651245,1202
8M,VILI_CHICK_Tsuboyama_2023_1YU5,4,0.6666666666666666,-0.08280429362821214,0.046153846153846156,-2.9772090911865234,1202
8M,VILI_CHICK_Tsuboyama_2023_1YU5,5,0.8333333333333334,-0.004634455498768128,0.15384615384615385,-2.7834982872009277,1202
8M,VILI_CHICK_Tsuboyama_2023_1YU5,6,1.0,0.12169709488907596,0.18461538461538463,-2.651205539703369,1202
8M,MLAC_ECOLI_MacRae_2023,0,0.0,-0.028822585585599934,0.02843601895734597,-3.538386106491089,4007
8M,MLAC_ECOLI_MacRae_2023,1,0.16666666666666666,-0.12177972333459129,0.04739336492890995,-3.3984062671661377,4007
8M,MLAC_ECOLI_MacRae_2023,2,0.3333333333333333,-0.006237064870013264,0.04265402843601896,-3.196352005004883,4007
8M,MLAC_ECOLI_MacRae_2023,3,0.5,0.023127705947789214,0.08056872037914692,-2.90763783454895,4007
8M,MLAC_ECOLI_MacRae_2023,4,0.6666666666666666,-0.05443623612146914,0.15639810426540285,-2.80515718460083,4007
8M,MLAC_ECOLI_MacRae_2023,5,0.8333333333333334,0.012544586759885365,0.16113744075829384,-2.668063163757324,4007
8M,MLAC_ECOLI_MacRae_2023,6,1.0,-0.01118411767518911,0.2037914691943128,-2.509852170944214,4007
8M,RAD_ANTMA_Tsuboyama_2023_2CJJ,0,0.0,0.07352093720128675,0.018518518518518517,-3.7302029132843018,774
8M,RAD_ANTMA_Tsuboyama_2023_2CJJ,1,0.16666666666666666,0.04832086417464651,0.09259259259259259,-3.40285587310791,774
8M,RAD_ANTMA_Tsuboyama_2023_2CJJ,2,0.3333333333333333,0.008156981030509892,0.05555555555555555,-3.087229013442993,774
8M,RAD_ANTMA_Tsuboyama_2023_2CJJ,3,0.5,0.10701082773927635,0.1111111111111111,-2.973071336746216,774
8M,RAD_ANTMA_Tsuboyama_2023_2CJJ,4,0.6666666666666666,0.1680989846426678,0.12962962962962962,-2.791095495223999,774
8M,RAD_ANTMA_Tsuboyama_2023_2CJJ,5,0.8333333333333334,0.26540237905530717,0.18518518518518517,-2.7468199729919434,774
8M,RAD_ANTMA_Tsuboyama_2023_2CJJ,6,1.0,0.3226532765144715,0.24074074074074073,-2.4432754516601562,774
8M,NUD15_HUMAN_Suiter_2020,0,0.0,0.005207597326008824,0.049079754601226995,-3.4826884269714355,2844
8M,NUD15_HUMAN_Suiter_2020,1,0.16666666666666666,-0.12239387702473928,0.024539877300613498,-3.3713109493255615,2844
8M,NUD15_HUMAN_Suiter_2020,2,0.3333333333333333,0.0058743440333835556,0.06134969325153374,-3.148554801940918,2844
8M,NUD15_HUMAN_Suiter_2020,3,0.5,0.000779129022238123,0.06134969325153374,-3.104963779449463,2844
8M,NUD15_HUMAN_Suiter_2020,4,0.6666666666666666,-0.009187134864292073,0.05521472392638037,-3.0627191066741943,2844
8M,NUD15_HUMAN_Suiter_2020,5,0.8333333333333334,0.09308648244767789,0.17177914110429449,-2.992722511291504,2844
8M,NUD15_HUMAN_Suiter_2020,6,1.0,0.29883869403955576,0.25766871165644173,-2.4352428913116455,2844
8M,OTU7A_HUMAN_Tsuboyama_2023_2L2D,0,0.0,-0.056082230072072976,0.07142857142857142,-3.1654887199401855,635
8M,OTU7A_HUMAN_Tsuboyama_2023_2L2D,1,0.16666666666666666,-0.26336326062331306,0.047619047619047616,-3.359055995941162,635
8M,OTU7A_HUMAN_Tsuboyama_2023_2L2D,2,0.3333333333333333,0.043434141293614406,0.047619047619047616,-3.0127804279327393,635
8M,OTU7A_HUMAN_Tsuboyama_2023_2L2D,3,0.5,-0.048551197036921775,0.07142857142857142,-2.775334596633911,635
8M,OTU7A_HUMAN_Tsuboyama_2023_2L2D,4,0.6666666666666666,-0.07170654915085199,0.11904761904761904,-2.723052978515625,635
8M,OTU7A_HUMAN_Tsuboyama_2023_2L2D,5,0.8333333333333334,0.02049446813017785,0.14285714285714285,-2.734656810760498,635
8M,OTU7A_HUMAN_Tsuboyama_2023_2L2D,6,1.0,0.2051116450828954,0.19047619047619047,-2.6535046100616455,635
8M,AACC1_PSEAI_Dandage_2018,0,0.0,-0.0705184591211219,0.055900621118012424,-3.280951738357544,1801
8M,AACC1_PSEAI_Dandage_2018,1,0.16666666666666666,-0.12597147190906366,0.06832298136645963,-3.306015968322754,1801
8M,AACC1_PSEAI_Dandage_2018,2,0.3333333333333333,-0.01945581370169027,0.037267080745341616,-3.117123603820801,1801
8M,AACC1_PSEAI_Dandage_2018,3,0.5,0.055962968560835165,0.11180124223602485,-2.9327292442321777,1801
8M,AACC1_PSEAI_Dandage_2018,4,0.6666666666666666,-0.013417712204023676,0.11180124223602485,-2.904337167739868,1801
8M,AACC1_PSEAI_Dandage_2018,5,0.8333333333333334,0.1258995588866441,0.14906832298136646,-2.670276641845703,1801
8M,AACC1_PSEAI_Dandage_2018,6,1.0,0.19641212100299235,0.2670807453416149,-2.368274211883545,1801
8M,SPG2_STRSG_Tsuboyama_2023_5UBS,0,0.0,-0.08745151659107062,0.0,-3.6121714115142822,1029
8M,SPG2_STRSG_Tsuboyama_2023_5UBS,1,0.16666666666666666,-0.3565954733674664,0.03571428571428571,-3.5053188800811768,1029
8M,SPG2_STRSG_Tsuboyama_2023_5UBS,2,0.3333333333333333,-0.0881736358607081,0.07142857142857142,-2.915851593017578,1029
8M,SPG2_STRSG_Tsuboyama_2023_5UBS,3,0.5,-0.2716459609850837,0.07142857142857142,-2.903186321258545,1029
8M,SPG2_STRSG_Tsuboyama_2023_5UBS,4,0.6666666666666666,-0.2192996285169545,0.08928571428571429,-2.8514859676361084,1029
8M,SPG2_STRSG_Tsuboyama_2023_5UBS,5,0.8333333333333334,0.05487622573490125,0.21428571428571427,-2.4626266956329346,1029
8M,SPG2_STRSG_Tsuboyama_2023_5UBS,6,1.0,0.059971443528112005,0.2857142857142857,-2.0422306060791016,1029
8M,AMIE_PSEAE_Wrenbeck_2017,0,0.0,0.000835235626946182,0.0469208211143695,-3.499356985092163,6227
8M,AMIE_PSEAE_Wrenbeck_2017,1,0.16666666666666666,-0.12079593687439281,0.06451612903225806,-3.3468916416168213,6227
8M,AMIE_PSEAE_Wrenbeck_2017,2,0.3333333333333333,0.06380835752240786,0.05278592375366569,-3.1434431076049805,6227
8M,AMIE_PSEAE_Wrenbeck_2017,3,0.5,0.05335009981058616,0.06451612903225806,-3.0716540813446045,6227
8M,AMIE_PSEAE_Wrenbeck_2017,4,0.6666666666666666,0.0007316539995921688,0.09970674486803519,-3.062469244003296,6227
8M,AMIE_PSEAE_Wrenbeck_2017,5,0.8333333333333334,0.14546336460773085,0.12316715542521994,-2.9047837257385254,6227
8M,AMIE_PSEAE_Wrenbeck_2017,6,1.0,0.32638927893012193,0.2873900293255132,-2.5232431888580322,6227
8M,NUSG_MYCTU_Tsuboyama_2023_2MI6,0,0.0,-0.06510201105373979,0.07272727272727272,-3.3529930114746094,1019
8M,NUSG_MYCTU_Tsuboyama_2023_2MI6,1,0.16666666666666666,-0.3937372631205523,0.07272727272727272,-3.39095401763916,1019
8M,NUSG_MYCTU_Tsuboyama_2023_2MI6,2,0.3333333333333333,0.04912726609988628,0.09090909090909091,-2.9556455612182617,1019
8M,NUSG_MYCTU_Tsuboyama_2023_2MI6,3,0.5,-0.09442306564730425,0.07272727272727272,-2.877333879470825,1019
8M,NUSG_MYCTU_Tsuboyama_2023_2MI6,4,0.6666666666666666,-0.06747899921144616,0.10909090909090909,-2.729520559310913,1019
8M,NUSG_MYCTU_Tsuboyama_2023_2MI6,5,0.8333333333333334,0.20553702466042453,0.16363636363636364,-2.517986297607422,1019
8M,NUSG_MYCTU_Tsuboyama_2023_2MI6,6,1.0,0.36947503954393845,0.2,-2.397498369216919,1019
8M,SR43C_ARATH_Tsuboyama_2023_2N88,0,0.0,-0.054131151380431654,0.0625,-3.5008037090301514,889
8M,SR43C_ARATH_Tsuboyama_2023_2N88,1,0.16666666666666666,-0.29890538849664744,0.020833333333333332,-3.541600465774536,889
8M,SR43C_ARATH_Tsuboyama_2023_2N88,2,0.3333333333333333,-0.11385406273046722,0.020833333333333332,-3.1104516983032227,889
8M,SR43C_ARATH_Tsuboyama_2023_2N88,3,0.5,-0.10702393221193537,0.0625,-3.0328922271728516,889
8M,SR43C_ARATH_Tsuboyama_2023_2N88,4,0.6666666666666666,-0.07415091561778281,0.08333333333333333,-2.9291725158691406,889
8M,SR43C_ARATH_Tsuboyama_2023_2N88,5,0.8333333333333334,-0.020324873602764425,0.10416666666666667,-2.8866794109344482,889
8M,SR43C_ARATH_Tsuboyama_2023_2N88,6,1.0,-0.008331918576986258,0.0625,-2.9163856506347656,889
8M,SCIN_STAAR_Tsuboyama_2023_2QFF,0,0.0,-0.10782144173051522,0.07142857142857142,-3.5946362018585205,1212
8M,SCIN_STAAR_Tsuboyama_2023_2QFF,1,0.16666666666666666,-0.25621097403485577,0.11428571428571428,-3.109217643737793,1212
8M,SCIN_STAAR_Tsuboyama_2023_2QFF,2,0.3333333333333333,0.013818961883975535,0.014285714285714285,-2.9889285564422607,1212
8M,SCIN_STAAR_Tsuboyama_2023_2QFF,3,0.5,0.033638089186281805,0.11428571428571428,-2.8261494636535645,1212
8M,SCIN_STAAR_Tsuboyama_2023_2QFF,4,0.6666666666666666,0.010758372274189233,0.12857142857142856,-2.78466534614563,1212
8M,SCIN_STAAR_Tsuboyama_2023_2QFF,5,0.8333333333333334,0.09768394588139327,0.14285714285714285,-2.7751588821411133,1212
8M,SCIN_STAAR_Tsuboyama_2023_2QFF,6,1.0,0.20847879417141074,0.21428571428571427,-2.6560299396514893,1212
8M,VG08_BPP22_Tsuboyama_2023_2GP8,0,0.0,-0.115506830716505,0.05,-3.5183777809143066,723
8M,VG08_BPP22_Tsuboyama_2023_2GP8,1,0.16666666666666666,-0.29900097674625065,0.1,-2.992349624633789,723
8M,VG08_BPP22_Tsuboyama_2023_2GP8,2,0.3333333333333333,-0.18638602680695673,0.15,-2.8150246143341064,723
8M,VG08_BPP22_Tsuboyama_2023_2GP8,3,0.5,0.06674883587100447,0.15,-2.6495747566223145,723
8M,VG08_BPP22_Tsuboyama_2023_2GP8,4,0.6666666666666666,0.06738352089812139,0.125,-2.7005717754364014,723
8M,VG08_BPP22_Tsuboyama_2023_2GP8,5,0.8333333333333334,0.3111867133552348,0.175,-2.508101224899292,723
8M,VG08_BPP22_Tsuboyama_2023_2GP8,6,1.0,0.36023111057147306,0.175,-2.3958330154418945,723
8M,MET_HUMAN_Estevam_2023,0,0.0,0.028457045012680284,0.0627177700348432,-3.4917654991149902,5393
8M,MET_HUMAN_Estevam_2023,1,0.16666666666666666,-0.10572419865399632,0.05226480836236934,-3.3590550422668457,5393
8M,MET_HUMAN_Estevam_2023,2,0.3333333333333333,0.05022611099833842,0.07665505226480836,-3.101492166519165,5393
8M,MET_HUMAN_Estevam_2023,3,0.5,-0.041832289094834635,0.06620209059233449,-3.0475001335144043,5393
8M,MET_HUMAN_Estevam_2023,4,0.6666666666666666,-0.012262769724240235,0.09059233449477352,-3.003355026245117,5393
8M,MET_HUMAN_Estevam_2023,5,0.8333333333333334,0.16550136303537435,0.13240418118466898,-2.859809160232544,5393
8M,MET_HUMAN_Estevam_2023,6,1.0,0.4521273890836032,0.3902439024390244,-1.929872989654541,5393
8M,SRBS1_HUMAN_Tsuboyama_2023_2O2W,0,0.0,0.010600332084268867,0.029850746268656716,-3.520988941192627,1211
8M,SRBS1_HUMAN_Tsuboyama_2023_2O2W,1,0.16666666666666666,-0.2335311941223399,0.07462686567164178,-3.442138195037842,1211
8M,SRBS1_HUMAN_Tsuboyama_2023_2O2W,2,0.3333333333333333,0.011947791130738326,0.05970149253731343,-3.201744556427002,1211
8M,SRBS1_HUMAN_Tsuboyama_2023_2O2W,3,0.5,0.0255745835825231,0.1044776119402985,-3.0146777629852295,1211
8M,SRBS1_HUMAN_Tsuboyama_2023_2O2W,4,0.6666666666666666,0.05151048022751377,0.11940298507462686,-2.8462021350860596,1211
8M,SRBS1_HUMAN_Tsuboyama_2023_2O2W,5,0.8333333333333334,0.05914062316823979,0.11940298507462686,-2.8970658779144287,1211
8M,SRBS1_HUMAN_Tsuboyama_2023_2O2W,6,1.0,0.312587597623211,0.1791044776119403,-2.380532741546631,1211
8M,RBP1_HUMAN_Tsuboyama_2023_2KWH,0,0.0,-0.05644465745900231,0.038461538461538464,-3.561781883239746,975
8M,RBP1_HUMAN_Tsuboyama_2023_2KWH,1,0.16666666666666666,-0.2388223055431121,0.1346153846153846,-3.2985687255859375,975
8M,RBP1_HUMAN_Tsuboyama_2023_2KWH,2,0.3333333333333333,-0.03266921031303164,0.019230769230769232,-3.182406425476074,975
8M,RBP1_HUMAN_Tsuboyama_2023_2KWH,3,0.5,0.024366375705285732,0.09615384615384616,-3.044055461883545,975
8M,RBP1_HUMAN_Tsuboyama_2023_2KWH,4,0.6666666666666666,0.073139431006937,0.09615384615384616,-2.855700969696045,975
8M,RBP1_HUMAN_Tsuboyama_2023_2KWH,5,0.8333333333333334,0.2458241129389344,0.21153846153846154,-2.697622060775757,975
8M,RBP1_HUMAN_Tsuboyama_2023_2KWH,6,1.0,0.3308912299872343,0.3076923076923077,-2.5533065795898438,975
8M,ENVZ_ECOLI_Ghose_2023,0,0.0,-0.06227297817317952,0.05,-3.5287086963653564,1121
8M,ENVZ_ECOLI_Ghose_2023,1,0.16666666666666666,-0.08728820517196707,0.03333333333333333,-3.482245683670044,1121
8M,ENVZ_ECOLI_Ghose_2023,2,0.3333333333333333,-0.05164659927629583,0.03333333333333333,-3.140349864959717,1121
8M,ENVZ_ECOLI_Ghose_2023,3,0.5,-0.004427432332919123,0.11666666666666667,-2.965507984161377,1121
8M,ENVZ_ECOLI_Ghose_2023,4,0.6666666666666666,0.013752334577745691,0.18333333333333332,-2.752242088317871,1121
8M,ENVZ_ECOLI_Ghose_2023,5,0.8333333333333334,0.18550661980694896,0.18333333333333332,-2.7654459476470947,1121
8M,ENVZ_ECOLI_Ghose_2023,6,1.0,0.1940948021637545,0.3,-2.197218418121338,1121
8M,CCDB_ECOLI_Tripathi_2016,0,0.0,-0.054178195682338844,0.09,-3.5353996753692627,1663
8M,CCDB_ECOLI_Tripathi_2016,1,0.16666666666666666,-0.28331234979602066,0.06,-3.490931749343872,1663
8M,CCDB_ECOLI_Tripathi_2016,2,0.3333333333333333,-0.04572133378260556,0.04,-3.1444389820098877,1663
8M,CCDB_ECOLI_Tripathi_2016,3,0.5,-0.09105679516101867,0.04,-3.045320987701416,1663
8M,CCDB_ECOLI_Tripathi_2016,4,0.6666666666666666,-0.1662959507740265,0.11,-2.9496278762817383,1663
8M,CCDB_ECOLI_Tripathi_2016,5,0.8333333333333334,-0.1186272713756177,0.04,-2.894338369369507,1663
8M,CCDB_ECOLI_Tripathi_2016,6,1.0,-0.006534741554357981,0.06,-2.8708157539367676,1663
8M,BLAT_ECOLX_Deng_2012,0,0.0,0.037528037286984034,0.057034220532319393,-3.3547966480255127,4996
8M,BLAT_ECOLX_Deng_2012,1,0.16666666666666666,-0.030465943858834756,0.06844106463878327,-3.209726333618164,4996
8M,BLAT_ECOLX_Deng_2012,2,0.3333333333333333,0.0021163555002155685,0.08745247148288973,-3.0082175731658936,4996
8M,BLAT_ECOLX_Deng_2012,3,0.5,0.011687385489610819,0.11406844106463879,-2.9580960273742676,4996
8M,BLAT_ECOLX_Deng_2012,4,0.6666666666666666,-0.03870127692658191,0.08745247148288973,-2.955951690673828,4996
8M,BLAT_ECOLX_Deng_2012,5,0.8333333333333334,0.1359097480730671,0.155893536121673,-2.823673725128174,4996
8M,BLAT_ECOLX_Deng_2012,6,1.0,0.24303793817249308,0.2965779467680608,-2.3007006645202637,4996
8M,OXDA_RHOTO_Vanella_2023_expression,0,0.0,0.00963413681730074,0.07417582417582418,-3.275092124938965,6769
8M,OXDA_RHOTO_Vanella_2023_expression,1,0.16666666666666666,-0.10770230646267973,0.06318681318681318,-3.2749056816101074,6769
8M,OXDA_RHOTO_Vanella_2023_expression,2,0.3333333333333333,0.030924673039009413,0.09065934065934066,-2.9912209510803223,6769
8M,OXDA_RHOTO_Vanella_2023_expression,3,0.5,0.06174257811809302,0.10989010989010989,-2.9098503589630127,6769
8M,OXDA_RHOTO_Vanella_2023_expression,4,0.6666666666666666,0.03254264227691284,0.1043956043956044,-2.8782382011413574,6769
8M,OXDA_RHOTO_Vanella_2023_expression,5,0.8333333333333334,0.13352202498493645,0.12362637362637363,-2.759897470474243,6769
8M,OXDA_RHOTO_Vanella_2023_expression,6,1.0,0.2210094129623639,0.22802197802197802,-2.4938652515411377,6769
8M,TPMT_HUMAN_Matreyek_2018,0,0.0,0.014740312802997618,0.058091286307053944,-3.5847952365875244,3648
8M,TPMT_HUMAN_Matreyek_2018,1,0.16666666666666666,-0.17462038643306046,0.03734439834024896,-3.3870627880096436,3648
8M,TPMT_HUMAN_Matreyek_2018,2,0.3333333333333333,0.043926311710773436,0.07883817427385892,-3.222794532775879,3648
8M,TPMT_HUMAN_Matreyek_2018,3,0.5,-0.009728307930819299,0.07468879668049792,-3.039632797241211,3648
8M,TPMT_HUMAN_Matreyek_2018,4,0.6666666666666666,-0.03381273582717214,0.0912863070539419,-2.9699606895446777,3648
8M,TPMT_HUMAN_Matreyek_2018,5,0.8333333333333334,0.10487255922146266,0.1078838174273859,-2.908459186553955,3648
8M,TPMT_HUMAN_Matreyek_2018,6,1.0,0.30842878218976155,0.2033195020746888,-2.529649019241333,3648
8M,SQSTM_MOUSE_Tsuboyama_2023_2RRU,0,0.0,-0.0636857027752158,0.1,-3.236254930496216,707
8M,SQSTM_MOUSE_Tsuboyama_2023_2RRU,1,0.16666666666666666,-0.4925478901455916,0.05,-3.3378353118896484,707
8M,SQSTM_MOUSE_Tsuboyama_2023_2RRU,2,0.3333333333333333,-0.0940607981601513,0.125,-3.0582332611083984,707
8M,SQSTM_MOUSE_Tsuboyama_2023_2RRU,3,0.5,-0.002586132719000042,0.075,-2.8388707637786865,707
8M,SQSTM_MOUSE_Tsuboyama_2023_2RRU,4,0.6666666666666666,-0.18561553320413085,0.05,-2.836221933364868,707
8M,SQSTM_MOUSE_Tsuboyama_2023_2RRU,5,0.8333333333333334,-0.05997647895992914,0.075,-2.8521242141723633,707
8M,SQSTM_MOUSE_Tsuboyama_2023_2RRU,6,1.0,0.1856635138439936,0.175,-2.860567331314087,707
8M,RCRO_LAMBD_Tsuboyama_2023_1ORC,0,0.0,0.10417107538776017,0.047619047619047616,-3.4812307357788086,1195
8M,RCRO_LAMBD_Tsuboyama_2023_1ORC,1,0.16666666666666666,-0.30549763974994554,0.031746031746031744,-3.3217263221740723,1195
8M,RCRO_LAMBD_Tsuboyama_2023_1ORC,2,0.3333333333333333,-0.0295766767113861,0.07936507936507936,-2.9096317291259766,1195
8M,RCRO_LAMBD_Tsuboyama_2023_1ORC,3,0.5,0.0521730340455584,0.12698412698412698,-2.767096519470215,1195
8M,RCRO_LAMBD_Tsuboyama_2023_1ORC,4,0.6666666666666666,0.028167249254767986,0.09523809523809523,-2.7905609607696533,1195
8M,RCRO_LAMBD_Tsuboyama_2023_1ORC,5,0.8333333333333334,0.07395786534019085,0.12698412698412698,-2.837343215942383,1195
8M,RCRO_LAMBD_Tsuboyama_2023_1ORC,6,1.0,0.17295987219792167,0.20634920634920634,-2.5782253742218018,1195
8M,OPSD_HUMAN_Wan_2019,0,0.0,-0.06274330170277505,0.05504587155963303,-3.354678153991699,165
8M,OPSD_HUMAN_Wan_2019,1,0.16666666666666666,-0.10473379103999146,0.045871559633027525,-3.6117196083068848,165
8M,OPSD_HUMAN_Wan_2019,2,0.3333333333333333,0.0846018219218337,0.07339449541284404,-3.2165255546569824,165
8M,OPSD_HUMAN_Wan_2019,3,0.5,0.030804370475249115,0.10091743119266056,-3.0859577655792236,165
8M,OPSD_HUMAN_Wan_2019,4,0.6666666666666666,-0.0422087462933775,0.07339449541284404,-3.309633493423462,165
8M,OPSD_HUMAN_Wan_2019,5,0.8333333333333334,0.05773248203456844,0.1926605504587156,-2.8429713249206543,165
8M,OPSD_HUMAN_Wan_2019,6,1.0,0.29033205994710554,0.3761467889908257,-2.159165859222412,165
8M,A0A247D711_LISMN_Stadelmann_2021,0,0.0,-0.028918035527594164,0.09195402298850575,-3.64105224609375,1653
8M,A0A247D711_LISMN_Stadelmann_2021,1,0.16666666666666666,-0.18539174936356784,0.05747126436781609,-3.113769292831421,1653
8M,A0A247D711_LISMN_Stadelmann_2021,2,0.3333333333333333,-0.02274075220665471,0.06896551724137931,-2.9622907638549805,1653
8M,A0A247D711_LISMN_Stadelmann_2021,3,0.5,-0.006199818040736716,0.09195402298850575,-2.8444156646728516,1653
8M,A0A247D711_LISMN_Stadelmann_2021,4,0.6666666666666666,-0.05934804454127692,0.09195402298850575,-2.861614942550659,1653
8M,A0A247D711_LISMN_Stadelmann_2021,5,0.8333333333333334,-0.008993154301667966,0.13793103448275862,-2.6521048545837402,1653
8M,A0A247D711_LISMN_Stadelmann_2021,6,1.0,0.06394442810841913,0.1839080459770115,-2.4587974548339844,1653
8M,SERC_HUMAN_Xie_2023,0,0.0,0.06749367434322853,0.07377049180327869,-3.381720542907715,1914
8M,SERC_HUMAN_Xie_2023,1,0.16666666666666666,-0.03858880991308227,0.06557377049180328,-3.280038356781006,1914
8M,SERC_HUMAN_Xie_2023,2,0.3333333333333333,0.05600877504546472,0.06557377049180328,-3.1087543964385986,1914
8M,SERC_HUMAN_Xie_2023,3,0.5,0.07690619354185997,0.07103825136612021,-3.0829317569732666,1914
8M,SERC_HUMAN_Xie_2023,4,0.6666666666666666,0.03614617102287833,0.09562841530054644,-3.0336849689483643,1914
8M,SERC_HUMAN_Xie_2023,5,0.8333333333333334,0.057919156742939515,0.12295081967213115,-2.9317352771759033,1914
8M,SERC_HUMAN_Xie_2023,6,1.0,0.18280897268490792,0.1885245901639344,-2.5463504791259766,1914
8M,ISDH_STAAW_Tsuboyama_2023_2LHR,0,0.0,0.08938815530167694,0.01818181818181818,-3.758668899536133,940
8M,ISDH_STAAW_Tsuboyama_2023_2LHR,1,0.16666666666666666,-0.188829500086361,0.05454545454545454,-3.219528913497925,940
8M,ISDH_STAAW_Tsuboyama_2023_2LHR,2,0.3333333333333333,0.004433957530149811,0.12727272727272726,-3.037297248840332,940
8M,ISDH_STAAW_Tsuboyama_2023_2LHR,3,0.5,0.09615591245022503,0.09090909090909091,-2.9969170093536377,940
8M,ISDH_STAAW_Tsuboyama_2023_2LHR,4,0.6666666666666666,0.0553771708274426,0.14545454545454545,-2.8472437858581543,940
8M,ISDH_STAAW_Tsuboyama_2023_2LHR,5,0.8333333333333334,0.12937707157186665,0.21818181818181817,-2.650956392288208,940
8M,ISDH_STAAW_Tsuboyama_2023_2LHR,6,1.0,0.2117429315257164,0.2545454545454545,-2.5672950744628906,940
35M,HEM3_HUMAN_Loggerenberg_2023,0,0.0,0.1339903360299961,0.12573099415204678,-3.278595209121704,5689
35M,HEM3_HUMAN_Loggerenberg_2023,1,0.08333333333333333,0.14959719248550066,0.12573099415204678,-3.3597283363342285,5689
35M,HEM3_HUMAN_Loggerenberg_2023,2,0.16666666666666666,0.13893172467559847,0.06140350877192982,-3.368194818496704,5689
35M,HEM3_HUMAN_Loggerenberg_2023,3,0.25,0.11328147421776348,0.07309941520467836,-3.112074851989746,5689
35M,HEM3_HUMAN_Loggerenberg_2023,4,0.3333333333333333,0.1077775171180134,0.09649122807017543,-2.9461562633514404,5689
35M,HEM3_HUMAN_Loggerenberg_2023,5,0.4166666666666667,0.03085718424473507,0.11988304093567251,-2.8859915733337402,5689
35M,HEM3_HUMAN_Loggerenberg_2023,6,0.5,0.011590903792072685,0.1023391812865497,-2.8582711219787598,5689
35M,HEM3_HUMAN_Loggerenberg_2023,7,0.5833333333333334,0.04919918241943884,0.09649122807017543,-2.8752291202545166,5689
35M,HEM3_HUMAN_Loggerenberg_2023,8,0.6666666666666666,0.05773191965116366,0.07309941520467836,-2.9125468730926514,5689
35M,HEM3_HUMAN_Loggerenberg_2023,9,0.75,0.06962428515723762,0.10818713450292397,-2.7890539169311523,5689
35M,HEM3_HUMAN_Loggerenberg_2023,10,0.8333333333333334,0.19862681560520207,0.19298245614035087,-2.6253721714019775,5689
35M,HEM3_HUMAN_Loggerenberg_2023,11,0.9166666666666666,0.3130408934380928,0.3362573099415205,-2.1732516288757324,5689
35M,HEM3_HUMAN_Loggerenberg_2023,12,1.0,0.38723506132601526,0.47953216374269003,-1.5904901027679443,5689
35M,OTC_HUMAN_Lo_2023,0,0.0,0.14137637915080867,0.13664596273291926,-3.337088108062744,1570
35M,OTC_HUMAN_Lo_2023,1,0.08333333333333333,0.13748339399879256,0.13664596273291926,-3.366105079650879,1570
35M,OTC_HUMAN_Lo_2023,2,0.16666666666666666,0.14510825519200263,0.06521739130434782,-3.437389373779297,1570
35M,OTC_HUMAN_Lo_2023,3,0.25,0.06196898930159851,0.08695652173913043,-3.171243906021118,1570
35M,OTC_HUMAN_Lo_2023,4,0.3333333333333333,0.06766646696495478,0.08695652173913043,-3.05816650390625,1570
35M,OTC_HUMAN_Lo_2023,5,0.4166666666666667,0.0447732749391898,0.09937888198757763,-2.9349656105041504,1570
35M,OTC_HUMAN_Lo_2023,6,0.5,-0.006849024498320193,0.13043478260869565,-2.9260828495025635,1570
35M,OTC_HUMAN_Lo_2023,7,0.5833333333333334,0.011319848648853704,0.11490683229813664,-2.939284324645996,1570
35M,OTC_HUMAN_Lo_2023,8,0.6666666666666666,0.07967196289762843,0.06521739130434782,-2.946033477783203,1570
35M,OTC_HUMAN_Lo_2023,9,0.75,0.15728396677697665,0.09937888198757763,-2.8879168033599854,1570
35M,OTC_HUMAN_Lo_2023,10,0.8333333333333334,0.2300259310159894,0.10869565217391304,-2.7971608638763428,1570
35M,OTC_HUMAN_Lo_2023,11,0.9166666666666666,0.33203849537897784,0.2422360248447205,-2.5163471698760986,1570
35M,OTC_HUMAN_Lo_2023,12,1.0,0.41071607854514497,0.36024844720496896,-2.0966219902038574,1570
35M,P53_HUMAN_Kotler_2018,0,0.0,0.06961528008093609,0.07368421052631578,-3.6020925045013428,1048
35M,P53_HUMAN_Kotler_2018,1,0.08333333333333333,0.14885095843175636,0.07368421052631578,-3.334378480911255,1048
35M,P53_HUMAN_Kotler_2018,2,0.16666666666666666,0.13860516237218234,0.06842105263157895,-3.3909995555877686,1048
35M,P53_HUMAN_Kotler_2018,3,0.25,0.08074450776744106,0.07894736842105263,-3.3146979808807373,1048
35M,P53_HUMAN_Kotler_2018,4,0.3333333333333333,0.06562828332255786,0.06842105263157895,-3.21212100982666,1048
35M,P53_HUMAN_Kotler_2018,5,0.4166666666666667,-0.08421113966568813,0.03684210526315789,-3.2168447971343994,1048
35M,P53_HUMAN_Kotler_2018,6,0.5,-0.09662560060648179,0.042105263157894736,-3.1226260662078857,1048
35M,P53_HUMAN_Kotler_2018,7,0.5833333333333334,-0.07909386620481884,0.06842105263157895,-3.0437779426574707,1048
35M,P53_HUMAN_Kotler_2018,8,0.6666666666666666,-0.007158142297986388,0.08947368421052632,-2.9920506477355957,1048
35M,P53_HUMAN_Kotler_2018,9,0.75,0.009374931387035794,0.09473684210526316,-2.9441990852355957,1048
35M,P53_HUMAN_Kotler_2018,10,0.8333333333333334,0.023368431407918114,0.10526315789473684,-2.9363458156585693,1048
35M,P53_HUMAN_Kotler_2018,11,0.9166666666666666,0.06821714885294972,0.10526315789473684,-2.853682041168213,1048
35M,P53_HUMAN_Kotler_2018,12,1.0,0.10816979112946995,0.12631578947368421,-2.771063804626465,1048
35M,RASH_HUMAN_Bandaru_2017,0,0.0,0.08746888298130197,0.06666666666666667,-3.470595598220825,3134
35M,RASH_HUMAN_Bandaru_2017,1,0.08333333333333333,0.09261527322693607,0.06666666666666667,-3.42836332321167,3134
35M,RASH_HUMAN_Bandaru_2017,2,0.16666666666666666,0.12674157594084906,0.048484848484848485,-3.3757309913635254,3134
35M,RASH_HUMAN_Bandaru_2017,3,0.25,0.08886469867497401,0.04242424242424243,-3.1913232803344727,3134
35M,RASH_HUMAN_Bandaru_2017,4,0.3333333333333333,0.0639627149691338,0.048484848484848485,-3.1407604217529297,3134
35M,RASH_HUMAN_Bandaru_2017,5,0.4166666666666667,0.02396542547699567,0.04242424242424243,-3.067945957183838,3134
35M,RASH_HUMAN_Bandaru_2017,6,0.5,0.005128005011298976,0.048484848484848485,-3.0254547595977783,3134
35M,RASH_HUMAN_Bandaru_2017,7,0.5833333333333334,0.015352689980889834,0.11515151515151516,-2.888003349304199,3134
35M,RASH_HUMAN_Bandaru_2017,8,0.6666666666666666,0.15957715542284318,0.1393939393939394,-2.789924383163452,3134
35M,RASH_HUMAN_Bandaru_2017,9,0.75,0.23246760034113528,0.15151515151515152,-2.6725804805755615,3134
35M,RASH_HUMAN_Bandaru_2017,10,0.8333333333333334,0.31534534572292056,0.21212121212121213,-2.5031728744506836,3134
35M,RASH_HUMAN_Bandaru_2017,11,0.9166666666666666,0.4530192760852331,0.36363636363636365,-1.9782177209854126,3134
35M,RASH_HUMAN_Bandaru_2017,12,1.0,0.5135136532652147,0.5151515151515151,-1.4151006937026978,3134
35M,TPK1_HUMAN_Weile_2017,0,0.0,0.09401585141967062,0.12448132780082988,-3.430447816848755,3181
35M,TPK1_HUMAN_Weile_2017,1,0.08333333333333333,0.08487697102383379,0.12863070539419086,-3.411604881286621,3181
35M,TPK1_HUMAN_Weile_2017,2,0.16666666666666666,0.09149695057855516,0.06639004149377593,-3.389162063598633,3181
35M,TPK1_HUMAN_Weile_2017,3,0.25,0.06694323107815836,0.08713692946058091,-3.2024247646331787,3181
35M,TPK1_HUMAN_Weile_2017,4,0.3333333333333333,0.03235852259007281,0.04979253112033195,-3.136796236038208,3181
35M,TPK1_HUMAN_Weile_2017,5,0.4166666666666667,0.016309370472495265,0.0954356846473029,-3.1110246181488037,3181
35M,TPK1_HUMAN_Weile_2017,6,0.5,0.011663271591418991,0.0912863070539419,-3.102755069732666,3181
35M,TPK1_HUMAN_Weile_2017,7,0.5833333333333334,0.025023059669004824,0.058091286307053944,-3.0159521102905273,3181
35M,TPK1_HUMAN_Weile_2017,8,0.6666666666666666,0.06948248819773778,0.08298755186721991,-2.9522571563720703,3181
35M,TPK1_HUMAN_Weile_2017,9,0.75,0.09630784892093802,0.1078838174273859,-2.8954739570617676,3181
35M,TPK1_HUMAN_Weile_2017,10,0.8333333333333334,0.10602680759547845,0.17012448132780084,-2.757650852203369,3181
35M,TPK1_HUMAN_Weile_2017,11,0.9166666666666666,0.18292260396551016,0.27800829875518673,-2.342015504837036,3181
35M,TPK1_HUMAN_Weile_2017,12,1.0,0.19870823572925236,0.43983402489626555,-1.8377760648727417,3181
35M,RPC1_LAMBD_Li_2019_low-expression,0,0.0,0.07583173135917466,0.13559322033898305,-3.2676029205322266,351
35M,RPC1_LAMBD_Li_2019_low-expression,1,0.08333333333333333,0.20492091242091243,0.13559322033898305,-3.3400063514709473,351
35M,RPC1_LAMBD_Li_2019_low-expression,2,0.16666666666666666,0.1815284715284715,0.1016949152542373,-3.422243356704712,351
35M,RPC1_LAMBD_Li_2019_low-expression,3,0.25,0.1071001221001221,0.0847457627118644,-3.2495241165161133,351
35M,RPC1_LAMBD_Li_2019_low-expression,4,0.3333333333333333,0.13216422466422467,0.1016949152542373,-3.161642551422119,351
35M,RPC1_LAMBD_Li_2019_low-expression,5,0.4166666666666667,-0.0564019314019314,0.1016949152542373,-2.9467525482177734,351
35M,RPC1_LAMBD_Li_2019_low-expression,6,0.5,-0.0026229326229326227,0.11864406779661017,-2.94348406791687,351
35M,RPC1_LAMBD_Li_2019_low-expression,7,0.5833333333333334,-0.03195498945498945,0.15254237288135594,-2.9037117958068848,351
35M,RPC1_LAMBD_Li_2019_low-expression,8,0.6666666666666666,0.020011655011655013,0.15254237288135594,-2.8924615383148193,351
35M,RPC1_LAMBD_Li_2019_low-expression,9,0.75,0.03712398712398712,0.23728813559322035,-2.7580554485321045,351
35M,RPC1_LAMBD_Li_2019_low-expression,10,0.8333333333333334,0.1503959928959929,0.2542372881355932,-2.525068998336792,351
35M,RPC1_LAMBD_Li_2019_low-expression,11,0.9166666666666666,0.2640750915750916,0.2711864406779661,-2.353593111038208,351
35M,RPC1_LAMBD_Li_2019_low-expression,12,1.0,0.2628515928515929,0.3220338983050847,-2.062812566757202,351
35M,RPC1_BP434_Tsuboyama_2023_1R69,0,0.0,0.2351102278234617,0.14754098360655737,-3.177859306335449,1124
35M,RPC1_BP434_Tsuboyama_2023_1R69,1,0.08333333333333333,0.20880049942483753,0.13114754098360656,-3.327754020690918,1124
35M,RPC1_BP434_Tsuboyama_2023_1R69,2,0.16666666666666666,0.26261157360020027,0.08196721311475409,-3.463195562362671,1124
35M,RPC1_BP434_Tsuboyama_2023_1R69,3,0.25,0.09833349706186507,0.01639344262295082,-3.297567367553711,1124
35M,RPC1_BP434_Tsuboyama_2023_1R69,4,0.3333333333333333,0.06573802378605857,0.11475409836065574,-3.0473275184631348,1124
35M,RPC1_BP434_Tsuboyama_2023_1R69,5,0.4166666666666667,0.18027053868799572,0.13114754098360656,-2.848858594894409,1124
35M,RPC1_BP434_Tsuboyama_2023_1R69,6,0.5,0.10184534942309459,0.11475409836065574,-2.774374008178711,1124
35M,RPC1_BP434_Tsuboyama_2023_1R69,7,0.5833333333333334,0.11185282600727378,0.08196721311475409,-2.7609140872955322,1124
35M,RPC1_BP434_Tsuboyama_2023_1R69,8,0.6666666666666666,0.22223507825695663,0.11475409836065574,-2.7046773433685303,1124
35M,RPC1_BP434_Tsuboyama_2023_1R69,9,0.75,0.2369000759489125,0.18032786885245902,-2.6384806632995605,1124
35M,RPC1_BP434_Tsuboyama_2023_1R69,10,0.8333333333333334,0.36585009015632375,0.3442622950819672,-2.3272523880004883,1124
35M,RPC1_BP434_Tsuboyama_2023_1R69,11,0.9166666666666666,0.5069993883947105,0.4426229508196721,-1.95255708694458,1124
35M,RPC1_BP434_Tsuboyama_2023_1R69,12,1.0,0.6812118023976195,0.47540983606557374,-1.7391084432601929,1124
35M,SPA_STAAU_Tsuboyama_2023_1LP1,0,0.0,0.17108771882434098,0.12727272727272726,-3.3942739963531494,1035
35M,SPA_STAAU_Tsuboyama_2023_1LP1,1,0.08333333333333333,0.19608401366033193,0.12727272727272726,-3.5413641929626465,1035
35M,SPA_STAAU_Tsuboyama_2023_1LP1,2,0.16666666666666666,0.21755971524704185,0.07272727272727272,-3.6530284881591797,1035
35M,SPA_STAAU_Tsuboyama_2023_1LP1,3,0.25,-0.020749315938955164,0.05454545454545454,-3.415938138961792,1035
35M,SPA_STAAU_Tsuboyama_2023_1LP1,4,0.3333333333333333,-0.08042624841884786,0.05454545454545454,-3.041954755783081,1035
35M,SPA_STAAU_Tsuboyama_2023_1LP1,5,0.4166666666666667,-0.053190223032961254,0.12727272727272726,-2.750447988510132,1035
35M,SPA_STAAU_Tsuboyama_2023_1LP1,6,0.5,-0.09066470028542185,0.14545454545454545,-2.771519660949707,1035
35M,SPA_STAAU_Tsuboyama_2023_1LP1,7,0.5833333333333334,-0.07892126541525248,0.16363636363636364,-2.7987961769104004,1035
35M,SPA_STAAU_Tsuboyama_2023_1LP1,8,0.6666666666666666,-0.025344638943158835,0.16363636363636364,-2.78607177734375,1035
35M,SPA_STAAU_Tsuboyama_2023_1LP1,9,0.75,0.05707298177233424,0.18181818181818182,-2.7764976024627686,1035
35M,SPA_STAAU_Tsuboyama_2023_1LP1,10,0.8333333333333334,0.08399225179983738,0.2,-2.8238282203674316,1035
35M,SPA_STAAU_Tsuboyama_2023_1LP1,11,0.9166666666666666,0.12492752973789055,0.18181818181818182,-2.804685115814209,1035
35M,SPA_STAAU_Tsuboyama_2023_1LP1,12,1.0,0.14152632876037133,0.18181818181818182,-2.750109910964966,1035
35M,B2L11_HUMAN_Dutta_2010_binding-Mcl-1,0,0.0,0.08607399528300248,0.1,-3.185424566268921,170
35M,B2L11_HUMAN_Dutta_2010_binding-Mcl-1,1,0.08333333333333333,-0.13825391882072047,0.1,-3.491785764694214,170
35M,B2L11_HUMAN_Dutta_2010_binding-Mcl-1,2,0.16666666666666666,-0.20791152960717146,0.0,-3.2627251148223877,170
35M,B2L11_HUMAN_Dutta_2010_binding-Mcl-1,3,0.25,-0.28640885192445087,0.0,-3.0289251804351807,170
35M,B2L11_HUMAN_Dutta_2010_binding-Mcl-1,4,0.3333333333333333,0.04984703317639731,0.0,-3.0034639835357666,170
35M,B2L11_HUMAN_Dutta_2010_binding-Mcl-1,5,0.4166666666666667,0.00568511428239935,0.2,-2.9563076496124268,170
35M,B2L11_HUMAN_Dutta_2010_binding-Mcl-1,6,0.5,0.05780741446376122,0.2,-2.966803789138794,170
35M,B2L11_HUMAN_Dutta_2010_binding-Mcl-1,7,0.5833333333333334,0.17482672919681733,0.2,-2.825251579284668,170
35M,B2L11_HUMAN_Dutta_2010_binding-Mcl-1,8,0.6666666666666666,0.1576211674330274,0.0,-2.8647286891937256,170
35M,B2L11_HUMAN_Dutta_2010_binding-Mcl-1,9,0.75,0.1808843375406843,0.1,-2.775879383087158,170
35M,B2L11_HUMAN_Dutta_2010_binding-Mcl-1,10,0.8333333333333334,0.2343622718473874,0.2,-2.675955295562744,170
35M,B2L11_HUMAN_Dutta_2010_binding-Mcl-1,11,0.9166666666666666,0.2485781107833978,0.1,-2.6654000282287598,170
35M,B2L11_HUMAN_Dutta_2010_binding-Mcl-1,12,1.0,0.12268000317535921,0.2,-2.6163647174835205,170
35M,SBI_STAAM_Tsuboyama_2023_2JVG,0,0.0,0.16944227985580415,0.08928571428571429,-3.50612473487854,1025
35M,SBI_STAAM_Tsuboyama_2023_2JVG,1,0.08333333333333333,0.15012878200328056,0.125,-3.627899408340454,1025
35M,SBI_STAAM_Tsuboyama_2023_2JVG,2,0.16666666666666666,0.14664592916488375,0.14285714285714285,-3.8283798694610596,1025
35M,SBI_STAAM_Tsuboyama_2023_2JVG,3,0.25,0.12668134226572528,0.08928571428571429,-3.511133909225464,1025
35M,SBI_STAAM_Tsuboyama_2023_2JVG,4,0.3333333333333333,0.16804361004136356,0.16071428571428573,-3.224700450897217,1025
35M,SBI_STAAM_Tsuboyama_2023_2JVG,5,0.4166666666666667,0.1993120854728284,0.125,-2.733924388885498,1025
35M,SBI_STAAM_Tsuboyama_2023_2JVG,6,0.5,0.12288643515546996,0.10714285714285714,-2.6515939235687256,1025
35M,SBI_STAAM_Tsuboyama_2023_2JVG,7,0.5833333333333334,0.14891171016973326,0.125,-2.738877773284912,1025
35M,SBI_STAAM_Tsuboyama_2023_2JVG,8,0.6666666666666666,0.1566670455355869,0.10714285714285714,-2.7574479579925537,1025
35M,SBI_STAAM_Tsuboyama_2023_2JVG,9,0.75,0.16913679173798316,0.10714285714285714,-2.7242114543914795,1025
35M,SBI_STAAM_Tsuboyama_2023_2JVG,10,0.8333333333333334,0.21132257568463841,0.14285714285714285,-2.7544026374816895,1025
35M,SBI_STAAM_Tsuboyama_2023_2JVG,11,0.9166666666666666,0.23776552025388673,0.10714285714285714,-2.7217020988464355,1025
35M,SBI_STAAM_Tsuboyama_2023_2JVG,12,1.0,0.26606885682451253,0.14285714285714285,-2.7058143615722656,1025
35M,D7PM05_CLYGR_Somermeyer_2022,0,0.0,0.06768604881049899,0.0641025641025641,-3.5800859928131104,1169
35M,D7PM05_CLYGR_Somermeyer_2022,1,0.08333333333333333,0.12296138008178498,0.0641025641025641,-3.515298843383789,1169
35M,D7PM05_CLYGR_Somermeyer_2022,2,0.16666666666666666,0.12655435676979196,0.0641025641025641,-3.463534355163574,1169
35M,D7PM05_CLYGR_Somermeyer_2022,3,0.25,0.09958863592852092,0.08547008547008547,-3.1392505168914795,1169
35M,D7PM05_CLYGR_Somermeyer_2022,4,0.3333333333333333,0.07113305649108352,0.042735042735042736,-3.1200931072235107,1169
35M,D7PM05_CLYGR_Somermeyer_2022,5,0.4166666666666667,-0.04081579429519486,0.08547008547008547,-3.0629966259002686,1169
35M,D7PM05_CLYGR_Somermeyer_2022,6,0.5,-0.05627120189320096,0.07264957264957266,-3.0211679935455322,1169
35M,D7PM05_CLYGR_Somermeyer_2022,7,0.5833333333333334,-0.018552008856960713,0.05128205128205128,-2.9702582359313965,1169
35M,D7PM05_CLYGR_Somermeyer_2022,8,0.6666666666666666,0.013257275725780449,0.06837606837606838,-2.959695816040039,1169
35M,D7PM05_CLYGR_Somermeyer_2022,9,0.75,0.017059366644214584,0.09401709401709402,-2.899660348892212,1169
35M,D7PM05_CLYGR_Somermeyer_2022,10,0.8333333333333334,0.02426389977095505,0.06837606837606838,-2.901912212371826,1169
35M,D7PM05_CLYGR_Somermeyer_2022,11,0.9166666666666666,0.0027477745864173523,0.09401709401709402,-2.8743886947631836,1169
35M,D7PM05_CLYGR_Somermeyer_2022,12,1.0,-0.02159904286302259,0.12393162393162394,-2.825921058654785,1169
35M,ARGR_ECOLI_Tsuboyama_2023_1AOY,0,0.0,0.19346974246871773,0.10144927536231885,-3.361236333847046,1287
35M,ARGR_ECOLI_Tsuboyama_2023_1AOY,1,0.08333333333333333,0.25239295719044186,0.10144927536231885,-3.4247004985809326,1287
35M,ARGR_ECOLI_Tsuboyama_2023_1AOY,2,0.16666666666666666,0.26493434102129754,0.11594202898550725,-3.391418218612671,1287
35M,ARGR_ECOLI_Tsuboyama_2023_1AOY,3,0.25,0.09551220861992384,0.07246376811594203,-3.1364145278930664,1287
35M,ARGR_ECOLI_Tsuboyama_2023_1AOY,4,0.3333333333333333,0.057125211885506705,0.18840579710144928,-2.8646914958953857,1287
35M,ARGR_ECOLI_Tsuboyama_2023_1AOY,5,0.4166666666666667,0.08063965921157078,0.08695652173913043,-2.8274295330047607,1287
35M,ARGR_ECOLI_Tsuboyama_2023_1AOY,6,0.5,-0.014106000159823948,0.07246376811594203,-2.8340609073638916,1287
35M,ARGR_ECOLI_Tsuboyama_2023_1AOY,7,0.5833333333333334,0.05547815607657382,0.14492753623188406,-2.762387752532959,1287
35M,ARGR_ECOLI_Tsuboyama_2023_1AOY,8,0.6666666666666666,0.10731051129320114,0.057971014492753624,-2.8016982078552246,1287
35M,ARGR_ECOLI_Tsuboyama_2023_1AOY,9,0.75,0.20583139221992422,0.17391304347826086,-2.6997904777526855,1287
35M,ARGR_ECOLI_Tsuboyama_2023_1AOY,10,0.8333333333333334,0.2973024282274401,0.17391304347826086,-2.666607141494751,1287
35M,ARGR_ECOLI_Tsuboyama_2023_1AOY,11,0.9166666666666666,0.23881681574899513,0.36231884057971014,-2.4316415786743164,1287
35M,ARGR_ECOLI_Tsuboyama_2023_1AOY,12,1.0,0.2967669290612019,0.30434782608695654,-2.288820266723633,1287
35M,BCHB_CHLTE_Tsuboyama_2023_2KRU,0,0.0,0.15954948007362843,0.057692307692307696,-3.567713737487793,890
35M,BCHB_CHLTE_Tsuboyama_2023_2KRU,1,0.08333333333333333,0.3204316433547612,0.038461538461538464,-3.5448083877563477,890
35M,BCHB_CHLTE_Tsuboyama_2023_2KRU,2,0.16666666666666666,0.3270608793921189,0.09615384615384616,-3.538937568664551,890
35M,BCHB_CHLTE_Tsuboyama_2023_2KRU,3,0.25,0.2991339480590123,0.11538461538461539,-3.2685279846191406,890
35M,BCHB_CHLTE_Tsuboyama_2023_2KRU,4,0.3333333333333333,0.19941660339784734,0.1346153846153846,-3.0319676399230957,890
35M,BCHB_CHLTE_Tsuboyama_2023_2KRU,5,0.4166666666666667,0.001372428037915077,0.17307692307692307,-2.808838129043579,890
35M,BCHB_CHLTE_Tsuboyama_2023_2KRU,6,0.5,-0.08961495577438248,0.09615384615384616,-2.8701887130737305,890
35M,BCHB_CHLTE_Tsuboyama_2023_2KRU,7,0.5833333333333334,-0.03498519954328148,0.07692307692307693,-2.866163969039917,890
35M,BCHB_CHLTE_Tsuboyama_2023_2KRU,8,0.6666666666666666,0.09874083240446155,0.09615384615384616,-2.8690247535705566,890
35M,BCHB_CHLTE_Tsuboyama_2023_2KRU,9,0.75,0.03756262676903215,0.11538461538461539,-2.881803274154663,890
35M,BCHB_CHLTE_Tsuboyama_2023_2KRU,10,0.8333333333333334,0.10840462272825363,0.057692307692307696,-2.9249796867370605,890
35M,BCHB_CHLTE_Tsuboyama_2023_2KRU,11,0.9166666666666666,0.09508056470809724,0.057692307692307696,-2.8823606967926025,890
35M,BCHB_CHLTE_Tsuboyama_2023_2KRU,12,1.0,0.05884493413468023,0.057692307692307696,-2.803985357284546,890
35M,LYAM1_HUMAN_Elazar_2016,0,0.0,0.32825919713691787,0.13043478260869565,-3.11173677444458,359
35M,LYAM1_HUMAN_Elazar_2016,1,0.08333333333333333,0.4670875068786875,0.13043478260869565,-2.9056496620178223,359
35M,LYAM1_HUMAN_Elazar_2016,2,0.16666666666666666,0.37225821080296384,0.08695652173913043,-2.748643398284912,359
35M,LYAM1_HUMAN_Elazar_2016,3,0.25,-0.0258033660776214,0.043478260869565216,-3.291149377822876,359
35M,LYAM1_HUMAN_Elazar_2016,4,0.3333333333333333,-0.23144171370412073,0.043478260869565216,-3.78814959526062,359
35M,LYAM1_HUMAN_Elazar_2016,5,0.4166666666666667,-0.04587502826202451,0.17391304347826086,-2.926417589187622,359
35M,LYAM1_HUMAN_Elazar_2016,6,0.5,0.07826157378124474,0.13043478260869565,-2.7932937145233154,359
35M,LYAM1_HUMAN_Elazar_2016,7,0.5833333333333334,-0.1342300756699294,0.08695652173913043,-2.9904346466064453,359
35M,LYAM1_HUMAN_Elazar_2016,8,0.6666666666666666,0.24313802585925842,0.08695652173913043,-2.6050117015838623,359
35M,LYAM1_HUMAN_Elazar_2016,9,0.75,0.35508112457277974,0.17391304347826086,-2.5088746547698975,359
35M,LYAM1_HUMAN_Elazar_2016,10,0.8333333333333334,0.33543247689322236,0.17391304347826086,-2.528529405593872,359
35M,LYAM1_HUMAN_Elazar_2016,11,0.9166666666666666,0.41353363714212676,0.17391304347826086,-2.476469039916992,359
35M,LYAM1_HUMAN_Elazar_2016,12,1.0,0.36339280197118096,0.21739130434782608,-2.4037773609161377,359
35M,PR40A_HUMAN_Tsuboyama_2023_1UZC,0,0.0,0.13362927608745573,0.06349206349206349,-3.6904702186584473,1163
35M,PR40A_HUMAN_Tsuboyama_2023_1UZC,1,0.08333333333333333,0.09110069114578204,0.06349206349206349,-3.5589163303375244,1163
35M,PR40A_HUMAN_Tsuboyama_2023_1UZC,2,0.16666666666666666,0.15153078982681814,0.09523809523809523,-3.6180665493011475,1163
35M,PR40A_HUMAN_Tsuboyama_2023_1UZC,3,0.25,0.09379238950999502,0.047619047619047616,-3.347851276397705,1163
35M,PR40A_HUMAN_Tsuboyama_2023_1UZC,4,0.3333333333333333,0.16357387909294804,0.06349206349206349,-3.151536226272583,1163
35M,PR40A_HUMAN_Tsuboyama_2023_1UZC,5,0.4166666666666667,0.12062773995852596,0.12698412698412698,-2.804661750793457,1163
35M,PR40A_HUMAN_Tsuboyama_2023_1UZC,6,0.5,0.029510197329269492,0.09523809523809523,-2.8408100605010986,1163
35M,PR40A_HUMAN_Tsuboyama_2023_1UZC,7,0.5833333333333334,0.08111109512504511,0.1111111111111111,-2.8309731483459473,1163
35M,PR40A_HUMAN_Tsuboyama_2023_1UZC,8,0.6666666666666666,0.05800050992329623,0.15873015873015872,-2.813047409057617,1163
35M,PR40A_HUMAN_Tsuboyama_2023_1UZC,9,0.75,0.0599870396911252,0.1746031746031746,-2.779947280883789,1163
35M,PR40A_HUMAN_Tsuboyama_2023_1UZC,10,0.8333333333333334,0.07831927194390033,0.1746031746031746,-2.8074631690979004,1163
35M,PR40A_HUMAN_Tsuboyama_2023_1UZC,11,0.9166666666666666,0.059320853023466624,0.14285714285714285,-2.7705907821655273,1163
35M,PR40A_HUMAN_Tsuboyama_2023_1UZC,12,1.0,0.10140496516259026,0.19047619047619047,-2.6555018424987793,1163
35M,GCN4_YEAST_Staller_2018,0,0.0,0.17224084120778527,0.14285714285714285,-3.5136966705322266,33
35M,GCN4_YEAST_Staller_2018,1,0.08333333333333333,0.19752673796791445,0.14285714285714285,-3.473750114440918,33
35M,GCN4_YEAST_Staller_2018,2,0.16666666666666666,-0.032754010695187165,0.0,-3.6900205612182617,33
35M,GCN4_YEAST_Staller_2018,3,0.25,-0.2620320855614973,0.0,-3.820101499557495,33
35M,GCN4_YEAST_Staller_2018,4,0.3333333333333333,0.07921122994652408,0.0,-3.626476526260376,33
35M,GCN4_YEAST_Staller_2018,5,0.4166666666666667,0.1557486631016043,0.09523809523809523,-3.0450658798217773,33
35M,GCN4_YEAST_Staller_2018,6,0.5,0.22393048128342247,0.047619047619047616,-3.1348724365234375,33
35M,GCN4_YEAST_Staller_2018,7,0.5833333333333334,0.21925133689839574,0.19047619047619047,-2.952610731124878,33
35M,GCN4_YEAST_Staller_2018,8,0.6666666666666666,0.2219251336898396,0.09523809523809523,-2.9937875270843506,33
35M,GCN4_YEAST_Staller_2018,9,0.75,0.2600267379679145,0.19047619047619047,-2.9335334300994873,33
35M,GCN4_YEAST_Staller_2018,10,0.8333333333333334,0.3168449197860963,0.09523809523809523,-2.9894027709960938,33
35M,GCN4_YEAST_Staller_2018,11,0.9166666666666666,0.3285427807486631,0.09523809523809523,-2.94201922416687,33
35M,GCN4_YEAST_Staller_2018,12,1.0,0.40340909090909094,0.19047619047619047,-2.817204713821411,33
35M,UBE4B_HUMAN_Tsuboyama_2023_3L1X,0,0.0,-0.049994568591602645,0.13043478260869565,-3.4159135818481445,1118
35M,UBE4B_HUMAN_Tsuboyama_2023_3L1X,1,0.08333333333333333,0.006445736592257805,0.11594202898550725,-3.3135716915130615,1118
35M,UBE4B_HUMAN_Tsuboyama_2023_3L1X,2,0.16666666666666666,-0.010178091013340234,0.11594202898550725,-3.299943447113037,1118
35M,UBE4B_HUMAN_Tsuboyama_2023_3L1X,3,0.25,-0.08858809602492623,0.057971014492753624,-3.1005916595458984,1118
35M,UBE4B_HUMAN_Tsuboyama_2023_3L1X,4,0.3333333333333333,-0.13906542081274856,0.028985507246376812,-3.1516990661621094,1118
35M,UBE4B_HUMAN_Tsuboyama_2023_3L1X,5,0.4166666666666667,-0.10705522859134778,0.10144927536231885,-2.97871470451355,1118
35M,UBE4B_HUMAN_Tsuboyama_2023_3L1X,6,0.5,-0.17121631579804064,0.057971014492753624,-3.0354020595550537,1118
35M,UBE4B_HUMAN_Tsuboyama_2023_3L1X,7,0.5833333333333334,-0.1789777155460612,0.07246376811594203,-3.055593729019165,1118
35M,UBE4B_HUMAN_Tsuboyama_2023_3L1X,8,0.6666666666666666,-0.13569502929681004,0.08695652173913043,-3.0371909141540527,1118
35M,UBE4B_HUMAN_Tsuboyama_2023_3L1X,9,0.75,-0.044807776259196457,0.08695652173913043,-2.976896047592163,1118
35M,UBE4B_HUMAN_Tsuboyama_2023_3L1X,10,0.8333333333333334,0.12861466184027134,0.18840579710144928,-2.6752777099609375,1118
35M,UBE4B_HUMAN_Tsuboyama_2023_3L1X,11,0.9166666666666666,0.30606192031947954,0.42028985507246375,-2.0502800941467285,1118
35M,UBE4B_HUMAN_Tsuboyama_2023_3L1X,12,1.0,0.5114154702770478,0.5362318840579711,-1.4737049341201782,1118
35M,A4GRB6_PSEAI_Chen_2020,0,0.0,0.034200659235540116,0.10150375939849623,-3.2375965118408203,5004
35M,A4GRB6_PSEAI_Chen_2020,1,0.08333333333333333,0.008923193364466932,0.10150375939849623,-3.1870031356811523,5004
35M,A4GRB6_PSEAI_Chen_2020,2,0.16666666666666666,0.030293308981935756,0.06766917293233082,-3.2205185890197754,5004
35M,A4GRB6_PSEAI_Chen_2020,3,0.25,-0.011774247090876057,0.08270676691729323,-3.054858922958374,5004
35M,A4GRB6_PSEAI_Chen_2020,4,0.3333333333333333,0.06344253876605876,0.09774436090225563,-2.9397711753845215,5004
35M,A4GRB6_PSEAI_Chen_2020,5,0.4166666666666667,0.01122586396873179,0.07142857142857142,-2.9863698482513428,5004
35M,A4GRB6_PSEAI_Chen_2020,6,0.5,-0.06332042070304765,0.07518796992481203,-2.981584310531616,5004
35M,A4GRB6_PSEAI_Chen_2020,7,0.5833333333333334,0.03345533015315902,0.12406015037593984,-2.870312213897705,5004
35M,A4GRB6_PSEAI_Chen_2020,8,0.6666666666666666,0.047373056365774054,0.12406015037593984,-2.810945749282837,5004
35M,A4GRB6_PSEAI_Chen_2020,9,0.75,0.15280545321634942,0.15037593984962405,-2.743367910385132,5004
35M,A4GRB6_PSEAI_Chen_2020,10,0.8333333333333334,0.22843170933382043,0.17293233082706766,-2.6288485527038574,5004
35M,A4GRB6_PSEAI_Chen_2020,11,0.9166666666666666,0.4264164917303967,0.23308270676691728,-2.3561859130859375,5004
35M,A4GRB6_PSEAI_Chen_2020,12,1.0,0.5279513529715788,0.3233082706766917,-2.0435147285461426,5004
35M,MTH3_HAEAE_RockahShmuel_2015,0,0.0,0.1592141413158787,0.0790273556231003,-3.5985705852508545,1777
35M,MTH3_HAEAE_RockahShmuel_2015,1,0.08333333333333333,0.20195771522595501,0.0790273556231003,-3.582444667816162,1777
35M,MTH3_HAEAE_RockahShmuel_2015,2,0.16666666666666666,0.18259682038133418,0.06990881458966565,-3.528782606124878,1777
35M,MTH3_HAEAE_RockahShmuel_2015,3,0.25,0.13266996115581753,0.06382978723404255,-3.2786777019500732,1777
35M,MTH3_HAEAE_RockahShmuel_2015,4,0.3333333333333333,0.07525928646420606,0.057750759878419454,-3.1296286582946777,1777
35M,MTH3_HAEAE_RockahShmuel_2015,5,0.4166666666666667,-0.11250001374713005,0.0972644376899696,-2.9781131744384766,1777
35M,MTH3_HAEAE_RockahShmuel_2015,6,0.5,-0.07860499116183352,0.08206686930091185,-2.98382306098938,1777
35M,MTH3_HAEAE_RockahShmuel_2015,7,0.5833333333333334,-0.011510125500759404,0.08206686930091185,-2.990358352661133,1777
35M,MTH3_HAEAE_RockahShmuel_2015,8,0.6666666666666666,0.036295715598679806,0.09422492401215805,-2.9479405879974365,1777
35M,MTH3_HAEAE_RockahShmuel_2015,9,0.75,0.07291217836049216,0.0729483282674772,-2.8617279529571533,1777
35M,MTH3_HAEAE_RockahShmuel_2015,10,0.8333333333333334,0.20073133155094366,0.1884498480243161,-2.6409313678741455,1777
35M,MTH3_HAEAE_RockahShmuel_2015,11,0.9166666666666666,0.30207269164928624,0.2796352583586626,-2.2968227863311768,1777
35M,MTH3_HAEAE_RockahShmuel_2015,12,1.0,0.35160025283589774,0.40425531914893614,-1.9426610469818115,1777
35M,YNZC_BACSU_Tsuboyama_2023_2JVD,0,0.0,0.10309643909030115,0.07692307692307693,-3.5512499809265137,714
35M,YNZC_BACSU_Tsuboyama_2023_2JVD,1,0.08333333333333333,0.09443679000646246,0.07692307692307693,-3.6231348514556885,714
35M,YNZC_BACSU_Tsuboyama_2023_2JVD,2,0.16666666666666666,0.07657296090593672,0.07692307692307693,-3.852696418762207,714
35M,YNZC_BACSU_Tsuboyama_2023_2JVD,3,0.25,0.017574983386385086,0.07692307692307693,-3.4521992206573486,714
35M,YNZC_BACSU_Tsuboyama_2023_2JVD,4,0.3333333333333333,0.16588409527935968,0.05128205128205128,-3.118159055709839,714
35M,YNZC_BACSU_Tsuboyama_2023_2JVD,5,0.4166666666666667,0.15760978564377623,0.1794871794871795,-2.5457117557525635,714
35M,YNZC_BACSU_Tsuboyama_2023_2JVD,6,0.5,0.07798169984458242,0.20512820512820512,-2.5065715312957764,714
35M,YNZC_BACSU_Tsuboyama_2023_2JVD,7,0.5833333333333334,0.14243011340610545,0.1794871794871795,-2.549074649810791,714
35M,YNZC_BACSU_Tsuboyama_2023_2JVD,8,0.6666666666666666,0.1659335137266001,0.3076923076923077,-2.4409093856811523,714
35M,YNZC_BACSU_Tsuboyama_2023_2JVD,9,0.75,0.15901143654629335,0.2564102564102564,-2.3054072856903076,714
35M,YNZC_BACSU_Tsuboyama_2023_2JVD,10,0.8333333333333334,0.16639449981583465,0.28205128205128205,-2.3383467197418213,714
35M,YNZC_BACSU_Tsuboyama_2023_2JVD,11,0.9166666666666666,0.19707788292888528,0.3076923076923077,-2.266315460205078,714
35M,YNZC_BACSU_Tsuboyama_2023_2JVD,12,1.0,0.38385267896034325,0.46153846153846156,-2.019742250442505,714
35M,R1AB_SARS2_Flynn_2022,0,0.0,0.04081447763647552,0.0924092409240924,-3.4865431785583496,5725
35M,R1AB_SARS2_Flynn_2022,1,0.08333333333333333,0.11890792918670048,0.0858085808580858,-3.3180336952209473,5725
35M,R1AB_SARS2_Flynn_2022,2,0.16666666666666666,0.13024048280967804,0.06930693069306931,-3.3055527210235596,5725
35M,R1AB_SARS2_Flynn_2022,3,0.25,0.0253334087716314,0.066006600660066,-3.206604242324829,5725
35M,R1AB_SARS2_Flynn_2022,4,0.3333333333333333,-0.007165996354595113,0.066006600660066,-3.158475160598755,5725
35M,R1AB_SARS2_Flynn_2022,5,0.4166666666666667,-0.13968610390392455,0.06930693069306931,-3.194854736328125,5725
35M,R1AB_SARS2_Flynn_2022,6,0.5,-0.16582242202912947,0.066006600660066,-3.1216838359832764,5725
35M,R1AB_SARS2_Flynn_2022,7,0.5833333333333334,-0.1270167171643612,0.07260726072607261,-3.036590576171875,5725
35M,R1AB_SARS2_Flynn_2022,8,0.6666666666666666,-0.0806210570994407,0.07920792079207921,-3.0001440048217773,5725
35M,R1AB_SARS2_Flynn_2022,9,0.75,-0.05731220625942719,0.10561056105610561,-2.9783239364624023,5725
35M,R1AB_SARS2_Flynn_2022,10,0.8333333333333334,-0.05971598039463611,0.0891089108910891,-2.968881845474243,5725
35M,R1AB_SARS2_Flynn_2022,11,0.9166666666666666,-0.04519081833171739,0.09570957095709572,-2.935999631881714,5725
35M,R1AB_SARS2_Flynn_2022,12,1.0,-0.026348469750222606,0.12871287128712872,-2.9057114124298096,5725
35M,F7YBW8_MESOW_Ding_2023,0,0.0,0.229665184254397,0.2,-2.827136993408203,80
35M,F7YBW8_MESOW_Ding_2023,1,0.08333333333333333,0.3146741678387248,0.2,-2.8810105323791504,80
35M,F7YBW8_MESOW_Ding_2023,2,0.16666666666666666,0.33691983122362873,0.2,-2.949725389480591,80
35M,F7YBW8_MESOW_Ding_2023,3,0.25,0.025339896858884204,0.1,-3.082454204559326,80
35M,F7YBW8_MESOW_Ding_2023,4,0.3333333333333333,0.11612751992498828,0.1,-2.873697280883789,80
35M,F7YBW8_MESOW_Ding_2023,5,0.4166666666666667,0.0022503516174402255,0.1,-2.5602893829345703,80
35M,F7YBW8_MESOW_Ding_2023,6,0.5,-0.25358649789029536,0.0,-2.6695303916931152,80
35M,F7YBW8_MESOW_Ding_2023,7,0.5833333333333334,-0.09315518049695265,0.0,-2.7003772258758545,80
35M,F7YBW8_MESOW_Ding_2023,8,0.6666666666666666,0.24643694327238633,0.2,-2.6457631587982178,80
35M,F7YBW8_MESOW_Ding_2023,9,0.75,0.03481012658227848,0.3,-2.486459970474243,80
35M,F7YBW8_MESOW_Ding_2023,10,0.8333333333333334,-0.21003281762775433,0.2,-2.514573335647583,80
35M,F7YBW8_MESOW_Ding_2023,11,0.9166666666666666,0.1783872480075012,0.3,-2.2559711933135986,80
35M,F7YBW8_MESOW_Ding_2023,12,1.0,0.22205813408345057,0.5,-1.9506099224090576,80
35M,KCNE1_HUMAN_Muhammad_2023_expression,0,0.0,0.09343325850786197,0.11023622047244094,-3.3720529079437256,2339
35M,KCNE1_HUMAN_Muhammad_2023_expression,1,0.08333333333333333,-0.06904288290212465,0.11023622047244094,-3.306558132171631,2339
35M,KCNE1_HUMAN_Muhammad_2023_expression,2,0.16666666666666666,-0.08976977664968251,0.11023622047244094,-3.291905641555786,2339
35M,KCNE1_HUMAN_Muhammad_2023_expression,3,0.25,0.012752045251987648,0.047244094488188976,-3.207204580307007,2339
35M,KCNE1_HUMAN_Muhammad_2023_expression,4,0.3333333333333333,0.08674653101296304,0.047244094488188976,-3.1429879665374756,2339
35M,KCNE1_HUMAN_Muhammad_2023_expression,5,0.4166666666666667,0.05960820068773464,0.11023622047244094,-2.95931077003479,2339
35M,KCNE1_HUMAN_Muhammad_2023_expression,6,0.5,0.15949025326951813,0.09448818897637795,-2.938223361968994,2339
35M,KCNE1_HUMAN_Muhammad_2023_expression,7,0.5833333333333334,0.14107043396211955,0.08661417322834646,-2.962610960006714,2339
35M,KCNE1_HUMAN_Muhammad_2023_expression,8,0.6666666666666666,0.17321612993211222,0.07874015748031496,-2.934925079345703,2339
35M,KCNE1_HUMAN_Muhammad_2023_expression,9,0.75,0.19060244642803337,0.10236220472440945,-2.9128520488739014,2339
35M,KCNE1_HUMAN_Muhammad_2023_expression,10,0.8333333333333334,0.21265009973194285,0.07086614173228346,-2.8906302452087402,2339
35M,KCNE1_HUMAN_Muhammad_2023_expression,11,0.9166666666666666,0.21536210450993107,0.08661417322834646,-2.8884472846984863,2339
35M,KCNE1_HUMAN_Muhammad_2023_expression,12,1.0,0.1769203508613103,0.07874015748031496,-2.862238645553589,2339
35M,RNC_ECOLI_Weeks_2023,0,0.0,0.08196287175744411,0.13716814159292035,-3.2225568294525146,4277
35M,RNC_ECOLI_Weeks_2023,1,0.08333333333333333,0.10781339815325806,0.14601769911504425,-3.3335976600646973,4277
35M,RNC_ECOLI_Weeks_2023,2,0.16666666666666666,0.11622119738197743,0.10176991150442478,-3.4427547454833984,4277
35M,RNC_ECOLI_Weeks_2023,3,0.25,0.08161694612988729,0.09292035398230089,-3.126559257507324,4277
35M,RNC_ECOLI_Weeks_2023,4,0.3333333333333333,0.06071820714133128,0.08849557522123894,-3.02803373336792,4277
35M,RNC_ECOLI_Weeks_2023,5,0.4166666666666667,0.000675653564581903,0.09292035398230089,-2.905139446258545,4277
35M,RNC_ECOLI_Weeks_2023,6,0.5,-0.011925691556399678,0.11061946902654868,-2.8687870502471924,4277
35M,RNC_ECOLI_Weeks_2023,7,0.5833333333333334,0.03264408620513993,0.11061946902654868,-2.793700695037842,4277
35M,RNC_ECOLI_Weeks_2023,8,0.6666666666666666,0.09297327955991062,0.11946902654867257,-2.8126134872436523,4277
35M,RNC_ECOLI_Weeks_2023,9,0.75,0.17733877792993294,0.19911504424778761,-2.7191081047058105,4277
35M,RNC_ECOLI_Weeks_2023,10,0.8333333333333334,0.25922429581049805,0.23008849557522124,-2.523996114730835,4277
35M,RNC_ECOLI_Weeks_2023,11,0.9166666666666666,0.401474641328523,0.37610619469026546,-2.0676050186157227,4277
35M,RNC_ECOLI_Weeks_2023,12,1.0,0.5570607645571413,0.48672566371681414,-1.5530674457550049,4277
35M,RASK_HUMAN_Weng_2022_binding-DARPin_K55,0,0.0,0.11340663932558039,0.05945945945945946,-3.6180942058563232,3084
35M,RASK_HUMAN_Weng_2022_binding-DARPin_K55,1,0.08333333333333333,0.05047778734043193,0.05945945945945946,-3.596637010574341,3084
35M,RASK_HUMAN_Weng_2022_binding-DARPin_K55,2,0.16666666666666666,0.057520813687235266,0.05945945945945946,-3.4765312671661377,3084
35M,RASK_HUMAN_Weng_2022_binding-DARPin_K55,3,0.25,0.13001919676813034,0.05405405405405406,-3.325246810913086,3084
35M,RASK_HUMAN_Weng_2022_binding-DARPin_K55,4,0.3333333333333333,0.13421213442860955,0.021621621621621623,-3.2792134284973145,3084
35M,RASK_HUMAN_Weng_2022_binding-DARPin_K55,5,0.4166666666666667,0.03659329244974638,0.06486486486486487,-3.042038917541504,3084
35M,RASK_HUMAN_Weng_2022_binding-DARPin_K55,6,0.5,0.06539012730725084,0.07567567567567568,-3.0069124698638916,3084
35M,RASK_HUMAN_Weng_2022_binding-DARPin_K55,7,0.5833333333333334,0.12517275130666244,0.10270270270270271,-2.9049391746520996,3084
35M,RASK_HUMAN_Weng_2022_binding-DARPin_K55,8,0.6666666666666666,0.18410383990858137,0.13513513513513514,-2.778221368789673,3084
35M,RASK_HUMAN_Weng_2022_binding-DARPin_K55,9,0.75,0.248401437224105,0.15675675675675677,-2.6403961181640625,3084
35M,RASK_HUMAN_Weng_2022_binding-DARPin_K55,10,0.8333333333333334,0.28433097453068884,0.23243243243243245,-2.473404884338379,3084
35M,RASK_HUMAN_Weng_2022_binding-DARPin_K55,11,0.9166666666666666,0.4231084171505288,0.3837837837837838,-1.96753990650177,3084
35M,RASK_HUMAN_Weng_2022_binding-DARPin_K55,12,1.0,0.5200064724189981,0.518918918918919,-1.4355405569076538,3084
35M,P84126_THETH_Chan_2017,0,0.0,-0.04957525614290234,0.175,-2.856039047241211,1519
35M,P84126_THETH_Chan_2017,1,0.08333333333333333,-0.006437289637842598,0.15,-2.981628894805908,1519
35M,P84126_THETH_Chan_2017,2,0.16666666666666666,-0.007699080721809705,0.0875,-2.98720121383667,1519
35M,P84126_THETH_Chan_2017,3,0.25,-0.0881269308374714,0.1,-2.7895100116729736,1519
35M,P84126_THETH_Chan_2017,4,0.3333333333333333,-0.04820603922947447,0.1625,-2.7459137439727783,1519
35M,P84126_THETH_Chan_2017,5,0.4166666666666667,-0.0385260380410742,0.0625,-2.8187098503112793,1519
35M,P84126_THETH_Chan_2017,6,0.5,-0.016845250183741334,0.0875,-2.778137683868408,1519
35M,P84126_THETH_Chan_2017,7,0.5833333333333334,0.04817025540535418,0.1,-2.792126178741455,1519
35M,P84126_THETH_Chan_2017,8,0.6666666666666666,0.06522381116737522,0.1,-2.9199278354644775,1519
35M,P84126_THETH_Chan_2017,9,0.75,0.13168206925650763,0.1625,-2.7960171699523926,1519
35M,P84126_THETH_Chan_2017,10,0.8333333333333334,0.21986978620252154,0.275,-2.3492226600646973,1519
35M,P84126_THETH_Chan_2017,11,0.9166666666666666,0.3352335962534818,0.4,-1.7966419458389282,1519
35M,P84126_THETH_Chan_2017,12,1.0,0.5513599404574151,0.6875,-0.7733664512634277,1519
35M,TAT_HV1BR_Fernandes_2016,0,0.0,-0.1784220311487703,0.03614457831325301,-3.91225266456604,1577
35M,TAT_HV1BR_Fernandes_2016,1,0.08333333333333333,-0.05439526023729949,0.04819277108433735,-3.488919973373413,1577
35M,TAT_HV1BR_Fernandes_2016,2,0.16666666666666666,-0.05955783426633559,0.04819277108433735,-3.681978940963745,1577
35M,TAT_HV1BR_Fernandes_2016,3,0.25,-0.06519566745857557,0.08433734939759036,-3.4084925651550293,1577
35M,TAT_HV1BR_Fernandes_2016,4,0.3333333333333333,-0.03806935558803327,0.0963855421686747,-3.29705548286438,1577
35M,TAT_HV1BR_Fernandes_2016,5,0.4166666666666667,-0.19546815545752136,0.060240963855421686,-3.207796096801758,1577
35M,TAT_HV1BR_Fernandes_2016,6,0.5,-0.20629512439284253,0.08433734939759036,-3.0511491298675537,1577
35M,TAT_HV1BR_Fernandes_2016,7,0.5833333333333334,-0.23556050962511374,0.08433734939759036,-3.0261728763580322,1577
35M,TAT_HV1BR_Fernandes_2016,8,0.6666666666666666,-0.17878052377264533,0.13253012048192772,-2.9411230087280273,1577
35M,TAT_HV1BR_Fernandes_2016,9,0.75,-0.18426981514576898,0.13253012048192772,-2.875882625579834,1577
35M,TAT_HV1BR_Fernandes_2016,10,0.8333333333333334,-0.12501529723411686,0.1686746987951807,-2.826380968093872,1577
35M,TAT_HV1BR_Fernandes_2016,11,0.9166666666666666,0.04464564250139588,0.25301204819277107,-2.6843185424804688,1577
35M,TAT_HV1BR_Fernandes_2016,12,1.0,-0.007650394774813638,0.1927710843373494,-2.755882740020752,1577
35M,CBPA2_HUMAN_Tsuboyama_2023_1O6X,0,0.0,0.08654129165488353,0.09722222222222222,-3.3896312713623047,1357
35M,CBPA2_HUMAN_Tsuboyama_2023_1O6X,1,0.08333333333333333,0.26624717140911863,0.09722222222222222,-3.4834036827087402,1357
35M,CBPA2_HUMAN_Tsuboyama_2023_1O6X,2,0.16666666666666666,0.31532496340541233,0.05555555555555555,-3.455669403076172,1357
35M,CBPA2_HUMAN_Tsuboyama_2023_1O6X,3,0.25,0.08603916829835655,0.06944444444444445,-3.330078601837158,1357
35M,CBPA2_HUMAN_Tsuboyama_2023_1O6X,4,0.3333333333333333,0.019134464612493268,0.06944444444444445,-3.1082963943481445,1357
35M,CBPA2_HUMAN_Tsuboyama_2023_1O6X,5,0.4166666666666667,-0.08377839896504886,0.09722222222222222,-2.9656970500946045,1357
35M,CBPA2_HUMAN_Tsuboyama_2023_1O6X,6,0.5,-0.14458213824917387,0.08333333333333333,-2.8909530639648438,1357
35M,CBPA2_HUMAN_Tsuboyama_2023_1O6X,7,0.5833333333333334,-0.044943768371548135,0.08333333333333333,-2.8086423873901367,1357
35M,CBPA2_HUMAN_Tsuboyama_2023_1O6X,8,0.6666666666666666,0.08156826422622007,0.125,-2.7244458198547363,1357
35M,CBPA2_HUMAN_Tsuboyama_2023_1O6X,9,0.75,0.2153160159114411,0.08333333333333333,-2.7340753078460693,1357
35M,CBPA2_HUMAN_Tsuboyama_2023_1O6X,10,0.8333333333333334,0.25902963832406445,0.1388888888888889,-2.7559478282928467,1357
35M,CBPA2_HUMAN_Tsuboyama_2023_1O6X,11,0.9166666666666666,0.25538764042780127,0.09722222222222222,-2.746964454650879,1357
35M,CBPA2_HUMAN_Tsuboyama_2023_1O6X,12,1.0,0.3762428470786586,0.19444444444444445,-2.6854734420776367,1357
35M,DNJA1_HUMAN_Tsuboyama_2023_2LO1,0,0.0,0.13484327692277237,0.09230769230769231,-3.61867618560791,1216
35M,DNJA1_HUMAN_Tsuboyama_2023_2LO1,1,0.08333333333333333,0.2475947335852337,0.03076923076923077,-3.7132229804992676,1216
35M,DNJA1_HUMAN_Tsuboyama_2023_2LO1,2,0.16666666666666666,0.2787445747726998,0.07692307692307693,-3.691091775894165,1216
35M,DNJA1_HUMAN_Tsuboyama_2023_2LO1,3,0.25,0.21344782972221024,0.09230769230769231,-3.334853410720825,1216
35M,DNJA1_HUMAN_Tsuboyama_2023_2LO1,4,0.3333333333333333,0.1710886306883799,0.13846153846153847,-3.183626174926758,1216
35M,DNJA1_HUMAN_Tsuboyama_2023_2LO1,5,0.4166666666666667,0.04245304098372473,0.13846153846153847,-2.737635612487793,1216
35M,DNJA1_HUMAN_Tsuboyama_2023_2LO1,6,0.5,-0.084756072330313,0.09230769230769231,-2.8432536125183105,1216
35M,DNJA1_HUMAN_Tsuboyama_2023_2LO1,7,0.5833333333333334,-0.013851728517861806,0.12307692307692308,-2.7876014709472656,1216
35M,DNJA1_HUMAN_Tsuboyama_2023_2LO1,8,0.6666666666666666,0.19545326709603986,0.12307692307692308,-2.8177244663238525,1216
35M,DNJA1_HUMAN_Tsuboyama_2023_2LO1,9,0.75,0.23598517429335233,0.16923076923076924,-2.645677328109741,1216
35M,DNJA1_HUMAN_Tsuboyama_2023_2LO1,10,0.8333333333333334,0.317697666745152,0.24615384615384617,-2.3075942993164062,1216
35M,DNJA1_HUMAN_Tsuboyama_2023_2LO1,11,0.9166666666666666,0.39911138127127976,0.5230769230769231,-1.6667777299880981,1216
35M,DNJA1_HUMAN_Tsuboyama_2023_2LO1,12,1.0,0.6251079506108771,0.6307692307692307,-1.354827642440796,1216
35M,UBC9_HUMAN_Weile_2017,0,0.0,0.06413793699013527,0.08227848101265822,-3.658125877380371,2563
35M,UBC9_HUMAN_Weile_2017,1,0.08333333333333333,0.12311285993113572,0.08227848101265822,-3.5475120544433594,2563
35M,UBC9_HUMAN_Weile_2017,2,0.16666666666666666,0.11402881295279171,0.06962025316455696,-3.509849786758423,2563
35M,UBC9_HUMAN_Weile_2017,3,0.25,0.011948453076413129,0.0949367088607595,-3.2257795333862305,2563
35M,UBC9_HUMAN_Weile_2017,4,0.3333333333333333,-0.017777133609568212,0.056962025316455694,-3.2369987964630127,2563
35M,UBC9_HUMAN_Weile_2017,5,0.4166666666666667,-0.08393941089942854,0.0949367088607595,-3.003011703491211,2563
35M,UBC9_HUMAN_Weile_2017,6,0.5,-0.12506985229512227,0.08860759493670886,-3.0200750827789307,2563
35M,UBC9_HUMAN_Weile_2017,7,0.5833333333333334,-0.07579288089696985,0.0949367088607595,-2.9747421741485596,2563
35M,UBC9_HUMAN_Weile_2017,8,0.6666666666666666,-0.045428623933854426,0.0949367088607595,-2.949979305267334,2563
35M,UBC9_HUMAN_Weile_2017,9,0.75,-0.04716587883581361,0.14556962025316456,-2.886173725128174,2563
35M,UBC9_HUMAN_Weile_2017,10,0.8333333333333334,-0.02528327954901115,0.11392405063291139,-2.8760013580322266,2563
35M,UBC9_HUMAN_Weile_2017,11,0.9166666666666666,-0.029054862740590444,0.10126582278481013,-2.8582310676574707,2563
35M,UBC9_HUMAN_Weile_2017,12,1.0,0.0035931230643986697,0.15822784810126583,-2.736063241958618,2563
35M,CASP3_HUMAN_Roychowdhury_2020,0,0.0,0.10427879229005252,0.07782101167315175,-3.5817525386810303,1567
35M,CASP3_HUMAN_Roychowdhury_2020,1,0.08333333333333333,0.08338119299535643,0.07003891050583658,-3.461353063583374,1567
35M,CASP3_HUMAN_Roychowdhury_2020,2,0.16666666666666666,0.10480225894610792,0.054474708171206226,-3.479884624481201,1567
35M,CASP3_HUMAN_Roychowdhury_2020,3,0.25,0.027401636886517478,0.038910505836575876,-3.260460376739502,1567
35M,CASP3_HUMAN_Roychowdhury_2020,4,0.3333333333333333,0.024325944095922813,0.038910505836575876,-3.2292728424072266,1567
35M,CASP3_HUMAN_Roychowdhury_2020,5,0.4166666666666667,-0.014524624628805377,0.06614785992217899,-3.139633893966675,1567
35M,CASP3_HUMAN_Roychowdhury_2020,6,0.5,-0.03703438093910774,0.08949416342412451,-3.1023452281951904,1567
35M,CASP3_HUMAN_Roychowdhury_2020,7,0.5833333333333334,-0.03180293253670106,0.08949416342412451,-3.131411552429199,1567
35M,CASP3_HUMAN_Roychowdhury_2020,8,0.6666666666666666,0.0387373285104666,0.09727626459143969,-2.9146292209625244,1567
35M,CASP3_HUMAN_Roychowdhury_2020,9,0.75,0.06932706258863675,0.12840466926070038,-2.852199077606201,1567
35M,CASP3_HUMAN_Roychowdhury_2020,10,0.8333333333333334,0.21722529739107022,0.1867704280155642,-2.6588690280914307,1567
35M,CASP3_HUMAN_Roychowdhury_2020,11,0.9166666666666666,0.39611135037823414,0.3229571984435798,-2.1846652030944824,1567
35M,CASP3_HUMAN_Roychowdhury_2020,12,1.0,0.5735179578583482,0.5486381322957199,-1.5112199783325195,1567
35M,PHOT_CHLRE_Chen_2023,0,0.0,0.08150052749752325,0.0847457627118644,-3.419121026992798,2122
35M,PHOT_CHLRE_Chen_2023,1,0.08333333333333333,0.09397812816460682,0.0847457627118644,-3.4057323932647705,2122
35M,PHOT_CHLRE_Chen_2023,2,0.16666666666666666,0.07246599446213856,0.0423728813559322,-3.4089179039001465,2122
35M,PHOT_CHLRE_Chen_2023,3,0.25,0.020932770667863806,0.09322033898305085,-3.221693754196167,2122
35M,PHOT_CHLRE_Chen_2023,4,0.3333333333333333,0.08254892706359594,0.0847457627118644,-3.0305213928222656,2122
35M,PHOT_CHLRE_Chen_2023,5,0.4166666666666667,0.061440042396011404,0.059322033898305086,-2.9986979961395264,2122
35M,PHOT_CHLRE_Chen_2023,6,0.5,0.06263811491922526,0.06779661016949153,-3.0761196613311768,2122
35M,PHOT_CHLRE_Chen_2023,7,0.5833333333333334,0.04692655464837332,0.059322033898305086,-2.924105405807495,2122
35M,PHOT_CHLRE_Chen_2023,8,0.6666666666666666,0.09956792428731022,0.07627118644067797,-2.8212544918060303,2122
35M,PHOT_CHLRE_Chen_2023,9,0.75,0.1703601120561516,0.15254237288135594,-2.639871597290039,2122
35M,PHOT_CHLRE_Chen_2023,10,0.8333333333333334,0.28147385139233827,0.211864406779661,-2.498976707458496,2122
35M,PHOT_CHLRE_Chen_2023,11,0.9166666666666666,0.452117636562582,0.4152542372881356,-1.9723018407821655,2122
35M,PHOT_CHLRE_Chen_2023,12,1.0,0.5991347309115099,0.5423728813559322,-1.4217041730880737,2122
35M,Q6WV12_9MAXI_Somermeyer_2022,0,0.0,0.06304394288992518,0.05909090909090909,-3.4489662647247314,1141
35M,Q6WV12_9MAXI_Somermeyer_2022,1,0.08333333333333333,0.07873863098324713,0.08181818181818182,-3.3095974922180176,1141
35M,Q6WV12_9MAXI_Somermeyer_2022,2,0.16666666666666666,0.06352350636887902,0.05,-3.319622278213501,1141
35M,Q6WV12_9MAXI_Somermeyer_2022,3,0.25,0.02943872418359621,0.05,-3.1569929122924805,1141
35M,Q6WV12_9MAXI_Somermeyer_2022,4,0.3333333333333333,-0.016435680005079688,0.045454545454545456,-3.081024408340454,1141
35M,Q6WV12_9MAXI_Somermeyer_2022,5,0.4166666666666667,0.023568273557444477,0.03636363636363636,-3.1393487453460693,1141
35M,Q6WV12_9MAXI_Somermeyer_2022,6,0.5,0.010584181274477007,0.045454545454545456,-3.0667693614959717,1141
35M,Q6WV12_9MAXI_Somermeyer_2022,7,0.5833333333333334,0.0272251250110169,0.07727272727272727,-2.975156784057617,1141
35M,Q6WV12_9MAXI_Somermeyer_2022,8,0.6666666666666666,0.05809703580559168,0.07272727272727272,-2.905294418334961,1141
35M,Q6WV12_9MAXI_Somermeyer_2022,9,0.75,0.03875933265738778,0.09090909090909091,-2.8978488445281982,1141
35M,Q6WV12_9MAXI_Somermeyer_2022,10,0.8333333333333334,0.02457262708090157,0.06818181818181818,-2.8827695846557617,1141
35M,Q6WV12_9MAXI_Somermeyer_2022,11,0.9166666666666666,0.06597556336448333,0.1,-2.8386027812957764,1141
35M,Q6WV12_9MAXI_Somermeyer_2022,12,1.0,0.07946883637057789,0.1318181818181818,-2.803769111633301,1141
35M,DYR_ECOLI_Nguyen_2023,0,0.0,0.07381718427118224,0.06962025316455696,-3.5429723262786865,2916
35M,DYR_ECOLI_Nguyen_2023,1,0.08333333333333333,0.14251840836357982,0.06962025316455696,-3.5546882152557373,2916
35M,DYR_ECOLI_Nguyen_2023,2,0.16666666666666666,0.1039250369179645,0.06962025316455696,-3.5017082691192627,2916
35M,DYR_ECOLI_Nguyen_2023,3,0.25,-0.019248986354528822,0.08860759493670886,-3.1200027465820312,2916
35M,DYR_ECOLI_Nguyen_2023,4,0.3333333333333333,-0.030321546376805605,0.11392405063291139,-3.0245628356933594,2916
35M,DYR_ECOLI_Nguyen_2023,5,0.4166666666666667,-0.09495693800841032,0.0949367088607595,-2.966916799545288,2916
35M,DYR_ECOLI_Nguyen_2023,6,0.5,-0.09965090279508382,0.11392405063291139,-2.989206075668335,2916
35M,DYR_ECOLI_Nguyen_2023,7,0.5833333333333334,-0.025880944908717143,0.0949367088607595,-2.9640953540802,2916
35M,DYR_ECOLI_Nguyen_2023,8,0.6666666666666666,0.02805958755807237,0.0949367088607595,-2.913081407546997,2916
35M,DYR_ECOLI_Nguyen_2023,9,0.75,0.10373888205119057,0.13924050632911392,-2.786386728286743,2916
35M,DYR_ECOLI_Nguyen_2023,10,0.8333333333333334,0.2641240666867401,0.14556962025316456,-2.6326704025268555,2916
35M,DYR_ECOLI_Nguyen_2023,11,0.9166666666666666,0.44070241689561584,0.3037974683544304,-2.1165177822113037,2916
35M,DYR_ECOLI_Nguyen_2023,12,1.0,0.499951011375728,0.5253164556962026,-1.5931415557861328,2916
35M,VILI_CHICK_Tsuboyama_2023_1YU5,0,0.0,0.10258901685607372,0.13846153846153847,-3.310967445373535,1202
35M,VILI_CHICK_Tsuboyama_2023_1YU5,1,0.08333333333333333,0.1218992215996865,0.13846153846153847,-3.4374074935913086,1202
35M,VILI_CHICK_Tsuboyama_2023_1YU5,2,0.16666666666666666,0.13023394263091578,0.1076923076923077,-3.506732940673828,1202
35M,VILI_CHICK_Tsuboyama_2023_1YU5,3,0.25,0.012345307586988671,0.12307692307692308,-3.190260648727417,1202
35M,VILI_CHICK_Tsuboyama_2023_1YU5,4,0.3333333333333333,-0.049730553976819705,0.13846153846153847,-3.0934910774230957,1202
35M,VILI_CHICK_Tsuboyama_2023_1YU5,5,0.4166666666666667,-0.0793446184442192,0.13846153846153847,-2.7971508502960205,1202
35M,VILI_CHICK_Tsuboyama_2023_1YU5,6,0.5,-0.11400228745496582,0.15384615384615385,-2.7763118743896484,1202
35M,VILI_CHICK_Tsuboyama_2023_1YU5,7,0.5833333333333334,-0.13403331948819722,0.12307692307692308,-2.8209574222564697,1202
35M,VILI_CHICK_Tsuboyama_2023_1YU5,8,0.6666666666666666,-0.06308533080841242,0.1076923076923077,-2.788546323776245,1202
35M,VILI_CHICK_Tsuboyama_2023_1YU5,9,0.75,-0.041041855537852265,0.1076923076923077,-2.7827036380767822,1202
35M,VILI_CHICK_Tsuboyama_2023_1YU5,10,0.8333333333333334,-0.002806795267563626,0.1076923076923077,-2.8097875118255615,1202
35M,VILI_CHICK_Tsuboyama_2023_1YU5,11,0.9166666666666666,0.02169740617747721,0.1076923076923077,-2.8443500995635986,1202
35M,VILI_CHICK_Tsuboyama_2023_1YU5,12,1.0,0.12949729814969171,0.15384615384615385,-2.7922072410583496,1202
35M,MLAC_ECOLI_MacRae_2023,0,0.0,0.001575379550563712,0.0947867298578199,-3.4515345096588135,4007
35M,MLAC_ECOLI_MacRae_2023,1,0.08333333333333333,0.09381209712722716,0.0947867298578199,-3.2923004627227783,4007
35M,MLAC_ECOLI_MacRae_2023,2,0.16666666666666666,0.12002373691509788,0.0947867298578199,-3.2845354080200195,4007
35M,MLAC_ECOLI_MacRae_2023,3,0.25,0.016864056139260817,0.08056872037914692,-3.1890625953674316,4007
35M,MLAC_ECOLI_MacRae_2023,4,0.3333333333333333,-0.04512234341054892,0.08530805687203792,-3.053478717803955,4007
35M,MLAC_ECOLI_MacRae_2023,5,0.4166666666666667,-0.09881576406192706,0.10426540284360189,-2.933781147003174,4007
35M,MLAC_ECOLI_MacRae_2023,6,0.5,-0.11842557809044205,0.13270142180094788,-2.9267356395721436,4007
35M,MLAC_ECOLI_MacRae_2023,7,0.5833333333333334,-0.09998097183254766,0.0995260663507109,-2.852876901626587,4007
35M,MLAC_ECOLI_MacRae_2023,8,0.6666666666666666,0.028081966874911338,0.08056872037914692,-2.744783639907837,4007
35M,MLAC_ECOLI_MacRae_2023,9,0.75,0.040714260683193115,0.13744075829383887,-2.7042384147644043,4007
35M,MLAC_ECOLI_MacRae_2023,10,0.8333333333333334,0.06529869000274295,0.17061611374407584,-2.55586838722229,4007
35M,MLAC_ECOLI_MacRae_2023,11,0.9166666666666666,0.14335323616596388,0.23696682464454977,-2.393901824951172,4007
35M,MLAC_ECOLI_MacRae_2023,12,1.0,0.23571702024941565,0.3744075829383886,-1.9525635242462158,4007
35M,RAD_ANTMA_Tsuboyama_2023_2CJJ,0,0.0,0.09295224552171043,0.037037037037037035,-3.719040870666504,774
35M,RAD_ANTMA_Tsuboyama_2023_2CJJ,1,0.08333333333333333,0.11682097831586602,0.07407407407407407,-3.6744821071624756,774
35M,RAD_ANTMA_Tsuboyama_2023_2CJJ,2,0.16666666666666666,0.11544859047879695,0.037037037037037035,-3.6407015323638916,774
35M,RAD_ANTMA_Tsuboyama_2023_2CJJ,3,0.25,0.1333646089400746,0.05555555555555555,-3.311190605163574,774
35M,RAD_ANTMA_Tsuboyama_2023_2CJJ,4,0.3333333333333333,0.08614879463721041,0.1111111111111111,-2.976620674133301,774
35M,RAD_ANTMA_Tsuboyama_2023_2CJJ,5,0.4166666666666667,-0.1022336696722693,0.1111111111111111,-2.709960460662842,774
35M,RAD_ANTMA_Tsuboyama_2023_2CJJ,6,0.5,-0.06639521458631152,0.12962962962962962,-2.8045334815979004,774
35M,RAD_ANTMA_Tsuboyama_2023_2CJJ,7,0.5833333333333334,-0.03271704083847612,0.18518518518518517,-2.7530293464660645,774
35M,RAD_ANTMA_Tsuboyama_2023_2CJJ,8,0.6666666666666666,0.055508068478956736,0.16666666666666666,-2.7192158699035645,774
35M,RAD_ANTMA_Tsuboyama_2023_2CJJ,9,0.75,0.11809760978407605,0.2222222222222222,-2.606271266937256,774
35M,RAD_ANTMA_Tsuboyama_2023_2CJJ,10,0.8333333333333334,0.24806233900001523,0.2037037037037037,-2.475064516067505,774
35M,RAD_ANTMA_Tsuboyama_2023_2CJJ,11,0.9166666666666666,0.3836622415629781,0.2777777777777778,-2.3238027095794678,774
35M,RAD_ANTMA_Tsuboyama_2023_2CJJ,12,1.0,0.5519872723678979,0.3333333333333333,-1.9992759227752686,774
35M,NUD15_HUMAN_Suiter_2020,0,0.0,0.060320504001151305,0.09202453987730061,-3.540158987045288,2844
35M,NUD15_HUMAN_Suiter_2020,1,0.08333333333333333,0.09684920289136818,0.08588957055214724,-3.5958645343780518,2844
35M,NUD15_HUMAN_Suiter_2020,2,0.16666666666666666,0.11673679592107485,0.07975460122699386,-3.4853274822235107,2844
35M,NUD15_HUMAN_Suiter_2020,3,0.25,0.0016899442771374598,0.05521472392638037,-3.2911946773529053,2844
35M,NUD15_HUMAN_Suiter_2020,4,0.3333333333333333,0.0016093922664514211,0.049079754601226995,-3.1152825355529785,2844
35M,NUD15_HUMAN_Suiter_2020,5,0.4166666666666667,-0.048423716960998564,0.06748466257668712,-3.0902342796325684,2844
35M,NUD15_HUMAN_Suiter_2020,6,0.5,-0.025784075006057266,0.0736196319018405,-2.986255407333374,2844
35M,NUD15_HUMAN_Suiter_2020,7,0.5833333333333334,-0.03627792057123553,0.09202453987730061,-2.9019582271575928,2844
35M,NUD15_HUMAN_Suiter_2020,8,0.6666666666666666,-0.002445134829706289,0.11042944785276074,-2.887869358062744,2844
35M,NUD15_HUMAN_Suiter_2020,9,0.75,0.1160963103448899,0.17791411042944785,-2.8337862491607666,2844
35M,NUD15_HUMAN_Suiter_2020,10,0.8333333333333334,0.2029821923132678,0.1656441717791411,-2.8056304454803467,2844
35M,NUD15_HUMAN_Suiter_2020,11,0.9166666666666666,0.3348588599669526,0.26380368098159507,-2.563063859939575,2844
35M,NUD15_HUMAN_Suiter_2020,12,1.0,0.41929032198813354,0.31901840490797545,-2.2917275428771973,2844
35M,OTU7A_HUMAN_Tsuboyama_2023_2L2D,0,0.0,0.10702792544943879,0.16666666666666666,-3.0278916358947754,635
35M,OTU7A_HUMAN_Tsuboyama_2023_2L2D,1,0.08333333333333333,0.18380261392389932,0.16666666666666666,-3.3186771869659424,635
35M,OTU7A_HUMAN_Tsuboyama_2023_2L2D,2,0.16666666666666666,0.2424792862442102,0.14285714285714285,-3.3966190814971924,635
35M,OTU7A_HUMAN_Tsuboyama_2023_2L2D,3,0.25,0.11282216515983534,0.09523809523809523,-3.0727226734161377,635
35M,OTU7A_HUMAN_Tsuboyama_2023_2L2D,4,0.3333333333333333,0.04796977307781173,0.11904761904761904,-2.9610302448272705,635
35M,OTU7A_HUMAN_Tsuboyama_2023_2L2D,5,0.4166666666666667,0.059681674366027136,0.09523809523809523,-2.7972769737243652,635
35M,OTU7A_HUMAN_Tsuboyama_2023_2L2D,6,0.5,-0.010282243229803999,0.11904761904761904,-2.8433289527893066,635
35M,OTU7A_HUMAN_Tsuboyama_2023_2L2D,7,0.5833333333333334,-0.026517591050776407,0.14285714285714285,-2.749480962753296,635
35M,OTU7A_HUMAN_Tsuboyama_2023_2L2D,8,0.6666666666666666,0.016759547964664643,0.19047619047619047,-2.6579136848449707,635
35M,OTU7A_HUMAN_Tsuboyama_2023_2L2D,9,0.75,0.2752072781569526,0.30952380952380953,-2.5085694789886475,635
35M,OTU7A_HUMAN_Tsuboyama_2023_2L2D,10,0.8333333333333334,0.34424352318736173,0.3333333333333333,-2.520930290222168,635
35M,OTU7A_HUMAN_Tsuboyama_2023_2L2D,11,0.9166666666666666,0.40559471759976784,0.3333333333333333,-2.1917433738708496,635
35M,OTU7A_HUMAN_Tsuboyama_2023_2L2D,12,1.0,0.5633285795230598,0.38095238095238093,-2.006960153579712,635
35M,AACC1_PSEAI_Dandage_2018,0,0.0,0.02845094912208552,0.10559006211180125,-3.2623777389526367,1801
35M,AACC1_PSEAI_Dandage_2018,1,0.08333333333333333,0.04347184110703482,0.10559006211180125,-3.300720691680908,1801
35M,AACC1_PSEAI_Dandage_2018,2,0.16666666666666666,0.07343094839685546,0.11180124223602485,-3.2885704040527344,1801
35M,AACC1_PSEAI_Dandage_2018,3,0.25,0.01227091847289946,0.07453416149068323,-3.109456777572632,1801
35M,AACC1_PSEAI_Dandage_2018,4,0.3333333333333333,-0.0037800330045297064,0.062111801242236024,-3.022031307220459,1801
35M,AACC1_PSEAI_Dandage_2018,5,0.4166666666666667,0.010373437050517128,0.055900621118012424,-2.9665043354034424,1801
35M,AACC1_PSEAI_Dandage_2018,6,0.5,0.010439766789260499,0.062111801242236024,-2.952754020690918,1801
35M,AACC1_PSEAI_Dandage_2018,7,0.5833333333333334,-0.02821219992069405,0.08074534161490683,-2.9081013202667236,1801
35M,AACC1_PSEAI_Dandage_2018,8,0.6666666666666666,0.022035543425249802,0.11180124223602485,-2.807029962539673,1801
35M,AACC1_PSEAI_Dandage_2018,9,0.75,0.03614156686708434,0.15527950310559005,-2.767282247543335,1801
35M,AACC1_PSEAI_Dandage_2018,10,0.8333333333333334,0.1391535040133464,0.22981366459627328,-2.5906822681427,1801
35M,AACC1_PSEAI_Dandage_2018,11,0.9166666666666666,0.1891760097255419,0.2422360248447205,-2.5090224742889404,1801
35M,AACC1_PSEAI_Dandage_2018,12,1.0,0.24771061964368382,0.2795031055900621,-2.2899932861328125,1801
35M,SPG2_STRSG_Tsuboyama_2023_5UBS,0,0.0,0.029626829642589635,0.03571428571428571,-3.6327240467071533,1029
35M,SPG2_STRSG_Tsuboyama_2023_5UBS,1,0.08333333333333333,0.1993424676302897,0.08928571428571429,-3.466449737548828,1029
35M,SPG2_STRSG_Tsuboyama_2023_5UBS,2,0.16666666666666666,0.24935361906032152,0.03571428571428571,-3.6924617290496826,1029
35M,SPG2_STRSG_Tsuboyama_2023_5UBS,3,0.25,0.04029634498526524,0.017857142857142856,-3.375534772872925,1029
35M,SPG2_STRSG_Tsuboyama_2023_5UBS,4,0.3333333333333333,0.15384494148555547,0.05357142857142857,-3.223912477493286,1029
35M,SPG2_STRSG_Tsuboyama_2023_5UBS,5,0.4166666666666667,0.0008111082120452405,0.14285714285714285,-2.7527945041656494,1029
35M,SPG2_STRSG_Tsuboyama_2023_5UBS,6,0.5,-0.1830205077276381,0.14285714285714285,-2.771707773208618,1029
35M,SPG2_STRSG_Tsuboyama_2023_5UBS,7,0.5833333333333334,-0.14331930217269506,0.23214285714285715,-2.645477771759033,1029
35M,SPG2_STRSG_Tsuboyama_2023_5UBS,8,0.6666666666666666,-0.10483685705672954,0.17857142857142858,-2.6236865520477295,1029
35M,SPG2_STRSG_Tsuboyama_2023_5UBS,9,0.75,0.016025139123038327,0.14285714285714285,-2.5751960277557373,1029
35M,SPG2_STRSG_Tsuboyama_2023_5UBS,10,0.8333333333333334,0.03985539816772918,0.17857142857142858,-2.4951488971710205,1029
35M,SPG2_STRSG_Tsuboyama_2023_5UBS,11,0.9166666666666666,0.02919642629984097,0.25,-2.4031808376312256,1029
35M,SPG2_STRSG_Tsuboyama_2023_5UBS,12,1.0,0.16663988854957948,0.375,-2.0120768547058105,1029
35M,AMIE_PSEAE_Wrenbeck_2017,0,0.0,-0.017199370300996237,0.05571847507331378,-3.5866363048553467,6227
35M,AMIE_PSEAE_Wrenbeck_2017,1,0.08333333333333333,0.06595467732007926,0.05571847507331378,-3.4336259365081787,6227
35M,AMIE_PSEAE_Wrenbeck_2017,2,0.16666666666666666,0.07598975291127867,0.06451612903225806,-3.3255727291107178,6227
35M,AMIE_PSEAE_Wrenbeck_2017,3,0.25,0.0035825575123848313,0.07331378299120235,-3.246690511703491,6227
35M,AMIE_PSEAE_Wrenbeck_2017,4,0.3333333333333333,-0.0036117140710266067,0.0967741935483871,-3.19502329826355,6227
35M,AMIE_PSEAE_Wrenbeck_2017,5,0.4166666666666667,-0.10161984328082162,0.07917888563049853,-3.16524338722229,6227
35M,AMIE_PSEAE_Wrenbeck_2017,6,0.5,-0.11838579557969862,0.06158357771260997,-3.163715362548828,6227
35M,AMIE_PSEAE_Wrenbeck_2017,7,0.5833333333333334,-0.05702951111703886,0.07331378299120235,-3.004079580307007,6227
35M,AMIE_PSEAE_Wrenbeck_2017,8,0.6666666666666666,0.08936114573453213,0.08504398826979472,-2.983285427093506,6227
35M,AMIE_PSEAE_Wrenbeck_2017,9,0.75,0.11392727651805458,0.10557184750733138,-2.887450695037842,6227
35M,AMIE_PSEAE_Wrenbeck_2017,10,0.8333333333333334,0.17872270957955252,0.1906158357771261,-2.781193256378174,6227
35M,AMIE_PSEAE_Wrenbeck_2017,11,0.9166666666666666,0.31501856598815775,0.2668621700879765,-2.551861524581909,6227
35M,AMIE_PSEAE_Wrenbeck_2017,12,1.0,0.40821127714912736,0.2932551319648094,-2.3419244289398193,6227
35M,NUSG_MYCTU_Tsuboyama_2023_2MI6,0,0.0,0.08502735376609372,0.07272727272727272,-3.346405506134033,1019
35M,NUSG_MYCTU_Tsuboyama_2023_2MI6,1,0.08333333333333333,0.1817925269866753,0.07272727272727272,-3.377802610397339,1019
35M,NUSG_MYCTU_Tsuboyama_2023_2MI6,2,0.16666666666666666,0.19458737699189796,0.09090909090909091,-3.3960490226745605,1019
35M,NUSG_MYCTU_Tsuboyama_2023_2MI6,3,0.25,0.0836949683733551,0.09090909090909091,-3.2952980995178223,1019
35M,NUSG_MYCTU_Tsuboyama_2023_2MI6,4,0.3333333333333333,0.16969521765299025,0.05454545454545454,-3.0844709873199463,1019
35M,NUSG_MYCTU_Tsuboyama_2023_2MI6,5,0.4166666666666667,-0.15672341086217295,0.07272727272727272,-3.0061545372009277,1019
35M,NUSG_MYCTU_Tsuboyama_2023_2MI6,6,0.5,-0.16817186730747485,0.05454545454545454,-2.8671698570251465,1019
35M,NUSG_MYCTU_Tsuboyama_2023_2MI6,7,0.5833333333333334,-0.021680387442702825,0.12727272727272726,-2.7351601123809814,1019
35M,NUSG_MYCTU_Tsuboyama_2023_2MI6,8,0.6666666666666666,0.04406042502064383,0.2,-2.6900901794433594,1019
35M,NUSG_MYCTU_Tsuboyama_2023_2MI6,9,0.75,0.2550879640692552,0.16363636363636364,-2.587611436843872,1019
35M,NUSG_MYCTU_Tsuboyama_2023_2MI6,10,0.8333333333333334,0.3085428629981581,0.23636363636363636,-2.4693875312805176,1019
35M,NUSG_MYCTU_Tsuboyama_2023_2MI6,11,0.9166666666666666,0.4231057724793694,0.2727272727272727,-2.2912256717681885,1019
35M,NUSG_MYCTU_Tsuboyama_2023_2MI6,12,1.0,0.5871256481639103,0.41818181818181815,-1.8582900762557983,1019
35M,SR43C_ARATH_Tsuboyama_2023_2N88,0,0.0,0.023745178667232334,0.08333333333333333,-3.467531204223633,889
35M,SR43C_ARATH_Tsuboyama_2023_2N88,1,0.08333333333333333,0.1401961825831595,0.020833333333333332,-3.57759690284729,889
35M,SR43C_ARATH_Tsuboyama_2023_2N88,2,0.16666666666666666,0.16427746486138062,0.041666666666666664,-3.6276676654815674,889
35M,SR43C_ARATH_Tsuboyama_2023_2N88,3,0.25,0.005457685918625492,0.020833333333333332,-3.400006055831909,889
35M,SR43C_ARATH_Tsuboyama_2023_2N88,4,0.3333333333333333,-0.039404476960877906,0.041666666666666664,-3.3075332641601562,889
35M,SR43C_ARATH_Tsuboyama_2023_2N88,5,0.4166666666666667,-0.07710543925708041,0.125,-2.882335901260376,889
35M,SR43C_ARATH_Tsuboyama_2023_2N88,6,0.5,-0.0789261538177755,0.16666666666666666,-2.832874298095703,889
35M,SR43C_ARATH_Tsuboyama_2023_2N88,7,0.5833333333333334,-0.12817880379589658,0.125,-2.7803547382354736,889
35M,SR43C_ARATH_Tsuboyama_2023_2N88,8,0.6666666666666666,-0.036307492765955116,0.125,-2.7834746837615967,889
35M,SR43C_ARATH_Tsuboyama_2023_2N88,9,0.75,0.23831516011910595,0.14583333333333334,-2.6955337524414062,889
35M,SR43C_ARATH_Tsuboyama_2023_2N88,10,0.8333333333333334,0.29834198526581074,0.1875,-2.5057170391082764,889
35M,SR43C_ARATH_Tsuboyama_2023_2N88,11,0.9166666666666666,0.35850080120185396,0.2708333333333333,-2.1730010509490967,889
35M,SR43C_ARATH_Tsuboyama_2023_2N88,12,1.0,0.4792068050406544,0.3958333333333333,-1.9631184339523315,889
35M,SCIN_STAAR_Tsuboyama_2023_2QFF,0,0.0,0.10284505519411431,0.12857142857142856,-3.5151937007904053,1212
35M,SCIN_STAAR_Tsuboyama_2023_2QFF,1,0.08333333333333333,0.2197804411703241,0.12857142857142856,-3.554990530014038,1212
35M,SCIN_STAAR_Tsuboyama_2023_2QFF,2,0.16666666666666666,0.24454119677068528,0.1,-3.627002716064453,1212
35M,SCIN_STAAR_Tsuboyama_2023_2QFF,3,0.25,0.01373662343037352,0.05714285714285714,-3.2577903270721436,1212
35M,SCIN_STAAR_Tsuboyama_2023_2QFF,4,0.3333333333333333,-0.017764932517685662,0.12857142857142856,-3.0998408794403076,1212
35M,SCIN_STAAR_Tsuboyama_2023_2QFF,5,0.4166666666666667,0.03235808211606698,0.1,-2.7252564430236816,1212
35M,SCIN_STAAR_Tsuboyama_2023_2QFF,6,0.5,0.0006889711894475102,0.12857142857142856,-2.7451233863830566,1212
35M,SCIN_STAAR_Tsuboyama_2023_2QFF,7,0.5833333333333334,-0.024882349060002685,0.15714285714285714,-2.782290458679199,1212
35M,SCIN_STAAR_Tsuboyama_2023_2QFF,8,0.6666666666666666,0.038797999313077834,0.11428571428571428,-2.758777618408203,1212
35M,SCIN_STAAR_Tsuboyama_2023_2QFF,9,0.75,0.09571758956495711,0.18571428571428572,-2.7223734855651855,1212
35M,SCIN_STAAR_Tsuboyama_2023_2QFF,10,0.8333333333333334,0.19274150673560023,0.15714285714285714,-2.7307119369506836,1212
35M,SCIN_STAAR_Tsuboyama_2023_2QFF,11,0.9166666666666666,0.2525209225845784,0.22857142857142856,-2.5886478424072266,1212
35M,SCIN_STAAR_Tsuboyama_2023_2QFF,12,1.0,0.30536084331885355,0.2571428571428571,-2.5892581939697266,1212
35M,VG08_BPP22_Tsuboyama_2023_2GP8,0,0.0,0.07571256228010459,0.05,-3.547606945037842,723
35M,VG08_BPP22_Tsuboyama_2023_2GP8,1,0.08333333333333333,0.15173274505449577,0.05,-3.592350721359253,723
35M,VG08_BPP22_Tsuboyama_2023_2GP8,2,0.16666666666666666,0.15030293358538266,0.075,-3.6006407737731934,723
35M,VG08_BPP22_Tsuboyama_2023_2GP8,3,0.25,0.12583630047816177,0.175,-3.159874677658081,723
35M,VG08_BPP22_Tsuboyama_2023_2GP8,4,0.3333333333333333,0.058711778783705634,0.2,-2.885514497756958,723
35M,VG08_BPP22_Tsuboyama_2023_2GP8,5,0.4166666666666667,0.12495293602073922,0.3,-2.565546751022339,723
35M,VG08_BPP22_Tsuboyama_2023_2GP8,6,0.5,0.06509701641201686,0.275,-2.561401844024658,723
35M,VG08_BPP22_Tsuboyama_2023_2GP8,7,0.5833333333333334,0.0704715339208967,0.225,-2.577098846435547,723
35M,VG08_BPP22_Tsuboyama_2023_2GP8,8,0.6666666666666666,0.15321031110266656,0.275,-2.5111727714538574,723
35M,VG08_BPP22_Tsuboyama_2023_2GP8,9,0.75,0.21698547187588682,0.25,-2.44929838180542,723
35M,VG08_BPP22_Tsuboyama_2023_2GP8,10,0.8333333333333334,0.27976654996218053,0.25,-2.420261859893799,723
35M,VG08_BPP22_Tsuboyama_2023_2GP8,11,0.9166666666666666,0.36754949981206164,0.225,-2.2710790634155273,723
35M,VG08_BPP22_Tsuboyama_2023_2GP8,12,1.0,0.51388127817925,0.2,-2.1352951526641846,723
35M,MET_HUMAN_Estevam_2023,0,0.0,0.06648269352056574,0.11149825783972125,-3.4657344818115234,5393
35M,MET_HUMAN_Estevam_2023,1,0.08333333333333333,0.1357458201113232,0.10801393728222997,-3.406576633453369,5393
35M,MET_HUMAN_Estevam_2023,2,0.16666666666666666,0.13444030952843003,0.08013937282229965,-3.347720146179199,5393
35M,MET_HUMAN_Estevam_2023,3,0.25,0.019475135282914408,0.05574912891986063,-3.1980741024017334,5393
35M,MET_HUMAN_Estevam_2023,4,0.3333333333333333,-0.015387495799946194,0.07317073170731707,-3.190533399581909,5393
35M,MET_HUMAN_Estevam_2023,5,0.4166666666666667,-0.07621165380735913,0.07665505226480836,-3.1214873790740967,5393
35M,MET_HUMAN_Estevam_2023,6,0.5,-0.07665993477208874,0.08013937282229965,-3.14798641204834,5393
35M,MET_HUMAN_Estevam_2023,7,0.5833333333333334,-0.04267214622522133,0.06968641114982578,-2.991753339767456,5393
35M,MET_HUMAN_Estevam_2023,8,0.6666666666666666,0.027813443068304817,0.10104529616724739,-2.9155056476593018,5393
35M,MET_HUMAN_Estevam_2023,9,0.75,0.1156496009140415,0.10801393728222997,-2.8322246074676514,5393
35M,MET_HUMAN_Estevam_2023,10,0.8333333333333334,0.21596931787487514,0.21602787456445993,-2.56965970993042,5393
35M,MET_HUMAN_Estevam_2023,11,0.9166666666666666,0.4044967000071699,0.313588850174216,-2.1469886302948,5393
35M,MET_HUMAN_Estevam_2023,12,1.0,0.5152046762105112,0.43902439024390244,-1.7051068544387817,5393
35M,SRBS1_HUMAN_Tsuboyama_2023_2O2W,0,0.0,0.011717523577368367,0.04477611940298507,-3.5425031185150146,1211
35M,SRBS1_HUMAN_Tsuboyama_2023_2O2W,1,0.08333333333333333,0.07512745431816416,0.07462686567164178,-3.408378839492798,1211
35M,SRBS1_HUMAN_Tsuboyama_2023_2O2W,2,0.16666666666666666,0.10070712573847279,0.05970149253731343,-3.346060037612915,1211
35M,SRBS1_HUMAN_Tsuboyama_2023_2O2W,3,0.25,-0.008430912905869071,0.07462686567164178,-3.142094612121582,1211
35M,SRBS1_HUMAN_Tsuboyama_2023_2O2W,4,0.3333333333333333,0.007372285160352984,0.1044776119402985,-3.184218406677246,1211
35M,SRBS1_HUMAN_Tsuboyama_2023_2O2W,5,0.4166666666666667,-0.13426446916142704,0.1044776119402985,-3.0585436820983887,1211
35M,SRBS1_HUMAN_Tsuboyama_2023_2O2W,6,0.5,-0.14908177778216225,0.1044776119402985,-3.0229809284210205,1211
35M,SRBS1_HUMAN_Tsuboyama_2023_2O2W,7,0.5833333333333334,-0.09570909572002165,0.07462686567164178,-2.9021332263946533,1211
35M,SRBS1_HUMAN_Tsuboyama_2023_2O2W,8,0.6666666666666666,0.006602036226443753,0.08955223880597014,-2.8711702823638916,1211
35M,SRBS1_HUMAN_Tsuboyama_2023_2O2W,9,0.75,0.1132639185395906,0.11940298507462686,-2.770301103591919,1211
35M,SRBS1_HUMAN_Tsuboyama_2023_2O2W,10,0.8333333333333334,0.26620253572538394,0.19402985074626866,-2.489536762237549,1211
35M,SRBS1_HUMAN_Tsuboyama_2023_2O2W,11,0.9166666666666666,0.44447449399245154,0.2835820895522388,-2.238020658493042,1211
35M,SRBS1_HUMAN_Tsuboyama_2023_2O2W,12,1.0,0.6554533082615369,0.3880597014925373,-1.9295594692230225,1211
35M,RBP1_HUMAN_Tsuboyama_2023_2KWH,0,0.0,0.1664612273973348,0.17307692307692307,-3.2160046100616455,975
35M,RBP1_HUMAN_Tsuboyama_2023_2KWH,1,0.08333333333333333,0.18928108112307124,0.11538461538461539,-3.482192039489746,975
35M,RBP1_HUMAN_Tsuboyama_2023_2KWH,2,0.16666666666666666,0.23126257473633519,0.19230769230769232,-3.482943296432495,975
35M,RBP1_HUMAN_Tsuboyama_2023_2KWH,3,0.25,0.08772389827831308,0.1346153846153846,-3.0000596046447754,975
35M,RBP1_HUMAN_Tsuboyama_2023_2KWH,4,0.3333333333333333,0.05216189657449294,0.1346153846153846,-2.8247995376586914,975
35M,RBP1_HUMAN_Tsuboyama_2023_2KWH,5,0.4166666666666667,0.06588487302914879,0.1346153846153846,-2.6735024452209473,975
35M,RBP1_HUMAN_Tsuboyama_2023_2KWH,6,0.5,0.03558692460466454,0.11538461538461539,-2.708472728729248,975
35M,RBP1_HUMAN_Tsuboyama_2023_2KWH,7,0.5833333333333334,0.002914684702647136,0.17307692307692307,-2.6822760105133057,975
35M,RBP1_HUMAN_Tsuboyama_2023_2KWH,8,0.6666666666666666,0.04771480951135579,0.15384615384615385,-2.707392454147339,975
35M,RBP1_HUMAN_Tsuboyama_2023_2KWH,9,0.75,0.12649013053126562,0.2692307692307692,-2.661665916442871,975
35M,RBP1_HUMAN_Tsuboyama_2023_2KWH,10,0.8333333333333334,0.2817758181832306,0.3269230769230769,-2.589580535888672,975
35M,RBP1_HUMAN_Tsuboyama_2023_2KWH,11,0.9166666666666666,0.37497567265938364,0.25,-2.5359458923339844,975
35M,RBP1_HUMAN_Tsuboyama_2023_2KWH,12,1.0,0.42211309947668385,0.25,-2.580833911895752,975
35M,ENVZ_ECOLI_Ghose_2023,0,0.0,-0.05503548826069649,0.13333333333333333,-3.3246004581451416,1121
35M,ENVZ_ECOLI_Ghose_2023,1,0.08333333333333333,-0.024489581424514115,0.13333333333333333,-3.3320908546447754,1121
35M,ENVZ_ECOLI_Ghose_2023,2,0.16666666666666666,-0.012835847336261466,0.11666666666666667,-3.30932354927063,1121
35M,ENVZ_ECOLI_Ghose_2023,3,0.25,-0.004494856803499654,0.08333333333333333,-3.0094563961029053,1121
35M,ENVZ_ECOLI_Ghose_2023,4,0.3333333333333333,0.011966953337624169,0.16666666666666666,-2.9745333194732666,1121
35M,ENVZ_ECOLI_Ghose_2023,5,0.4166666666666667,-0.09393005645325642,0.1,-2.881049871444702,1121
35M,ENVZ_ECOLI_Ghose_2023,6,0.5,-0.023789278467980724,0.11666666666666667,-2.8620879650115967,1121
35M,ENVZ_ECOLI_Ghose_2023,7,0.5833333333333334,-0.05354448525210365,0.11666666666666667,-2.750164270401001,1121
35M,ENVZ_ECOLI_Ghose_2023,8,0.6666666666666666,0.0019412795643280053,0.13333333333333333,-2.68974232673645,1121
35M,ENVZ_ECOLI_Ghose_2023,9,0.75,0.01738923522470854,0.16666666666666666,-2.672823905944824,1121
35M,ENVZ_ECOLI_Ghose_2023,10,0.8333333333333334,0.10232989325800437,0.2,-2.473422050476074,1121
35M,ENVZ_ECOLI_Ghose_2023,11,0.9166666666666666,0.2121090106934044,0.2833333333333333,-2.231823205947876,1121
35M,ENVZ_ECOLI_Ghose_2023,12,1.0,0.20661205503384894,0.36666666666666664,-2.0029218196868896,1121
35M,CCDB_ECOLI_Tripathi_2016,0,0.0,-0.01082284358483479,0.07,-3.491297960281372,1663
35M,CCDB_ECOLI_Tripathi_2016,1,0.08333333333333333,0.14322608523319724,0.07,-3.353749990463257,1663
35M,CCDB_ECOLI_Tripathi_2016,2,0.16666666666666666,0.14743735702216645,0.07,-3.3657572269439697,1663
35M,CCDB_ECOLI_Tripathi_2016,3,0.25,-0.10350150728794395,0.08,-3.1903257369995117,1663
35M,CCDB_ECOLI_Tripathi_2016,4,0.3333333333333333,-0.04677140876633513,0.07,-3.200815200805664,1663
35M,CCDB_ECOLI_Tripathi_2016,5,0.4166666666666667,-0.21675999838545967,0.06,-3.074427843093872,1663
35M,CCDB_ECOLI_Tripathi_2016,6,0.5,-0.23387526330110825,0.06,-3.0200421810150146,1663
35M,CCDB_ECOLI_Tripathi_2016,7,0.5833333333333334,-0.217270084560925,0.05,-2.949450969696045,1663
35M,CCDB_ECOLI_Tripathi_2016,8,0.6666666666666666,-0.1310842618806991,0.1,-2.9250307083129883,1663
35M,CCDB_ECOLI_Tripathi_2016,9,0.75,-0.09358066803354473,0.11,-2.873950719833374,1663
35M,CCDB_ECOLI_Tripathi_2016,10,0.8333333333333334,-0.060783500183513,0.09,-2.85117244720459,1663
35M,CCDB_ECOLI_Tripathi_2016,11,0.9166666666666666,-0.039633499025792676,0.08,-2.8615736961364746,1663
35M,CCDB_ECOLI_Tripathi_2016,12,1.0,-0.0012244250051140098,0.07,-2.8399341106414795,1663
35M,BLAT_ECOLX_Deng_2012,0,0.0,0.022676645027398534,0.11787072243346007,-3.3102943897247314,4996
35M,BLAT_ECOLX_Deng_2012,1,0.08333333333333333,0.019769258189736367,0.11787072243346007,-3.328280448913574,4996
35M,BLAT_ECOLX_Deng_2012,2,0.16666666666666666,0.0418494845807847,0.06844106463878327,-3.4135849475860596,4996
35M,BLAT_ECOLX_Deng_2012,3,0.25,-0.007472360291071161,0.09885931558935361,-3.1654722690582275,4996
35M,BLAT_ECOLX_Deng_2012,4,0.3333333333333333,0.005444481315939773,0.09885931558935361,-3.0784058570861816,4996
35M,BLAT_ECOLX_Deng_2012,5,0.4166666666666667,-0.01963635563262125,0.09505703422053231,-2.9933009147644043,4996
35M,BLAT_ECOLX_Deng_2012,6,0.5,-0.00024077043121797405,0.06463878326996197,-2.9674034118652344,4996
35M,BLAT_ECOLX_Deng_2012,7,0.5833333333333334,-0.0003095020793197194,0.09885931558935361,-2.860872745513916,4996
35M,BLAT_ECOLX_Deng_2012,8,0.6666666666666666,0.03019060922375906,0.11406844106463879,-2.8430979251861572,4996
35M,BLAT_ECOLX_Deng_2012,9,0.75,0.09023731674379203,0.12167300380228137,-2.773832082748413,4996
35M,BLAT_ECOLX_Deng_2012,10,0.8333333333333334,0.16297058031533002,0.20152091254752852,-2.6183159351348877,4996
35M,BLAT_ECOLX_Deng_2012,11,0.9166666666666666,0.2651635717960103,0.29277566539923955,-2.3649747371673584,4996
35M,BLAT_ECOLX_Deng_2012,12,1.0,0.3536778197602068,0.4296577946768061,-1.8315843343734741,4996
35M,OXDA_RHOTO_Vanella_2023_expression,0,0.0,0.030018326289002924,0.08791208791208792,-3.3717000484466553,6769
35M,OXDA_RHOTO_Vanella_2023_expression,1,0.08333333333333333,0.02001069050433659,0.08791208791208792,-3.314188241958618,6769
35M,OXDA_RHOTO_Vanella_2023_expression,2,0.16666666666666666,0.03597116701616215,0.10164835164835165,-3.2734756469726562,6769
35M,OXDA_RHOTO_Vanella_2023_expression,3,0.25,-0.0065999717049534355,0.08791208791208792,-3.067511558532715,6769
35M,OXDA_RHOTO_Vanella_2023_expression,4,0.3333333333333333,0.03530424757681026,0.09340659340659341,-2.986764669418335,6769
35M,OXDA_RHOTO_Vanella_2023_expression,5,0.4166666666666667,0.008173394792792527,0.09615384615384616,-2.9987881183624268,6769
35M,OXDA_RHOTO_Vanella_2023_expression,6,0.5,0.03468393414799165,0.07417582417582418,-2.958216667175293,6769
35M,OXDA_RHOTO_Vanella_2023_expression,7,0.5833333333333334,0.03787132222718971,0.09615384615384616,-2.923748016357422,6769
35M,OXDA_RHOTO_Vanella_2023_expression,8,0.6666666666666666,0.10180997219875638,0.11263736263736264,-2.8381783962249756,6769
35M,OXDA_RHOTO_Vanella_2023_expression,9,0.75,0.14861949297790666,0.1565934065934066,-2.743422031402588,6769
35M,OXDA_RHOTO_Vanella_2023_expression,10,0.8333333333333334,0.18182481249629528,0.1813186813186813,-2.663731575012207,6769
35M,OXDA_RHOTO_Vanella_2023_expression,11,0.9166666666666666,0.21365461958800422,0.2445054945054945,-2.424363136291504,6769
35M,OXDA_RHOTO_Vanella_2023_expression,12,1.0,0.25708888997646157,0.3324175824175824,-2.137584924697876,6769
35M,TPMT_HUMAN_Matreyek_2018,0,0.0,0.06676177151661472,0.1037344398340249,-3.543156623840332,3648
35M,TPMT_HUMAN_Matreyek_2018,1,0.08333333333333333,0.15474748869742647,0.0954356846473029,-3.53786563873291,3648
35M,TPMT_HUMAN_Matreyek_2018,2,0.16666666666666666,0.14179973299364024,0.0912863070539419,-3.4228436946868896,3648
35M,TPMT_HUMAN_Matreyek_2018,3,0.25,0.0024969385820867817,0.04564315352697095,-3.183016777038574,3648
35M,TPMT_HUMAN_Matreyek_2018,4,0.3333333333333333,0.01328101953680021,0.05394190871369295,-3.138472080230713,3648
35M,TPMT_HUMAN_Matreyek_2018,5,0.4166666666666667,-0.049317151504756955,0.08298755186721991,-3.03878116607666,3648
35M,TPMT_HUMAN_Matreyek_2018,6,0.5,-0.06748879337259026,0.06224066390041494,-3.0704948902130127,3648
35M,TPMT_HUMAN_Matreyek_2018,7,0.5833333333333334,0.029841381635828973,0.0954356846473029,-2.93769907951355,3648
35M,TPMT_HUMAN_Matreyek_2018,8,0.6666666666666666,0.06456267001645564,0.11618257261410789,-2.9083566665649414,3648
35M,TPMT_HUMAN_Matreyek_2018,9,0.75,0.15608999651520886,0.1037344398340249,-2.8824853897094727,3648
35M,TPMT_HUMAN_Matreyek_2018,10,0.8333333333333334,0.204840222325826,0.13278008298755187,-2.8410162925720215,3648
35M,TPMT_HUMAN_Matreyek_2018,11,0.9166666666666666,0.2912198755328438,0.17842323651452283,-2.5812556743621826,3648
35M,TPMT_HUMAN_Matreyek_2018,12,1.0,0.4332840880438924,0.3278008298755187,-2.132385015487671,3648
35M,SQSTM_MOUSE_Tsuboyama_2023_2RRU,0,0.0,0.18958693778690847,0.175,-3.094782590866089,707
35M,SQSTM_MOUSE_Tsuboyama_2023_2RRU,1,0.08333333333333333,0.1739566791529519,0.15,-3.2718887329101562,707
35M,SQSTM_MOUSE_Tsuboyama_2023_2RRU,2,0.16666666666666666,0.27915462255263934,0.15,-3.3258888721466064,707
35M,SQSTM_MOUSE_Tsuboyama_2023_2RRU,3,0.25,-0.038389571419810635,0.1,-3.235393524169922,707
35M,SQSTM_MOUSE_Tsuboyama_2023_2RRU,4,0.3333333333333333,-0.1051375006969587,0.075,-3.1847734451293945,707
35M,SQSTM_MOUSE_Tsuboyama_2023_2RRU,5,0.4166666666666667,-0.04206710240195906,0.05,-3.0197606086730957,707
35M,SQSTM_MOUSE_Tsuboyama_2023_2RRU,6,0.5,-0.2481370234712598,0.075,-3.0922603607177734,707
35M,SQSTM_MOUSE_Tsuboyama_2023_2RRU,7,0.5833333333333334,-0.18939975574356785,0.125,-2.95121431350708,707
35M,SQSTM_MOUSE_Tsuboyama_2023_2RRU,8,0.6666666666666666,-0.09690221640674382,0.15,-2.9113059043884277,707
35M,SQSTM_MOUSE_Tsuboyama_2023_2RRU,9,0.75,0.0022016763817558392,0.075,-2.867544651031494,707
35M,SQSTM_MOUSE_Tsuboyama_2023_2RRU,10,0.8333333333333334,0.19163912392309274,0.2,-2.655855655670166,707
35M,SQSTM_MOUSE_Tsuboyama_2023_2RRU,11,0.9166666666666666,0.3137645555705795,0.25,-2.43664288520813,707
35M,SQSTM_MOUSE_Tsuboyama_2023_2RRU,12,1.0,0.4422601047804813,0.3,-2.3761000633239746,707
35M,RCRO_LAMBD_Tsuboyama_2023_1ORC,0,0.0,0.19431894775927425,0.047619047619047616,-3.530930757522583,1195
35M,RCRO_LAMBD_Tsuboyama_2023_1ORC,1,0.08333333333333333,0.15094846336748044,0.015873015873015872,-3.5086467266082764,1195
35M,RCRO_LAMBD_Tsuboyama_2023_1ORC,2,0.16666666666666666,0.1762745874177144,0.06349206349206349,-3.64021897315979,1195
35M,RCRO_LAMBD_Tsuboyama_2023_1ORC,3,0.25,0.04489780735023687,0.1111111111111111,-3.2867746353149414,1195
35M,RCRO_LAMBD_Tsuboyama_2023_1ORC,4,0.3333333333333333,0.08591718053471062,0.09523809523809523,-2.910236120223999,1195
35M,RCRO_LAMBD_Tsuboyama_2023_1ORC,5,0.4166666666666667,-0.032750231897231225,0.12698412698412698,-2.8093984127044678,1195
35M,RCRO_LAMBD_Tsuboyama_2023_1ORC,6,0.5,-0.13559691236861884,0.1111111111111111,-2.8509578704833984,1195
35M,RCRO_LAMBD_Tsuboyama_2023_1ORC,7,0.5833333333333334,-0.03191911475205333,0.19047619047619047,-2.809563636779785,1195
35M,RCRO_LAMBD_Tsuboyama_2023_1ORC,8,0.6666666666666666,0.027873874909032512,0.15873015873015872,-2.8162291049957275,1195
35M,RCRO_LAMBD_Tsuboyama_2023_1ORC,9,0.75,0.07438439029082808,0.2222222222222222,-2.7221791744232178,1195
35M,RCRO_LAMBD_Tsuboyama_2023_1ORC,10,0.8333333333333334,0.06871052903790725,0.23809523809523808,-2.62282133102417,1195
35M,RCRO_LAMBD_Tsuboyama_2023_1ORC,11,0.9166666666666666,0.16690680098781577,0.20634920634920634,-2.5516653060913086,1195
35M,RCRO_LAMBD_Tsuboyama_2023_1ORC,12,1.0,0.27943746805282066,0.2698412698412698,-2.372368335723877,1195
35M,OPSD_HUMAN_Wan_2019,0,0.0,-0.14213861983676968,0.08256880733944955,-3.537454128265381,165
35M,OPSD_HUMAN_Wan_2019,1,0.08333333333333333,-0.13036358293484362,0.06422018348623854,-3.1129212379455566,165
35M,OPSD_HUMAN_Wan_2019,2,0.16666666666666666,-0.048641572943659346,0.07339449541284404,-3.174835681915283,165
35M,OPSD_HUMAN_Wan_2019,3,0.25,-0.10625651163411963,0.06422018348623854,-3.1279854774475098,165
35M,OPSD_HUMAN_Wan_2019,4,0.3333333333333333,-0.08105415008147891,0.10091743119266056,-3.231773614883423,165
35M,OPSD_HUMAN_Wan_2019,5,0.4166666666666667,-0.1491331178372025,0.045871559633027525,-3.271723747253418,165
35M,OPSD_HUMAN_Wan_2019,6,0.5,-0.19842385061309545,0.11009174311926606,-3.100529193878174,165
35M,OPSD_HUMAN_Wan_2019,7,0.5833333333333334,-0.11389415756150993,0.12844036697247707,-2.973135471343994,165
35M,OPSD_HUMAN_Wan_2019,8,0.6666666666666666,0.08041567600780061,0.11926605504587157,-2.7860400676727295,165
35M,OPSD_HUMAN_Wan_2019,9,0.75,0.11481313279726445,0.21100917431192662,-2.746032476425171,165
35M,OPSD_HUMAN_Wan_2019,10,0.8333333333333334,0.15776721074987315,0.1834862385321101,-2.5925405025482178,165
35M,OPSD_HUMAN_Wan_2019,11,0.9166666666666666,0.40474447679854675,0.30275229357798167,-2.215090274810791,165
35M,OPSD_HUMAN_Wan_2019,12,1.0,0.5075655170571421,0.47706422018348627,-1.7397862672805786,165
35M,A0A247D711_LISMN_Stadelmann_2021,0,0.0,0.00105227336827591,0.05747126436781609,-3.696462631225586,1653
35M,A0A247D711_LISMN_Stadelmann_2021,1,0.08333333333333333,0.0526689293404796,0.04597701149425287,-3.775665044784546,1653
35M,A0A247D711_LISMN_Stadelmann_2021,2,0.16666666666666666,0.10180347585275129,0.05747126436781609,-3.6903185844421387,1653
35M,A0A247D711_LISMN_Stadelmann_2021,3,0.25,-0.021750667827722524,0.06896551724137931,-3.3285069465637207,1653
35M,A0A247D711_LISMN_Stadelmann_2021,4,0.3333333333333333,0.056862503180854534,0.04597701149425287,-3.0678482055664062,1653
35M,A0A247D711_LISMN_Stadelmann_2021,5,0.4166666666666667,-0.05150162122199994,0.06896551724137931,-2.764460325241089,1653
35M,A0A247D711_LISMN_Stadelmann_2021,6,0.5,-0.1421600472536659,0.09195402298850575,-2.776906728744507,1653
35M,A0A247D711_LISMN_Stadelmann_2021,7,0.5833333333333334,-0.09158822431699092,0.09195402298850575,-2.758918285369873,1653
35M,A0A247D711_LISMN_Stadelmann_2021,8,0.6666666666666666,-0.0734128810433803,0.12643678160919541,-2.7553842067718506,1653
35M,A0A247D711_LISMN_Stadelmann_2021,9,0.75,0.006018931863216588,0.12643678160919541,-2.6698696613311768,1653
35M,A0A247D711_LISMN_Stadelmann_2021,10,0.8333333333333334,0.04556779955897006,0.1724137931034483,-2.6616692543029785,1653
35M,A0A247D711_LISMN_Stadelmann_2021,11,0.9166666666666666,0.042900200329429296,0.1839080459770115,-2.5931785106658936,1653
35M,A0A247D711_LISMN_Stadelmann_2021,12,1.0,0.08436112895631422,0.13793103448275862,-2.4657812118530273,1653
35M,SERC_HUMAN_Xie_2023,0,0.0,0.04914453840990672,0.09562841530054644,-3.444838285446167,1914
35M,SERC_HUMAN_Xie_2023,1,0.08333333333333333,0.0823992789702099,0.09562841530054644,-3.370522975921631,1914
35M,SERC_HUMAN_Xie_2023,2,0.16666666666666666,0.09560983526933049,0.07650273224043716,-3.3330514430999756,1914
35M,SERC_HUMAN_Xie_2023,3,0.25,0.055122959863347885,0.0546448087431694,-3.2140445709228516,1914
35M,SERC_HUMAN_Xie_2023,4,0.3333333333333333,0.057687785292229454,0.08469945355191257,-3.1212284564971924,1914
35M,SERC_HUMAN_Xie_2023,5,0.4166666666666667,-0.08606376442161516,0.09289617486338798,-3.040698766708374,1914
35M,SERC_HUMAN_Xie_2023,6,0.5,-0.06188182389923087,0.07650273224043716,-3.036344051361084,1914
35M,SERC_HUMAN_Xie_2023,7,0.5833333333333334,0.01082152323366251,0.09016393442622951,-2.981020450592041,1914
35M,SERC_HUMAN_Xie_2023,8,0.6666666666666666,0.09875726261267635,0.12295081967213115,-2.9180748462677,1914
35M,SERC_HUMAN_Xie_2023,9,0.75,0.09456116517233888,0.1366120218579235,-2.881196975708008,1914
35M,SERC_HUMAN_Xie_2023,10,0.8333333333333334,0.13409024837740552,0.16120218579234974,-2.845365047454834,1914
35M,SERC_HUMAN_Xie_2023,11,0.9166666666666666,0.2840680575169749,0.2459016393442623,-2.462770462036133,1914
35M,SERC_HUMAN_Xie_2023,12,1.0,0.4072892891578837,0.4371584699453552,-1.7745494842529297,1914
35M,ISDH_STAAW_Tsuboyama_2023_2LHR,0,0.0,0.22113704170659687,0.16363636363636364,-3.484724760055542,940
35M,ISDH_STAAW_Tsuboyama_2023_2LHR,1,0.08333333333333333,0.2794911613054088,0.03636363636363636,-3.584138870239258,940
35M,ISDH_STAAW_Tsuboyama_2023_2LHR,2,0.16666666666666666,0.29896841382726974,0.09090909090909091,-3.6569130420684814,940
35M,ISDH_STAAW_Tsuboyama_2023_2LHR,3,0.25,0.12420793653075467,0.03636363636363636,-3.42340087890625,940
35M,ISDH_STAAW_Tsuboyama_2023_2LHR,4,0.3333333333333333,0.03730099672391585,0.03636363636363636,-3.218414545059204,940
35M,ISDH_STAAW_Tsuboyama_2023_2LHR,5,0.4166666666666667,0.01067721270404913,0.18181818181818182,-2.707019329071045,940
35M,ISDH_STAAW_Tsuboyama_2023_2LHR,6,0.5,0.01240551667403378,0.21818181818181817,-2.694307565689087,940
35M,ISDH_STAAW_Tsuboyama_2023_2LHR,7,0.5833333333333334,0.026732315007724813,0.18181818181818182,-2.718371868133545,940
35M,ISDH_STAAW_Tsuboyama_2023_2LHR,8,0.6666666666666666,0.09937816453901674,0.14545454545454545,-2.709974765777588,940
35M,ISDH_STAAW_Tsuboyama_2023_2LHR,9,0.75,0.10647136964242926,0.2,-2.684199333190918,940
35M,ISDH_STAAW_Tsuboyama_2023_2LHR,10,0.8333333333333334,0.14259259754226147,0.16363636363636364,-2.723724126815796,940
35M,ISDH_STAAW_Tsuboyama_2023_2LHR,11,0.9166666666666666,0.18745564110108384,0.2545454545454545,-2.6608529090881348,940
35M,ISDH_STAAW_Tsuboyama_2023_2LHR,12,1.0,0.21132861534642905,0.3090909090909091,-2.5938403606414795,940
