model,dms_id,kind,layer,head,d_rho_disc,d_rho_eval,d_rho_all,mean_abs_dllr,clean_rho_disc,clean_rho_eval,clean_rho_all
8M,RASH_HUMAN_Bandaru_2017,head,0,0,-0.003956986672034035,0.006755906767423547,0.0015764999342907648,0.08108693420167289,0.6558318449461504,0.3913371207854682,0.5366415648595438
8M,RASH_HUMAN_Bandaru_2017,head,0,1,-0.003517731978200156,-0.008585046187257417,-0.005535661115128487,0.08632482544127464,0.6558318449461504,0.3913371207854682,0.5366415648595438
8M,RASH_HUMAN_Bandaru_2017,head,0,2,-0.0017410945187433802,0.004603918481610514,0.0015565808043710438,0.0941890376066926,0.6558318449461504,0.3913371207854682,0.5366415648595438
8M,RASH_HUMAN_Bandaru_2017,head,0,3,0.00017478464035403096,0.0030591543663062715,0.0012743957758112323,0.03955740737600986,0.6558318449461504,0.3913371207854682,0.5366415648595438
8M,RASH_HUMAN_Bandaru_2017,head,0,4,0.0015819793468763166,-0.0023956119890704564,-0.0002685193944076403,0.11925594951920661,0.6558318449461504,0.3913371207854682,0.5366415648595438
8M,RASH_HUMAN_Bandaru_2017,head,0,5,0.005355391188917813,0.00969445158089638,0.009436747318774086,0.16891774571164378,0.6558318449461504,0.3913371207854682,0.5366415648595438
8M,RASH_HUMAN_Bandaru_2017,head,0,6,0.0022079937220211843,-0.0009032427896875639,0.000677044083653433,0.048086400874752376,0.6558318449461504,0.3913371207854682,0.5366415648595438
8M,RASH_HUMAN_Bandaru_2017,head,0,7,0.0008086546627660285,-0.0028767846227249483,-0.0010524024867756276,0.030774175270197813,0.6558318449461504,0.3913371207854682,0.5366415648595438
8M,RASH_HUMAN_Bandaru_2017,head,0,8,-0.004964291447017932,0.033742072737811546,0.016304926802355957,0.4338823647190266,0.6558318449461504,0.3913371207854682,0.5366415648595438
8M,RASH_HUMAN_Bandaru_2017,head,0,9,-0.0025086436864779627,-0.005613469796355852,-0.0050119229086816874,0.08514856278045771,0.6558318449461504,0.3913371207854682,0.5366415648595438
8M,RASH_HUMAN_Bandaru_2017,head,0,10,-0.0017581653218099458,-0.0016498070626828065,-0.0017521215857342343,0.04636554595013481,0.6558318449461504,0.3913371207854682,0.5366415648595438
8M,RASH_HUMAN_Bandaru_2017,head,0,11,0.004498284002109831,-0.0003961258136083168,0.002130124771525188,0.06906423715283659,0.6558318449461504,0.3913371207854682,0.5366415648595438
8M,RASH_HUMAN_Bandaru_2017,head,0,12,0.0013158531707107013,0.0019443069886465603,0.0014294634246683202,0.02614650676593299,0.6558318449461504,0.3913371207854682,0.5366415648595438
8M,RASH_HUMAN_Bandaru_2017,head,0,13,-0.0018303977497113877,-0.010649836170969429,-0.01075326689602496,0.16974122850091475,0.6558318449461504,0.3913371207854682,0.5366415648595438
8M,RASH_HUMAN_Bandaru_2017,head,0,14,-0.0018412262441938054,-0.001601208879799254,-0.001824306607945192,0.06186710473080498,0.6558318449461504,0.3913371207854682,0.5366415648595438
8M,RASH_HUMAN_Bandaru_2017,head,0,15,0.0031392442475217663,0.0006718951899189474,0.0019182201471762417,0.07256436086250581,0.6558318449461504,0.3913371207854682,0.5366415648595438
8M,RASH_HUMAN_Bandaru_2017,head,0,16,0.0007791420265338411,0.00014832570400918899,0.0008999478769540215,0.019842332856715314,0.6558318449461504,0.3913371207854682,0.5366415648595438
8M,RASH_HUMAN_Bandaru_2017,head,0,17,-0.0008462786923254528,0.002466484339109065,0.001022573532539539,0.04044161604474065,0.6558318449461504,0.3913371207854682,0.5366415648595438
8M,RASH_HUMAN_Bandaru_2017,head,0,18,-0.0035149293090400713,-0.00031006653141862905,-0.0024913038316469738,0.050212789772632486,0.6558318449461504,0.3913371207854682,0.5366415648595438
8M,RASH_HUMAN_Bandaru_2017,head,0,19,0.0042386549226337555,-0.005749013165804617,-4.388557308998564e-05,0.13218463723405655,0.6558318449461504,0.3913371207854682,0.5366415648595438
8M,RASH_HUMAN_Bandaru_2017,head,1,0,-0.003867301258907996,0.020993908774629755,0.009624701371769406,0.16541790301399356,0.6558318449461504,0.3913371207854682,0.5366415648595438
8M,RASH_HUMAN_Bandaru_2017,head,1,1,-0.008858472851053345,0.007887586328217455,-0.0015630247619385917,0.19188354515218053,0.6558318449461504,0.3913371207854682,0.5366415648595438
8M,RASH_HUMAN_Bandaru_2017,head,1,2,6.280526799895547e-05,-5.5305744583622474e-05,0.0001294346649365341,0.020593670013838095,0.6558318449461504,0.3913371207854682,0.5366415648595438
8M,RASH_HUMAN_Bandaru_2017,head,1,3,0.007079924480805633,0.007798489659597563,0.008906438180226406,0.09282635569441593,0.6558318449461504,0.3913371207854682,0.5366415648595438
8M,RASH_HUMAN_Bandaru_2017,head,1,4,-0.008182392613183098,0.014636532418405013,0.0033874107289671995,0.25059188773158353,0.6558318449461504,0.3913371207854682,0.5366415648595438
8M,RASH_HUMAN_Bandaru_2017,head,1,5,3.516075855525269e-05,-0.0055946126889349634,-0.0025015094097652346,0.04169214151300792,0.6558318449461504,0.3913371207854682,0.5366415648595438
8M,RASH_HUMAN_Bandaru_2017,head,1,6,0.0005485587910815104,-0.00022147609387040967,0.00011010279223344632,0.03907268578605778,0.6558318449461504,0.3913371207854682,0.5366415648595438
8M,RASH_HUMAN_Bandaru_2017,head,1,7,0.020456172624037428,0.00926187713012544,0.014944426421114931,0.2020299588416986,0.6558318449461504,0.3913371207854682,0.5366415648595438
8M,RASH_HUMAN_Bandaru_2017,head,1,8,0.007816899075883676,0.0011836948034114614,0.004748847547391688,0.10819852424112816,0.6558318449461504,0.3913371207854682,0.5366415648595438
8M,RASH_HUMAN_Bandaru_2017,head,1,9,0.006274921461566718,0.012021722375286814,0.010552774107861151,0.273854336414065,0.6558318449461504,0.3913371207854682,0.5366415648595438
8M,RASH_HUMAN_Bandaru_2017,head,1,10,-0.005622536517505106,0.024031801435924482,0.0074987191443948165,0.24525624664109835,0.6558318449461504,0.3913371207854682,0.5366415648595438
8M,RASH_HUMAN_Bandaru_2017,head,1,11,-0.00012459138357578947,0.03549186043715585,0.01854764624133165,0.2760709314785988,0.6558318449461504,0.3913371207854682,0.5366415648595438
8M,RASH_HUMAN_Bandaru_2017,head,1,12,0.00668283721842744,-0.009178475561062271,-0.00017224095449297483,0.08645092145540842,0.6558318449461504,0.3913371207854682,0.5366415648595438
8M,RASH_HUMAN_Bandaru_2017,head,1,13,-0.0005146719730534377,0.0012125499744986001,-0.0002494573425880775,0.06290615193799351,0.6558318449461504,0.3913371207854682,0.5366415648595438
8M,RASH_HUMAN_Bandaru_2017,head,1,14,-0.0025132298723765656,0.025181831873067606,0.008305864509284722,0.23260886209856405,0.6558318449461504,0.3913371207854682,0.5366415648595438
8M,RASH_HUMAN_Bandaru_2017,head,1,15,-0.002241498357890559,0.002906019467115828,-0.00022307838328405882,0.0717772041926923,0.6558318449461504,0.3913371207854682,0.5366415648595438
8M,RASH_HUMAN_Bandaru_2017,head,1,16,0.003313137129506427,0.00646026782154846,0.00557432486053433,0.07878000767641874,0.6558318449461504,0.3913371207854682,0.5366415648595438
8M,RASH_HUMAN_Bandaru_2017,head,1,17,0.0005102131812079191,2.7589593407872925e-05,-2.142695250229032e-06,0.06748450574445672,0.6558318449461504,0.3913371207854682,0.5366415648595438
8M,RASH_HUMAN_Bandaru_2017,head,1,18,-9.681948007922436e-05,-0.0011640783493829243,-0.0009292789941585111,0.06474771457760053,0.6558318449461504,0.3913371207854682,0.5366415648595438
8M,RASH_HUMAN_Bandaru_2017,head,1,19,-0.015728197144844303,-0.01356180385317779,-0.015346697614592841,0.22280483371470813,0.6558318449461504,0.3913371207854682,0.5366415648595438
8M,RASH_HUMAN_Bandaru_2017,head,2,0,0.0005712349324685784,-4.986376056276276e-05,0.00011357872008410652,0.016718120658698644,0.6558318449461504,0.3913371207854682,0.5366415648595438
8M,RASH_HUMAN_Bandaru_2017,head,2,1,-0.010318790877566597,-0.0015586854697761665,-0.006811913893489896,0.1457861610223119,0.6558318449461504,0.3913371207854682,0.5366415648595438
8M,RASH_HUMAN_Bandaru_2017,head,2,2,0.0006399003268932058,-4.176406341555028e-05,0.00028615298272705036,0.10539747658466796,0.6558318449461504,0.3913371207854682,0.5366415648595438
8M,RASH_HUMAN_Bandaru_2017,head,2,3,0.006767299475391342,-0.005514375064069876,0.0003051356754631973,0.24532378930291804,0.6558318449461504,0.3913371207854682,0.5366415648595438
8M,RASH_HUMAN_Bandaru_2017,head,2,4,0.0018030080283732985,-0.0028948823835383553,-0.00028416900564343095,0.03692261801069576,0.6558318449461504,0.3913371207854682,0.5366415648595438
8M,RASH_HUMAN_Bandaru_2017,head,2,5,-0.0030463739830768333,-0.0023958651046063206,-0.0023337760512062156,0.06349674027523539,0.6558318449461504,0.3913371207854682,0.5366415648595438
8M,RASH_HUMAN_Bandaru_2017,head,2,6,-0.0052837957312799055,0.0061489357124506205,-0.0003384982341017029,0.1030657169716811,0.6558318449461504,0.3913371207854682,0.5366415648595438
8M,RASH_HUMAN_Bandaru_2017,head,2,7,0.004869892453940761,0.007571571581706293,0.006872290284099081,0.09113423164798976,0.6558318449461504,0.3913371207854682,0.5366415648595438
8M,RASH_HUMAN_Bandaru_2017,head,2,8,0.002149010275604435,0.0009218467815726994,0.000670742972435856,0.19054705663517724,0.6558318449461504,0.3913371207854682,0.5366415648595438
8M,RASH_HUMAN_Bandaru_2017,head,2,9,0.004826833264116037,0.005050667402389131,0.00489561423613083,0.08986037217170556,0.6558318449461504,0.3913371207854682,0.5366415648595438
8M,RASH_HUMAN_Bandaru_2017,head,2,10,-0.004188589059908154,0.0010800439914800952,-0.002553457865723141,0.08168102265974563,0.6558318449461504,0.3913371207854682,0.5366415648595438
8M,RASH_HUMAN_Bandaru_2017,head,2,11,0.012435443063776086,0.05830870730099108,0.03621064503697813,0.4188389765051665,0.6558318449461504,0.3913371207854682,0.5366415648595438
8M,RASH_HUMAN_Bandaru_2017,head,2,12,0.00859107273436066,-0.0033808642123741017,0.003687102371312867,0.08241169251149887,0.6558318449461504,0.3913371207854682,0.5366415648595438
8M,RASH_HUMAN_Bandaru_2017,head,2,13,0.001608604703898231,0.025661359255739147,0.013731216498563015,0.35347012218607243,0.6558318449461504,0.3913371207854682,0.5366415648595438
8M,RASH_HUMAN_Bandaru_2017,head,2,14,0.004379807533065216,-0.006038197665515388,-0.0007241040200771653,0.088826184607756,0.6558318449461504,0.3913371207854682,0.5366415648595438
8M,RASH_HUMAN_Bandaru_2017,head,2,15,0.0009796602655403053,0.00010504294737856412,0.0005529423491177354,0.04633843689404518,0.6558318449461504,0.3913371207854682,0.5366415648595438
8M,RASH_HUMAN_Bandaru_2017,head,2,16,0.008891213122606656,-0.010391025535560816,0.001675206762155823,0.16779282188572553,0.6558318449461504,0.3913371207854682,0.5366415648595438
8M,RASH_HUMAN_Bandaru_2017,head,2,17,-0.005422145672551282,0.008170442939531952,0.0009849731988503807,0.15727249065947715,0.6558318449461504,0.3913371207854682,0.5366415648595438
8M,RASH_HUMAN_Bandaru_2017,head,2,18,0.006449323919762273,0.004872094391845605,0.006135092015269961,0.12871558691091778,0.6558318449461504,0.3913371207854682,0.5366415648595438
8M,RASH_HUMAN_Bandaru_2017,head,2,19,0.0007467839371387841,-0.0007926313005202634,2.007784808644164e-05,0.023543828601502167,0.6558318449461504,0.3913371207854682,0.5366415648595438
8M,RASH_HUMAN_Bandaru_2017,head,3,0,0.00014968801196491022,0.0009432350443521198,0.000620778493561569,0.2657742459739995,0.6558318449461504,0.3913371207854682,0.5366415648595438
8M,RASH_HUMAN_Bandaru_2017,head,3,1,0.0010252673364197218,-0.0007523859303198988,0.0007332620582952698,0.032637869683631034,0.6558318449461504,0.3913371207854682,0.5366415648595438
8M,RASH_HUMAN_Bandaru_2017,head,3,2,-0.006416965830366994,0.0036000622664217885,-0.003191885819420648,0.1728367084467581,0.6558318449461504,0.3913371207854682,0.5366415648595438
8M,RASH_HUMAN_Bandaru_2017,head,3,3,0.0032939006275432003,0.014177127720833849,0.00730922552518265,0.20709269708911884,0.6558318449461504,0.3913371207854682,0.5366415648595438
8M,RASH_HUMAN_Bandaru_2017,head,3,4,-0.00022981887113571187,-0.000707837596009897,-0.0004616317878204379,0.06067021467552227,0.6558318449461504,0.3913371207854682,0.5366415648595438
8M,RASH_HUMAN_Bandaru_2017,head,3,5,0.010797155545590575,-0.004178304708075564,0.0034578181077112857,0.20725701943972238,0.6558318449461504,0.3913371207854682,0.5366415648595438
8M,RASH_HUMAN_Bandaru_2017,head,3,6,-0.014473493119447012,0.019100731124225334,0.004063312041820311,0.3208455440765155,0.6558318449461504,0.3913371207854682,0.5366415648595438
8M,RASH_HUMAN_Bandaru_2017,head,3,7,-0.1193156136698913,-0.005692188728005865,-0.06585523062067056,0.38343088798282177,0.6558318449461504,0.3913371207854682,0.5366415648595438
8M,RASH_HUMAN_Bandaru_2017,head,3,8,-0.021951651409105488,-0.010573901510213868,-0.01901140485258579,0.3882201645036691,0.6558318449461504,0.3913371207854682,0.5366415648595438
8M,RASH_HUMAN_Bandaru_2017,head,3,9,-0.0007679313498927254,-0.00447508267386193,-0.00264407006708689,0.04492893334146912,0.6558318449461504,0.3913371207854682,0.5366415648595438
8M,RASH_HUMAN_Bandaru_2017,head,3,10,4.293179577219419e-05,0.003434651263742594,0.0016263374386316087,0.04018925429699057,0.6558318449461504,0.3913371207854682,0.5366415648595438
8M,RASH_HUMAN_Bandaru_2017,head,3,11,-0.002834390279324084,-0.004496977167713079,-0.0035705238778783732,0.07186638654652333,0.6558318449461504,0.3913371207854682,0.5366415648595438
8M,RASH_HUMAN_Bandaru_2017,head,3,12,0.0028043252828786613,-0.008492532458903523,-0.00246056012275897,0.15501353527397801,0.6558318449461504,0.3913371207854682,0.5366415648595438
8M,RASH_HUMAN_Bandaru_2017,head,3,13,-0.0015319134841508264,0.0007093562892249716,-0.0004054138131784901,0.03680448847466059,0.6558318449461504,0.3913371207854682,0.5366415648595438
8M,RASH_HUMAN_Bandaru_2017,head,3,14,0.00034001472675260214,0.0005312895097531745,0.0008753941765670126,0.03379619134637056,0.6558318449461504,0.3913371207854682,0.5366415648595438
8M,RASH_HUMAN_Bandaru_2017,head,3,15,-0.0055468644501798225,-0.0023243599657281067,-0.004697470476833776,0.10117168464461744,0.6558318449461504,0.3913371207854682,0.5366415648595438
8M,RASH_HUMAN_Bandaru_2017,head,3,16,0.00800416833340567,-0.003276580611603075,0.0036035213847335212,0.18984452724195075,0.6558318449461504,0.3913371207854682,0.5366415648595438
8M,RASH_HUMAN_Bandaru_2017,head,3,17,0.008579862057719767,0.01902644171445278,0.015225548037957726,0.31917613659679694,0.6558318449461504,0.3913371207854682,0.5366415648595438
8M,RASH_HUMAN_Bandaru_2017,head,3,18,-0.16108863313825045,-0.025370782620581123,-0.09611740446277384,0.7641969806014772,0.6558318449461504,0.3913371207854682,0.5366415648595438
8M,RASH_HUMAN_Bandaru_2017,head,3,19,-0.012174540043772497,0.00760574217904636,-0.005220351605180307,0.2479449329339581,0.6558318449461504,0.3913371207854682,0.5366415648595438
8M,RASH_HUMAN_Bandaru_2017,head,4,0,0.002793751576501524,-0.00011175050907863415,0.0014813007779095333,0.034888841906965236,0.6558318449461504,0.3913371207854682,0.5366415648595438
8M,RASH_HUMAN_Bandaru_2017,head,4,1,-0.0029859892020799306,-3.062697983813312e-05,-0.001522297680365714,0.03628233268153654,0.6558318449461504,0.3913371207854682,0.5366415648595438
8M,RASH_HUMAN_Bandaru_2017,head,4,2,-0.03472902011042511,-0.03533670061367861,-0.032752969775616925,0.8562842555810277,0.6558318449461504,0.3913371207854682,0.5366415648595438
8M,RASH_HUMAN_Bandaru_2017,head,4,3,-0.03234216513836263,0.012209660660656818,-0.012672058428601196,0.2737265031633471,0.6558318449461504,0.3913371207854682,0.5366415648595438
8M,RASH_HUMAN_Bandaru_2017,head,4,4,-0.0109858261376925,-0.00805451602411178,-0.009000240616740651,0.20717085408850375,0.6558318449461504,0.3913371207854682,0.5366415648595438
8M,RASH_HUMAN_Bandaru_2017,head,4,5,-0.0015501308336921538,0.005151660501194089,0.0027072875128799634,0.42904919883160636,0.6558318449461504,0.3913371207854682,0.5366415648595438
8M,RASH_HUMAN_Bandaru_2017,head,4,6,-0.11198166544793009,-0.0593838155395221,-0.08284854985559814,0.6341223871799515,0.6558318449461504,0.3913371207854682,0.5366415648595438
8M,RASH_HUMAN_Bandaru_2017,head,4,7,-0.024737122372178955,0.023014909770639358,-0.0015204724214488152,0.47712080054696643,0.6558318449461504,0.3913371207854682,0.5366415648595438
8M,RASH_HUMAN_Bandaru_2017,head,4,8,0.006503466392175139,0.03437448190413761,0.022872700411841862,0.2648686480051076,0.6558318449461504,0.3913371207854682,0.5366415648595438
8M,RASH_HUMAN_Bandaru_2017,head,4,9,0.009534807877029206,0.03832156557021238,0.023692940025483833,0.6491961680704362,0.6558318449461504,0.3913371207854682,0.5366415648595438
8M,RASH_HUMAN_Bandaru_2017,head,4,10,-0.006831123895811975,0.00853556209999834,0.003973842611256773,0.36934441485075215,0.6558318449461504,0.3913371207854682,0.5366415648595438
8M,RASH_HUMAN_Bandaru_2017,head,4,11,-0.022008978732836693,-0.03265215724043313,-0.029342560784296312,0.3278762622931655,0.6558318449461504,0.3913371207854682,0.5366415648595438
8M,RASH_HUMAN_Bandaru_2017,head,4,12,-0.01072798057495472,-0.11455186527166261,-0.05901487443170955,0.5567993656471454,0.6558318449461504,0.3913371207854682,0.5366415648595438
8M,RASH_HUMAN_Bandaru_2017,head,4,13,0.003458111561519983,0.0008050339617770019,0.0016907135270415319,0.12468024155965358,0.6558318449461504,0.3913371207854682,0.5366415648595438
8M,RASH_HUMAN_Bandaru_2017,head,4,14,0.010138910475103513,0.0005425531510985793,0.005877238481663993,0.4569262133340804,0.6558318449461504,0.3913371207854682,0.5366415648595438
8M,RASH_HUMAN_Bandaru_2017,head,4,15,-0.0010767345337250323,-0.0022510830180990093,-0.000894948254703265,0.06647454102397882,0.6558318449461504,0.3913371207854682,0.5366415648595438
8M,RASH_HUMAN_Bandaru_2017,head,4,16,-0.03164672100447652,0.008510883335252795,-0.013692600368607089,0.43096532930265274,0.6558318449461504,0.3913371207854682,0.5366415648595438
8M,RASH_HUMAN_Bandaru_2017,head,4,17,0.0271690748389104,0.052363023363829586,0.03969952428991086,0.4354077894261064,0.6558318449461504,0.3913371207854682,0.5366415648595438
8M,RASH_HUMAN_Bandaru_2017,head,4,18,-0.0055443165691252405,0.0021402184133958446,-0.0011816884946470596,0.3446790772264273,0.6558318449461504,0.3913371207854682,0.5366415648595438
8M,RASH_HUMAN_Bandaru_2017,head,4,19,-0.004967603692389133,-0.008900934376000591,-0.0069053671500375335,0.44150556978881034,0.6558318449461504,0.3913371207854682,0.5366415648595438
8M,RASH_HUMAN_Bandaru_2017,head,5,0,0.01952441252232595,0.007871007260619123,0.016935783899502233,0.28934697942597676,0.6558318449461504,0.3913371207854682,0.5366415648595438
8M,RASH_HUMAN_Bandaru_2017,head,5,1,-0.0014175136247938092,0.00778975717361069,0.003650470218440671,0.06563906873751157,0.6558318449461504,0.3913371207854682,0.5366415648595438
8M,RASH_HUMAN_Bandaru_2017,head,5,2,-0.014962686281953519,0.035376439752807354,0.010163359085884949,0.7270316585620331,0.6558318449461504,0.3913371207854682,0.5366415648595438
8M,RASH_HUMAN_Bandaru_2017,head,5,3,0.00939760448223248,-0.013962359188663509,-0.0008276200083929819,0.17706352688216745,0.6558318449461504,0.3913371207854682,0.5366415648595438
8M,RASH_HUMAN_Bandaru_2017,head,5,4,-0.0037516274590235765,0.018572479000902364,0.007454928802204774,0.17584299288780053,0.6558318449461504,0.3913371207854682,0.5366415648595438
8M,RASH_HUMAN_Bandaru_2017,head,5,5,0.010977672918317527,0.007645860991478903,0.012783494453434963,0.2619679190717335,0.6558318449461504,0.3913371207854682,0.5366415648595438
8M,RASH_HUMAN_Bandaru_2017,head,5,6,-0.03596945600191592,0.027788542219038592,-0.004670424901229708,0.44447240282492106,0.6558318449461504,0.3913371207854682,0.5366415648595438
8M,RASH_HUMAN_Bandaru_2017,head,5,7,0.016295355467625505,0.024396034692015345,0.0232409265585648,0.17173797644584815,0.6558318449461504,0.3913371207854682,0.5366415648595438
8M,RASH_HUMAN_Bandaru_2017,head,5,8,-0.0011313865823485703,-0.004346373423881167,-0.001981897875652616,0.23276397968620946,0.6558318449461504,0.3913371207854682,0.5366415648595438
8M,RASH_HUMAN_Bandaru_2017,head,5,9,0.03694707796261254,0.004051114151309931,0.021352735888526597,0.5412630082877878,0.6558318449461504,0.3913371207854682,0.5366415648595438
8M,RASH_HUMAN_Bandaru_2017,head,5,10,-0.01234970686628456,-0.017611778984576387,-0.013166894056893419,0.23104964371701103,0.6558318449461504,0.3913371207854682,0.5366415648595438
8M,RASH_HUMAN_Bandaru_2017,head,5,11,0.00032409047016057624,0.0016434791742864774,0.0009046618065048362,0.07175951299761574,0.6558318449461504,0.3913371207854682,0.5366415648595438
8M,RASH_HUMAN_Bandaru_2017,head,5,12,-0.05497320903070946,0.014571987956762789,-0.022016971416127906,0.6814788918202062,0.6558318449461504,0.3913371207854682,0.5366415648595438
8M,RASH_HUMAN_Bandaru_2017,head,5,13,-0.008403803476838334,-0.005719398648109941,-0.008775352846356332,0.12168800012994677,0.6558318449461504,0.3913371207854682,0.5366415648595438
8M,RASH_HUMAN_Bandaru_2017,head,5,14,-6.509836094792387e-05,0.0068824645353495195,0.004835777487288251,0.4646910409372541,0.6558318449461504,0.3913371207854682,0.5366415648595438
8M,RASH_HUMAN_Bandaru_2017,head,5,15,0.0030671392136730757,-0.0029091834113140203,-0.00045417203398601114,0.0621323272765795,0.6558318449461504,0.3913371207854682,0.5366415648595438
8M,RASH_HUMAN_Bandaru_2017,head,5,16,0.0008490813614858705,0.0022834818066880813,0.0013965928923465043,0.16786335675305514,0.6558318449461504,0.3913371207854682,0.5366415648595438
8M,RASH_HUMAN_Bandaru_2017,head,5,17,-0.017253231350147558,0.01976123611503089,-0.0017065218564437101,0.1806762586179078,0.6558318449461504,0.3913371207854682,0.5366415648595438
8M,RASH_HUMAN_Bandaru_2017,head,5,18,0.008971853557988574,0.008401410865996883,0.010588263489933136,0.09271419774556919,0.6558318449461504,0.3913371207854682,0.5366415648595438
8M,RASH_HUMAN_Bandaru_2017,head,5,19,0.0015571375065928095,0.0007604856274670557,0.0015815630438081874,0.05393538582338067,0.6558318449461504,0.3913371207854682,0.5366415648595438
8M,RASH_HUMAN_Bandaru_2017,attn_layer,0,-1,-0.3679570834915141,-0.033077644456200206,-0.20937403777111435,2.5496455800651066,0.6558318449461504,0.3913371207854682,0.5366415648595438
8M,RASH_HUMAN_Bandaru_2017,mlp,0,-1,-0.6783784265815334,-0.5298664942106149,-0.59709677491034,3.40098225586239,0.6558318449461504,0.3913371207854682,0.5366415648595438
8M,RASH_HUMAN_Bandaru_2017,attn_layer,1,-1,-0.6080640435381913,-0.3302040237776735,-0.47204944515303277,3.317333044780727,0.6558318449461504,0.3913371207854682,0.5366415648595438
8M,RASH_HUMAN_Bandaru_2017,mlp,1,-1,-0.26839493685076793,-0.1645847070124394,-0.21326739440004205,2.697541554463551,0.6558318449461504,0.3913371207854682,0.5366415648595438
8M,RASH_HUMAN_Bandaru_2017,attn_layer,2,-1,-0.45766262487802006,-0.20258987816283686,-0.3348164964043986,3.2104132891224717,0.6558318449461504,0.3913371207854682,0.5366415648595438
8M,RASH_HUMAN_Bandaru_2017,mlp,2,-1,-0.30483294817864715,-0.0035057767293170117,-0.1591635139948156,2.6055211993394383,0.6558318449461504,0.3913371207854682,0.5366415648595438
8M,RASH_HUMAN_Bandaru_2017,attn_layer,3,-1,-0.4030175829271585,-0.16754957584164085,-0.292251775897567,2.5039493520749256,0.6558318449461504,0.3913371207854682,0.5366415648595438
8M,RASH_HUMAN_Bandaru_2017,mlp,3,-1,-0.3729304199162765,-0.10348869143064704,-0.2525044615676656,2.1484875188962556,0.6558318449461504,0.3913371207854682,0.5366415648595438
8M,RASH_HUMAN_Bandaru_2017,attn_layer,4,-1,-0.3481023381904438,-0.14820762561174863,-0.2536885625784464,2.7809679574945494,0.6558318449461504,0.3913371207854682,0.5366415648595438
8M,RASH_HUMAN_Bandaru_2017,mlp,4,-1,-0.44862325247208146,-0.10519924622193422,-0.3029141290277115,2.67460058830703,0.6558318449461504,0.3913371207854682,0.5366415648595438
8M,RASH_HUMAN_Bandaru_2017,attn_layer,5,-1,-0.1208321124736611,0.07465199777764558,-0.03294559014271303,1.975059041600065,0.6558318449461504,0.3913371207854682,0.5366415648595438
8M,RASH_HUMAN_Bandaru_2017,mlp,5,-1,-0.24116547723086085,-0.06313498778084747,-0.16044627421801144,2.2976107494629567,0.6558318449461504,0.3913371207854682,0.5366415648595438
8M,TPK1_HUMAN_Weile_2017,head,0,0,0.0004856525341921658,-0.0022970956250903812,-0.0012138126109728642,0.02960083375936784,0.19942080489325895,0.09718140956083664,0.1555346323986093
8M,TPK1_HUMAN_Weile_2017,head,0,1,-0.006446321940218186,0.001866533661386796,-0.003093118440020831,0.04341483978355456,0.19942080489325895,0.09718140956083664,0.1555346323986093
8M,TPK1_HUMAN_Weile_2017,head,0,2,0.001772183258015203,-0.003920966793605374,-0.0005076910482602615,0.05012432265581575,0.19942080489325895,0.09718140956083664,0.1555346323986093
8M,TPK1_HUMAN_Weile_2017,head,0,3,-0.0029899452412885663,-0.00045253275697712536,-0.0014574893875358708,0.02145814502014304,0.19942080489325895,0.09718140956083664,0.1555346323986093
8M,TPK1_HUMAN_Weile_2017,head,0,4,-0.000457461621917149,-0.005296272868070634,-0.004327128609234843,0.049960339031879256,0.19942080489325895,0.09718140956083664,0.1555346323986093
8M,TPK1_HUMAN_Weile_2017,head,0,5,0.004505847478621899,-0.0013234943530142512,0.004156545536514539,0.10307571029513136,0.19942080489325895,0.09718140956083664,0.1555346323986093
8M,TPK1_HUMAN_Weile_2017,head,0,6,-0.0004480646511588193,-0.0002538118506523884,-0.001234056814845036,0.029698594748598973,0.19942080489325895,0.09718140956083664,0.1555346323986093
8M,TPK1_HUMAN_Weile_2017,head,0,7,-0.0009191945941789681,0.00037350348564996194,-0.0007975469995547824,0.023198257639723004,0.19942080489325895,0.09718140956083664,0.1555346323986093
8M,TPK1_HUMAN_Weile_2017,head,0,8,-0.0047066009448226975,-0.03728574787432575,-0.02210751024979435,0.26716071554699783,0.19942080489325895,0.09718140956083664,0.1555346323986093
8M,TPK1_HUMAN_Weile_2017,head,0,9,0.0009456769663161446,-0.005172646165621075,-0.0036601427309664314,0.03709225084796642,0.19942080489325895,0.09718140956083664,0.1555346323986093
8M,TPK1_HUMAN_Weile_2017,head,0,10,0.00023962275433755953,0.0020734526249031465,0.0010225655237010023,0.030872840176588333,0.19942080489325895,0.09718140956083664,0.1555346323986093
8M,TPK1_HUMAN_Weile_2017,head,0,11,-0.000914923243834298,-0.0014244944176149271,-0.0015970531156132839,0.024953607118354655,0.19942080489325895,0.09718140956083664,0.1555346323986093
8M,TPK1_HUMAN_Weile_2017,head,0,12,-0.0003246226261970353,0.0007447115152862671,0.0007774427325757116,0.017615791761650228,0.19942080489325895,0.09718140956083664,0.1555346323986093
8M,TPK1_HUMAN_Weile_2017,head,0,13,-0.0014458520916802442,-0.011318893603318309,-0.007986758238259811,0.09960331425726789,0.19942080489325895,0.09718140956083664,0.1555346323986093
8M,TPK1_HUMAN_Weile_2017,head,0,14,0.0012053750672737784,-0.004405308012485981,-0.002954440978933187,0.043444343145538425,0.19942080489325895,0.09718140956083664,0.1555346323986093
8M,TPK1_HUMAN_Weile_2017,head,0,15,-0.0013869074569234086,0.0025072938114833743,0.0008507230189425674,0.05495769347784654,0.19942080489325895,0.09718140956083664,0.1555346323986093
8M,TPK1_HUMAN_Weile_2017,head,0,16,-0.0007919083539070226,-0.0011972442722633786,-0.0009632789266467157,0.014308270605855019,0.19942080489325895,0.09718140956083664,0.1555346323986093
8M,TPK1_HUMAN_Weile_2017,head,0,17,0.000609521694188403,0.00015740269807899832,0.0008256276694419973,0.018470263893499313,0.19942080489325895,0.09718140956083664,0.1555346323986093
8M,TPK1_HUMAN_Weile_2017,head,0,18,-0.001606881999675347,-0.0029978655538295818,-0.0031050130759365246,0.040676276451386745,0.19942080489325895,0.09718140956083664,0.1555346323986093
8M,TPK1_HUMAN_Weile_2017,head,0,19,0.0034333114070682347,-0.0010500071651019932,-2.7474276683675525e-05,0.10363929826508528,0.19942080489325895,0.09718140956083664,0.1555346323986093
8M,TPK1_HUMAN_Weile_2017,head,1,0,-0.008780614903595607,-0.0017442186480879085,-0.00424643166753233,0.11303330404953386,0.19942080489325895,0.09718140956083664,0.1555346323986093
8M,TPK1_HUMAN_Weile_2017,head,1,1,-0.0151137460596793,-0.012482033957664576,-0.013089043944149309,0.16161909268337227,0.19942080489325895,0.09718140956083664,0.1555346323986093
8M,TPK1_HUMAN_Weile_2017,head,1,2,-0.00011062797392766277,0.001691751082061571,0.0007006173782496683,0.011011137152617832,0.19942080489325895,0.09718140956083664,0.1555346323986093
8M,TPK1_HUMAN_Weile_2017,head,1,3,-0.00168205776574204,0.00445974311223829,0.0025968555713658525,0.04266610516692108,0.19942080489325895,0.09718140956083664,0.1555346323986093
8M,TPK1_HUMAN_Weile_2017,head,1,4,-0.0033179849477613377,0.0170470401242432,0.009466964048113119,0.10663018474039042,0.19942080489325895,0.09718140956083664,0.1555346323986093
8M,TPK1_HUMAN_Weile_2017,head,1,5,0.0010511793198301478,0.003331362520384462,0.002832835818806917,0.01990292263480852,0.19942080489325895,0.09718140956083664,0.1555346323986093
8M,TPK1_HUMAN_Weile_2017,head,1,6,-0.001810198276082975,-0.0012185592209615903,-0.0012690410381265005,0.029102798715327522,0.19942080489325895,0.09718140956083664,0.1555346323986093
8M,TPK1_HUMAN_Weile_2017,head,1,7,-0.005189263533773553,-0.0019167057713994767,-0.00023369461152003557,0.1315286412553967,0.19942080489325895,0.09718140956083664,0.1555346323986093
8M,TPK1_HUMAN_Weile_2017,head,1,8,0.002795171665570362,-0.0034205573826292246,-0.0009176594994877163,0.04305433477245787,0.19942080489325895,0.09718140956083664,0.1555346323986093
8M,TPK1_HUMAN_Weile_2017,head,1,9,-0.004397782314901039,-0.0015291016273799446,-0.005835415088975365,0.13864349025600362,0.19942080489325895,0.09718140956083664,0.1555346323986093
8M,TPK1_HUMAN_Weile_2017,head,1,10,0.005198233369497429,-0.005998354485960505,-0.0011830731401162309,0.13801182722145655,0.19942080489325895,0.09718140956083664,0.1555346323986093
8M,TPK1_HUMAN_Weile_2017,head,1,11,-0.01644640736722508,0.003561891888612681,-0.006744398501089266,0.140603040936608,0.19942080489325895,0.09718140956083664,0.1555346323986093
8M,TPK1_HUMAN_Weile_2017,head,1,12,0.0023693180362039656,-0.0023492352688290474,-0.00046277130556687807,0.04848549613412821,0.19942080489325895,0.09718140956083664,0.1555346323986093
8M,TPK1_HUMAN_Weile_2017,head,1,13,-0.0009021091928002323,-0.004932607051050614,-0.004844755176907051,0.03783998530615801,0.19942080489325895,0.09718140956083664,0.1555346323986093
8M,TPK1_HUMAN_Weile_2017,head,1,14,0.004653209065513975,0.00019544168344809432,0.0018694169552671003,0.08081591429200562,0.19942080489325895,0.09718140956083664,0.1555346323986093
8M,TPK1_HUMAN_Weile_2017,head,1,15,0.005574539334865319,-0.004148872783532265,-3.283852425350897e-05,0.051159638466325194,0.19942080489325895,0.09718140956083664,0.1555346323986093
8M,TPK1_HUMAN_Weile_2017,head,1,16,-0.0026281618670926377,-0.002443676887676438,-0.003057667760428956,0.0365222137679094,0.19942080489325895,0.09718140956083664,0.1555346323986093
8M,TPK1_HUMAN_Weile_2017,head,1,17,0.00023193432371709788,-0.003763892017814033,-0.0029534147750502893,0.05143633597301987,0.19942080489325895,0.09718140956083664,0.1555346323986093
8M,TPK1_HUMAN_Weile_2017,head,1,18,-0.0035157484687208806,0.0033166060174395634,-0.0008455453538969149,0.04290995807767664,0.19942080489325895,0.09718140956083664,0.1555346323986093
8M,TPK1_HUMAN_Weile_2017,head,1,19,-0.006666296482970124,-0.004169203965367477,-0.00605693519079345,0.08600476028034522,0.19942080489325895,0.09718140956083664,0.1555346323986093
8M,TPK1_HUMAN_Weile_2017,head,2,0,0.0012292946292040696,-0.0008512862587772563,0.00030870078623543296,0.018171690357556135,0.19942080489325895,0.09718140956083664,0.1555346323986093
8M,TPK1_HUMAN_Weile_2017,head,2,1,0.0046574804158586725,0.00966288605061219,0.008260568092475884,0.08170509244660912,0.19942080489325895,0.09718140956083664,0.1555346323986093
8M,TPK1_HUMAN_Weile_2017,head,2,2,-0.00658086947607614,0.0019527772230425733,-0.0018614871979899528,0.053334828630183476,0.19942080489325895,0.09718140956083664,0.1555346323986093
8M,TPK1_HUMAN_Weile_2017,head,2,3,-0.007163908798127422,-0.015295935108114334,-0.011633233799330955,0.18215126998769413,0.19942080489325895,0.09718140956083664,0.1555346323986093
8M,TPK1_HUMAN_Weile_2017,head,2,4,0.0030881862992166442,0.002351530724842704,0.0028342351877381766,0.01870596390100395,0.19942080489325895,0.09718140956083664,0.1555346323986093
8M,TPK1_HUMAN_Weile_2017,head,2,5,0.0006710291391520684,0.0010372181958830662,4.0068597065012757e-05,0.016033937158824514,0.19942080489325895,0.09718140956083664,0.1555346323986093
8M,TPK1_HUMAN_Weile_2017,head,2,6,0.00043653200522814073,-0.004208882562174887,-0.0037152778668579634,0.047687394251613495,0.19942080489325895,0.09718140956083664,0.1555346323986093
8M,TPK1_HUMAN_Weile_2017,head,2,7,-0.0004173109286770005,-0.003322508618617534,-0.0033276060272685593,0.05222880652865524,0.19942080489325895,0.09718140956083664,0.1555346323986093
8M,TPK1_HUMAN_Weile_2017,head,2,8,-0.002998915077012443,0.02469746709545785,0.01200043016058766,0.1130212719710368,0.19942080489325895,0.09718140956083664,0.1555346323986093
8M,TPK1_HUMAN_Weile_2017,head,2,9,0.0006654763837039279,-0.0036222295895429607,-0.003118680245831812,0.06596514976249551,0.19942080489325895,0.09718140956083664,0.1555346323986093
8M,TPK1_HUMAN_Weile_2017,head,2,10,0.0034948188520319,-0.004739132901328519,-0.0006997777568909236,0.03040146640261764,0.19942080489325895,0.09718140956083664,0.1555346323986093
8M,TPK1_HUMAN_Weile_2017,head,2,11,0.000553567004672878,-0.01793538160152655,-0.01027206763989666,0.07256192943584994,0.19942080489325895,0.09718140956083664,0.1555346323986093
8M,TPK1_HUMAN_Weile_2017,head,2,12,0.006582150881179583,0.004887681697640561,0.005779813496773395,0.04743758312561227,0.19942080489325895,0.09718140956083664,0.1555346323986093
8M,TPK1_HUMAN_Weile_2017,head,2,13,0.0031257741822500185,0.003609768542611705,0.0036171821047768227,0.03365219501579333,0.19942080489325895,0.09718140956083664,0.1555346323986093
8M,TPK1_HUMAN_Weile_2017,head,2,14,-0.00243723250668465,0.0019494980001659307,0.0012446920187226262,0.055644401401843666,0.19942080489325895,0.09718140956083664,0.1555346323986093
8M,TPK1_HUMAN_Weile_2017,head,2,15,-0.0012322845744453526,-0.001967533725987486,-0.0018045795281187993,0.04219789868630703,0.19942080489325895,0.09718140956083664,0.1555346323986093
8M,TPK1_HUMAN_Weile_2017,head,2,16,0.003294919655900036,0.009162476639636041,0.004266162769463067,0.10365554652873825,0.19942080489325895,0.09718140956083664,0.1555346323986093
8M,TPK1_HUMAN_Weile_2017,head,2,17,0.0005612554352933119,-0.0018458745572639268,-0.0012580326692006039,0.01675871801826189,0.19942080489325895,0.09718140956083664,0.1555346323986093
8M,TPK1_HUMAN_Weile_2017,head,2,18,-1.2386915999612613e-05,0.009373658592892034,0.006101528414069524,0.0584543913415393,0.19942080489325895,0.09718140956083664,0.1555346323986093
8M,TPK1_HUMAN_Weile_2017,head,2,19,-0.0010242698126585736,-0.002051153909341949,-0.0018452078727562993,0.015731351930390363,0.19942080489325895,0.09718140956083664,0.1555346323986093
8M,TPK1_HUMAN_Weile_2017,head,3,0,0.003938612152846022,-0.00025118847235106045,0.0017620853582396012,0.021678281842537644,0.19942080489325895,0.09718140956083664,0.1555346323986093
8M,TPK1_HUMAN_Weile_2017,head,3,1,0.004038988885946393,-0.0003397274900205083,0.003148486804067596,0.04190590134206808,0.19942080489325895,0.09718140956083664,0.1555346323986093
8M,TPK1_HUMAN_Weile_2017,head,3,2,-0.0004130395783322749,0.0011772410127158517,0.00013382631545927337,0.012778837163493319,0.19942080489325895,0.09718140956083664,0.1555346323986093
8M,TPK1_HUMAN_Weile_2017,head,3,3,-0.00499961557846898,-0.00417051565451812,-0.004330393803407773,0.036573732611518237,0.19942080489325895,0.09718140956083664,0.1555346323986093
8M,TPK1_HUMAN_Weile_2017,head,3,4,0.0014603746828522335,0.000849646647338928,0.0014090712225143798,0.021911222792271548,0.19942080489325895,0.09718140956083664,0.1555346323986093
8M,TPK1_HUMAN_Weile_2017,head,3,5,-0.003406401899896605,0.002333167076733478,0.0009557223344179022,0.04812349782050031,0.19942080489325895,0.09718140956083664,0.1555346323986093
8M,TPK1_HUMAN_Weile_2017,head,3,6,-0.004087255144841512,-0.004730606921849234,-0.005621544870648143,0.03508674030034047,0.19942080489325895,0.09718140956083664,0.1555346323986093
8M,TPK1_HUMAN_Weile_2017,head,3,7,-0.0031343168829393586,-0.0060455752953842146,-0.00627075876348962,0.03544028731262159,0.19942080489325895,0.09718140956083664,0.1555346323986093
8M,TPK1_HUMAN_Weile_2017,head,3,8,0.0013382140629938921,-0.00423675595662637,-0.00232626426569163,0.03160588246471477,0.19942080489325895,0.09718140956083664,0.1555346323986093
8M,TPK1_HUMAN_Weile_2017,head,3,9,0.00017854244440837497,-0.0006696173114110887,-0.00031425161632941956,0.0077964796585107,0.19942080489325895,0.09718140956083664,0.1555346323986093
8M,TPK1_HUMAN_Weile_2017,head,3,10,0.002106629990005049,-0.0005056561675787774,0.00041425984928328274,0.015271088424718604,0.19942080489325895,0.09718140956083664,0.1555346323986093
8M,TPK1_HUMAN_Weile_2017,head,3,11,0.0002703764768193784,-0.0008158706517094744,-0.000674402533604096,0.01479399691587724,0.19942080489325895,0.09718140956083664,0.1555346323986093
8M,TPK1_HUMAN_Weile_2017,head,3,12,-0.011245611187520821,0.014378408547228841,0.004040211332695998,0.10390672912387727,0.19942080489325895,0.09718140956083664,0.1555346323986093
8M,TPK1_HUMAN_Weile_2017,head,3,13,0.00365969297533722,0.0037917654122655575,0.004823158249734644,0.04549100039140234,0.19942080489325895,0.09718140956083664,0.1555346323986093
8M,TPK1_HUMAN_Weile_2017,head,3,14,0.0011852997206537041,0.0008562050930922133,0.0005679105579353971,0.02673874279987887,0.19942080489325895,0.09718140956083664,0.1555346323986093
8M,TPK1_HUMAN_Weile_2017,head,3,15,0.0006112302343262987,0.0006617471765071187,0.0005883413443317498,0.006887419981026799,0.19942080489325895,0.09718140956083664,0.1555346323986093
8M,TPK1_HUMAN_Weile_2017,head,3,16,-0.0013856260518199937,-0.013347092952523745,-0.00786543295191977,0.0984646329339945,0.19942080489325895,0.09718140956083664,0.1555346323986093
8M,TPK1_HUMAN_Weile_2017,head,3,17,0.0008820338461801303,-0.000978848028678772,-0.0006762217132147141,0.020415908510580002,0.19942080489325895,0.09718140956083664,0.1555346323986093
8M,TPK1_HUMAN_Weile_2017,head,3,18,-0.002035725574283026,0.00047286393881232347,-0.0008544546694259081,0.01185702752767119,0.19942080489325895,0.09718140956083664,0.1555346323986093
8M,TPK1_HUMAN_Weile_2017,head,3,19,-0.0010473351045199308,-0.005430393083725435,-0.0032936013622390237,0.07710243808398456,0.19942080489325895,0.09718140956083664,0.1555346323986093
8M,TPK1_HUMAN_Weile_2017,head,4,0,0.0033081608419685826,-0.0009499908673642754,0.001564261236990827,0.02148116853252147,0.19942080489325895,0.09718140956083664,0.1555346323986093
8M,TPK1_HUMAN_Weile_2017,head,4,1,0.001192133881205204,0.00018199686965383877,0.001258079314831656,0.018074132736373996,0.19942080489325895,0.09718140956083664,0.1555346323986093
8M,TPK1_HUMAN_Weile_2017,head,4,2,-2.6482372137121013e-05,0.005345789133507986,0.002272108688051999,0.0957955481871119,0.19942080489325895,0.09718140956083664,0.1555346323986093
8M,TPK1_HUMAN_Weile_2017,head,4,3,0.004240169487181672,-0.00304016752893832,-0.0003175168105023496,0.03833482287964731,0.19942080489325895,0.09718140956083664,0.1555346323986093
8M,TPK1_HUMAN_Weile_2017,head,4,4,-0.00011319078413449257,-0.007533030792230722,-0.004628506031396695,0.0384111649960092,0.19942080489325895,0.09718140956083664,0.1555346323986093
8M,TPK1_HUMAN_Weile_2017,head,4,5,-0.0006236171503258836,-0.0030873883383620293,-0.001691323935949035,0.04072842770402536,0.19942080489325895,0.09718140956083664,0.1555346323986093
8M,TPK1_HUMAN_Weile_2017,head,4,6,0.0030313773396321575,0.004925392760722,0.004420373225687668,0.021956773111655278,0.19942080489325895,0.09718140956083664,0.1555346323986093
8M,TPK1_HUMAN_Weile_2017,head,4,7,-0.0015052238614715607,-0.010174116897081267,-0.006306815836285007,0.09907698762491814,0.19942080489325895,0.09718140956083664,0.1555346323986093
8M,TPK1_HUMAN_Weile_2017,head,4,8,-0.005039766271709101,0.0011480559291136977,-0.0021385622463789555,0.03163621335659387,0.19942080489325895,0.09718140956083664,0.1555346323986093
8M,TPK1_HUMAN_Weile_2017,head,4,9,0.0018298464876686238,0.004575499679783893,0.004637415346925744,0.07510495541980432,0.19942080489325895,0.09718140956083664,0.1555346323986093
8M,TPK1_HUMAN_Weile_2017,head,4,10,-0.0015910780033999705,-0.006324309239899101,-0.0049086130458034505,0.058495746281162,0.19942080489325895,0.09718140956083664,0.1555346323986093
8M,TPK1_HUMAN_Weile_2017,head,4,11,-0.0012647468370650394,0.01217214739582155,0.0076661628161087125,0.056960857514315434,0.19942080489325895,0.09718140956083664,0.1555346323986093
8M,TPK1_HUMAN_Weile_2017,head,4,12,0.005775719936100598,0.006156085106327175,0.007196348020254484,0.06737338859330183,0.19942080489325895,0.09718140956083664,0.1555346323986093
8M,TPK1_HUMAN_Weile_2017,head,4,13,0.0016436156126397872,-0.0019449070881386171,-0.0008316916014774189,0.017477342917484307,0.19942080489325895,0.09718140956083664,0.1555346323986093
8M,TPK1_HUMAN_Weile_2017,head,4,14,-0.023457401823012314,0.004567957467167594,-0.007521514714247696,0.11799936830622595,0.19942080489325895,0.09718140956083664,0.1555346323986093
8M,TPK1_HUMAN_Weile_2017,head,4,15,-0.0009768578238324166,-0.0007906206355593054,-0.0013363973293510356,0.014939245937755273,0.19942080489325895,0.09718140956083664,0.1555346323986093
8M,TPK1_HUMAN_Weile_2017,head,4,16,0.003670798486233473,0.003117229266539498,0.004160417123891036,0.08359935017501784,0.19942080489325895,0.09718140956083664,0.1555346323986093
8M,TPK1_HUMAN_Weile_2017,head,4,17,-0.0027289657352275176,0.006868660237422289,0.0029692276439735044,0.059275476625130614,0.19942080489325895,0.09718140956083664,0.1555346323986093
8M,TPK1_HUMAN_Weile_2017,head,4,18,0.004593410160688205,0.0036671549429529993,0.004276378162661215,0.03391112977603696,0.19942080489325895,0.09718140956083664,0.1555346323986093
8M,TPK1_HUMAN_Weile_2017,head,4,19,0.0054105194816289615,0.010907351132299264,0.008252871563353997,0.0820901077123558,0.19942080489325895,0.09718140956083664,0.1555346323986093
8M,TPK1_HUMAN_Weile_2017,head,5,0,-0.013090834536430312,0.0013953093340127731,-0.007173864826092252,0.08590691157107083,0.19942080489325895,0.09718140956083664,0.1555346323986093
8M,TPK1_HUMAN_Weile_2017,head,5,1,0.0016209774558129109,-0.003276927420632139,-0.0010235450819528757,0.02218479555357927,0.19942080489325895,0.09718140956083664,0.1555346323986093
8M,TPK1_HUMAN_Weile_2017,head,5,2,-0.018378339128131943,0.0017455303372385655,-0.008325032354575823,0.1308212752612132,0.19942080489325895,0.09718140956083664,0.1555346323986093
8M,TPK1_HUMAN_Weile_2017,head,5,3,-0.002099795829453549,-0.002347267735103062,-0.0009860886402262015,0.08317063158413149,0.19942080489325895,0.09718140956083664,0.1555346323986093
8M,TPK1_HUMAN_Weile_2017,head,5,4,0.0047066009448226975,-0.004943100564255884,1.623267960260133e-05,0.04746444120347125,0.19942080489325895,0.09718140956083664,0.1555346323986093
8M,TPK1_HUMAN_Weile_2017,head,5,5,-0.0010793702321051646,0.0054900749400804,0.0020087941008203325,0.04499997732774267,0.19942080489325895,0.09718140956083664,0.1555346323986093
8M,TPK1_HUMAN_Weile_2017,head,5,6,-0.010354180370582333,-0.007152968860827488,-0.008208138403184767,0.1291983260673547,0.19942080489325895,0.09718140956083664,0.1555346323986093
8M,TPK1_HUMAN_Weile_2017,head,5,7,0.0036656728658198134,-0.0017288063005676674,0.0013280944070255818,0.021953297673531297,0.19942080489325895,0.09718140956083664,0.1555346323986093
8M,TPK1_HUMAN_Weile_2017,head,5,8,-0.0029361262269453903,0.0023010306925423663,-0.0015255920088570463,0.03182304374077035,0.19942080489325895,0.09718140956083664,0.1555346323986093
8M,TPK1_HUMAN_Weile_2017,head,5,9,0.0002430398346133511,0.008296105955626229,0.004391966036383144,0.09581834171553077,0.19942080489325895,0.09718140956083664,0.1555346323986093
8M,TPK1_HUMAN_Weile_2017,head,5,10,0.007359963778949097,-0.01577896463784427,-0.0034684758330151555,0.07589927278224777,0.19942080489325895,0.09718140956083664,0.1555346323986093
8M,TPK1_HUMAN_Weile_2017,head,5,11,-0.0014924098104374672,0.0011831436138938084,4.142132036522028e-05,0.016140142139398825,0.19942080489325895,0.09718140956083664,0.1555346323986093
8M,TPK1_HUMAN_Weile_2017,head,5,12,0.004579741839585205,0.024395450668518767,0.016681830383891205,0.12539419363129814,0.19942080489325895,0.09718140956083664,0.1555346323986093
8M,TPK1_HUMAN_Weile_2017,head,5,13,-0.0010024859259006036,0.0052362630894280116,0.0020053423241232493,0.024766862954733508,0.19942080489325895,0.09718140956083664,0.1555346323986093
8M,TPK1_HUMAN_Weile_2017,head,5,14,-0.0073949888517756135,0.008819797849026548,0.0005071779463187986,0.10354933405072435,0.19942080489325895,0.09718140956083664,0.1555346323986093
8M,TPK1_HUMAN_Weile_2017,head,5,15,0.001546228824780671,-0.0014936860203121627,-0.00010504596110641473,0.010836205017641655,0.19942080489325895,0.09718140956083664,0.1555346323986093
8M,TPK1_HUMAN_Weile_2017,head,5,16,-0.0033653969365874947,0.00121954298782459,-0.0014075785623210157,0.027144001527402387,0.19942080489325895,0.09718140956083664,0.1555346323986093
8M,TPK1_HUMAN_Weile_2017,head,5,17,1.9221076551140248e-05,0.002090832506149373,0.0011652078634271923,0.02238289458946612,0.19942080489325895,0.09718140956083664,0.1555346323986093
8M,TPK1_HUMAN_Weile_2017,head,5,18,0.003112960131215897,0.0007883251795456486,0.001339336004106656,0.02204519529012764,0.19942080489325895,0.09718140956083664,0.1555346323986093
8M,TPK1_HUMAN_Weile_2017,head,5,19,3.288939765419552e-05,-0.0012044585625920062,5.042392715631783e-05,0.012682453453915674,0.19942080489325895,0.09718140956083664,0.1555346323986093
8M,TPK1_HUMAN_Weile_2017,attn_layer,0,-1,-0.032821910318728165,-0.06705912406054364,-0.04690973860488047,0.5279427688076811,0.19942080489325895,0.09718140956083664,0.1555346323986093
8M,TPK1_HUMAN_Weile_2017,mlp,0,-1,-0.08436856627854329,0.007063446076295055,-0.03825557467767285,0.9517953892548879,0.19942080489325895,0.09718140956083664,0.1555346323986093
8M,TPK1_HUMAN_Weile_2017,attn_layer,1,-1,-0.03820851023842678,-0.026403974680464334,-0.0295155827893481,0.5781044298372928,0.19942080489325895,0.09718140956083664,0.1555346323986093
8M,TPK1_HUMAN_Weile_2017,mlp,1,-1,-0.03904014215053947,-0.047271309455999874,-0.03990267855539413,0.32133400121574884,0.19942080489325895,0.09718140956083664,0.1555346323986093
8M,TPK1_HUMAN_Weile_2017,attn_layer,2,-1,-0.03398713469276174,-0.040252132888539544,-0.03787961089147497,0.5820137721562536,0.19942080489325895,0.09718140956083664,0.1555346323986093
8M,TPK1_HUMAN_Weile_2017,mlp,2,-1,-0.06241126269658889,0.07141885087504422,0.010184140625382643,0.7025140664487515,0.19942080489325895,0.09718140956083664,0.1555346323986093
8M,TPK1_HUMAN_Weile_2017,attn_layer,3,-1,-0.03066786833989696,-0.05549625627520288,-0.04345726222331267,0.3224623707480401,0.19942080489325895,0.09718140956083664,0.1555346323986093
8M,TPK1_HUMAN_Weile_2017,mlp,3,-1,-0.02974141245013201,-0.006830949174340864,-0.019728977970835115,0.24823560411075377,0.19942080489325895,0.09718140956083664,0.1555346323986093
8M,TPK1_HUMAN_Weile_2017,attn_layer,4,-1,-0.015098796333472886,-0.027396923367512677,-0.01702976014583288,0.40492775080338966,0.19942080489325895,0.09718140956083664,0.1555346323986093
8M,TPK1_HUMAN_Weile_2017,mlp,4,-1,-0.013756738055168777,0.0036241971232689324,-0.0016042365427937355,0.3027283622408813,0.19942080489325895,0.09718140956083664,0.1555346323986093
8M,TPK1_HUMAN_Weile_2017,attn_layer,5,-1,-0.010118828966589472,-0.014135746054357051,-0.010634830712509674,0.3530386112770944,0.19942080489325895,0.09718140956083664,0.1555346323986093
8M,TPK1_HUMAN_Weile_2017,mlp,5,-1,-0.009327347747716958,-0.007445475541424287,-0.008783279033931668,0.21932047961642906,0.19942080489325895,0.09718140956083664,0.1555346323986093
8M,OTC_HUMAN_Lo_2023,head,0,0,-0.014798745115689016,-0.004589617010593128,-0.01071733497627686,0.1109971194936518,0.30354227642032217,0.10515542942541638,0.2074338412779674
8M,OTC_HUMAN_Lo_2023,head,0,1,-0.0031226374812226565,0.01191136359723674,0.0028056433839644124,0.0627083020252094,0.30354227642032217,0.10515542942541638,0.2074338412779674
8M,OTC_HUMAN_Lo_2023,head,0,2,-0.02525866762588974,-0.010581366526387082,-0.013399959352247137,0.12072984272973579,0.30354227642032217,0.10515542942541638,0.2074338412779674
8M,OTC_HUMAN_Lo_2023,head,0,3,0.00010226181225053699,-0.001009896080916367,-0.004742053694982762,0.04940653631561681,0.30354227642032217,0.10515542942541638,0.2074338412779674
8M,OTC_HUMAN_Lo_2023,head,0,4,-0.006113795489551654,-0.0014607425456111822,-0.0037381578396234183,0.05359370928061636,0.30354227642032217,0.10515542942541638,0.2074338412779674
8M,OTC_HUMAN_Lo_2023,head,0,5,-0.02855661107097046,-0.015202542789508847,-0.021075231698743785,0.1884145778522157,0.30354227642032217,0.10515542942541638,0.2074338412779674
8M,OTC_HUMAN_Lo_2023,head,0,6,-0.006336580151954707,-0.0015599287678440404,-0.0035235073894608893,0.03789046563600239,0.30354227642032217,0.10515542942541638,0.2074338412779674
8M,OTC_HUMAN_Lo_2023,head,0,7,0.0024615879091743342,-0.0017537927476627968,-0.002334323645517833,0.032801525634631776,0.30354227642032217,0.10515542942541638,0.2074338412779674
8M,OTC_HUMAN_Lo_2023,head,0,8,-0.15905729233301388,-0.06990374435092955,-0.10832658968133084,0.4328863369791131,0.30354227642032217,0.10515542942541638,0.2074338412779674
8M,OTC_HUMAN_Lo_2023,head,0,9,0.0066543222114475165,0.0018304366466608962,0.0028279184306794214,0.051936050778941104,0.30354227642032217,0.10515542942541638,0.2074338412779674
8M,OTC_HUMAN_Lo_2023,head,0,10,0.003593772259091299,-0.0028673835154589683,0.001282333939296637,0.036563766630072346,0.30354227642032217,0.10515542942541638,0.2074338412779674
8M,OTC_HUMAN_Lo_2023,head,0,11,-0.0017676684689025834,0.0035752124650298006,-0.0011770337184621171,0.052549251338891816,0.30354227642032217,0.10515542942541638,0.2074338412779674
8M,OTC_HUMAN_Lo_2023,head,0,12,-0.005328570859770565,9.016929293895193e-05,-0.0030830689657782573,0.0244058558815404,0.30354227642032217,0.10515542942541638,0.2074338412779674
8M,OTC_HUMAN_Lo_2023,head,0,13,-0.09532627005542915,-0.04365095471175105,-0.05665506256637323,0.34080964379143297,0.30354227642032217,0.10515542942541638,0.2074338412779674
8M,OTC_HUMAN_Lo_2023,head,0,14,0.000949573970898121,0.002646468747758493,0.0004581572108422749,0.02432368094461006,0.30354227642032217,0.10515542942541638,0.2074338412779674
8M,OTC_HUMAN_Lo_2023,head,0,15,-0.0017567118461614961,0.01231261695081512,0.0049410103622325174,0.05247944436575237,0.30354227642032217,0.10515542942541638,0.2074338412779674
8M,OTC_HUMAN_Lo_2023,head,0,16,-0.0037617738077886376,0.009237844061596542,0.003453138491884028,0.03125655075959992,0.30354227642032217,0.10515542942541638,0.2074338412779674
8M,OTC_HUMAN_Lo_2023,head,0,17,-0.00996322227926938,-0.0002524740202290987,-0.005388030049717274,0.051702415211158884,0.30354227642032217,0.10515542942541638,0.2074338412779674
8M,OTC_HUMAN_Lo_2023,head,0,18,0.0015667970519819274,0.008714862162550574,0.002959543706722495,0.04082721158077842,0.30354227642032217,0.10515542942541638,0.2074338412779674
8M,OTC_HUMAN_Lo_2023,head,0,19,-0.03269091005195762,-0.01489596719351638,-0.022266946697995338,0.16918183471027173,0.30354227642032217,0.10515542942541638,0.2074338412779674
8M,OTC_HUMAN_Lo_2023,head,1,0,-0.02033183959996071,-0.0031604337175105968,-0.010546222117420845,0.13872053121265612,0.30354227642032217,0.10515542942541638,0.2074338412779674
8M,OTC_HUMAN_Lo_2023,head,1,1,-0.08625053421819145,-0.10550708966787832,-0.08490640306477339,0.2850553733214997,0.30354227642032217,0.10515542942541638,0.2074338412779674
8M,OTC_HUMAN_Lo_2023,head,1,2,-0.004817261798517658,-0.000518473434399036,-0.0010079458638529437,0.016711662735855372,0.30354227642032217,0.10515542942541638,0.2074338412779674
8M,OTC_HUMAN_Lo_2023,head,1,3,-0.016562761377011292,0.007560695212931873,-0.006098806540349888,0.05422838058388024,0.30354227642032217,0.10515542942541638,0.2074338412779674
8M,OTC_HUMAN_Lo_2023,head,1,4,-0.06677331119203903,-0.028376276487891053,-0.03797946090010709,0.23461932885019401,0.30354227642032217,0.10515542942541638,0.2074338412779674
8M,OTC_HUMAN_Lo_2023,head,1,5,-0.00039078621110033573,-0.0036879240812035113,-0.001908566502624609,0.014168844934095415,0.30354227642032217,0.10515542942541638,0.2074338412779674
8M,OTC_HUMAN_Lo_2023,head,1,6,-0.022402641298034598,-0.0004733887879295462,-0.01041358433925435,0.10414820072943703,0.30354227642032217,0.10515542942541638,0.2074338412779674
8M,OTC_HUMAN_Lo_2023,head,1,7,-0.13155616925277247,-0.08232005598862449,-0.09709844738379446,0.3319303199910281,0.30354227642032217,0.10515542942541638,0.2074338412779674
8M,OTC_HUMAN_Lo_2023,head,1,8,0.0010299225376664278,-0.0001577962626431867,-0.000866701817637483,0.0928121847018861,0.30354227642032217,0.10515542942541638,0.2074338412779674
8M,OTC_HUMAN_Lo_2023,head,1,9,-0.03443301306779761,-0.028579157397003715,-0.035486174421214184,0.2285099254365553,0.30354227642032217,0.10515542942541638,0.2074338412779674
8M,OTC_HUMAN_Lo_2023,head,1,10,-0.03301230431903085,0.0323121661246767,-0.0028486747242092436,0.20521498981275058,0.30354227642032217,0.10515542942541638,0.2074338412779674
8M,OTC_HUMAN_Lo_2023,head,1,11,-0.07983360549946844,-0.0846283898878619,-0.07537318932182252,0.2731211096571203,0.30354227642032217,0.10515542942541638,0.2074338412779674
8M,OTC_HUMAN_Lo_2023,head,1,12,-0.019663485612751663,0.007961948566510238,-0.00550953030452625,0.10448527231551054,0.30354227642032217,0.10515542942541638,0.2074338412779674
8M,OTC_HUMAN_Lo_2023,head,1,13,-0.006858845835948646,0.0012668785657923842,-0.004674722303776108,0.07646331347917255,0.30354227642032217,0.10515542942541638,0.2074338412779674
8M,OTC_HUMAN_Lo_2023,head,1,14,-0.055659643524950786,-0.02298415277014118,-0.03564614975671265,0.20756074158768906,0.30354227642032217,0.10515542942541638,0.2074338412779674
8M,OTC_HUMAN_Lo_2023,head,1,15,-0.023308388777968203,-0.02289849194184916,-0.021611351573088494,0.13983599972306637,0.30354227642032217,0.10515542942541638,0.2074338412779674
8M,OTC_HUMAN_Lo_2023,head,1,16,-0.003948036394387899,0.005455242222807133,0.00041866962802936114,0.07537613678396794,0.30354227642032217,0.10515542942541638,0.2074338412779674
8M,OTC_HUMAN_Lo_2023,head,1,17,-0.008414686265189375,0.019729041295044672,0.00402317718736292,0.0573847142227909,0.30354227642032217,0.10515542942541638,0.2074338412779674
8M,OTC_HUMAN_Lo_2023,head,1,18,-0.017340681591631657,-0.0028944343033406733,-0.011208904757191579,0.10143747768904034,0.30354227642032217,0.10515542942541638,0.2074338412779674
8M,OTC_HUMAN_Lo_2023,head,1,19,-0.021310631231501787,-0.019837244446571436,-0.015760608052973635,0.13257678872660586,0.30354227642032217,0.10515542942541638,0.2074338412779674
8M,OTC_HUMAN_Lo_2023,head,2,0,0.0023958481727275327,0.002641960283111547,0.0023844425006265824,0.014120386357893023,0.30354227642032217,0.10515542942541638,0.2074338412779674
8M,OTC_HUMAN_Lo_2023,head,2,1,-0.03702608044986555,0.01352539394084415,-0.010372578003256305,0.13938403025008084,0.30354227642032217,0.10515542942541638,0.2074338412779674
8M,OTC_HUMAN_Lo_2023,head,2,2,-0.022030116124836185,0.011672414970948494,-0.00613171285936065,0.11245158994406984,0.30354227642032217,0.10515542942541638,0.2074338412779674
8M,OTC_HUMAN_Lo_2023,head,2,3,-0.058168710132670026,-0.026933567800867655,-0.04164269358259834,0.2183670741424226,0.30354227642032217,0.10515542942541638,0.2074338412779674
8M,OTC_HUMAN_Lo_2023,head,2,4,-0.0008107900828437375,0.0007168458788647247,0.0004439821811145772,0.0549210670747255,0.30354227642032217,0.10515542942541638,0.2074338412779674
8M,OTC_HUMAN_Lo_2023,head,2,5,-0.005503876823628628,-0.0033452807680354607,-0.003020293834126969,0.08621095826751307,0.30354227642032217,0.10515542942541638,0.2074338412779674
8M,OTC_HUMAN_Lo_2023,head,2,6,-0.006730476584741851,0.010739162789030254,0.0007131073064035598,0.06022969306560985,0.30354227642032217,0.10515542942541638,0.2074338412779674
8M,OTC_HUMAN_Lo_2023,head,2,7,-0.05619286583168584,-0.0038772795963753354,-0.023581174454179343,0.1992031707052599,0.30354227642032217,0.10515542942541638,0.2074338412779674
8M,OTC_HUMAN_Lo_2023,head,2,8,-0.03260690927760895,-0.0009693198990938512,-0.01647189079466796,0.16915218192234374,0.30354227642032217,0.10515542942541638,0.2074338412779674
8M,OTC_HUMAN_Lo_2023,head,2,9,0.0030276800841328444,0.01802033319385135,0.01042168435624169,0.06977092696909319,0.30354227642032217,0.10515542942541638,0.2074338412779674
8M,OTC_HUMAN_Lo_2023,head,2,10,-0.016964504210852716,0.0023218592931782273,-0.006942727060210707,0.08064956414072137,0.30354227642032217,0.10515542942541638,0.2074338412779674
8M,OTC_HUMAN_Lo_2023,head,2,11,-0.010938361703230148,-0.014427086870233766,-0.014955668864864019,0.1236636105336641,0.30354227642032217,0.10515542942541638,0.2074338412779674
8M,OTC_HUMAN_Lo_2023,head,2,12,-0.025346320607818773,0.008809539920136472,-0.008511599100431866,0.11305091778437297,0.30354227642032217,0.10515542942541638,0.2074338412779674
8M,OTC_HUMAN_Lo_2023,head,2,13,-0.001092010066532867,-0.0004147787475192316,-0.001956660353486517,0.042439435134854236,0.30354227642032217,0.10515542942541638,0.2074338412779674
8M,OTC_HUMAN_Lo_2023,head,2,14,-0.02609867536937649,-0.004116228222663582,-0.015347507186623005,0.09662302753381562,0.30354227642032217,0.10515542942541638,0.2074338412779674
8M,OTC_HUMAN_Lo_2023,head,2,15,-0.001354969012319962,-0.0006041342626910418,-0.0013739653814650588,0.04144642436713503,0.30354227642032217,0.10515542942541638,0.2074338412779674
8M,OTC_HUMAN_Lo_2023,head,2,16,-0.001731146393098848,-0.0025923671719951386,0.0001913629013242102,0.11624704066075776,0.30354227642032217,0.10515542942541638,0.2074338412779674
8M,OTC_HUMAN_Lo_2023,head,2,17,-0.0028048954217297917,0.0014111494344947323,0.0007128014948794559,0.022186585162815294,0.30354227642032217,0.10515542942541638,0.2074338412779674
8M,OTC_HUMAN_Lo_2023,head,2,18,0.004426475587417378,0.0005184734343990222,0.00037968829627813006,0.0724212318135981,0.30354227642032217,0.10515542942541638,0.2074338412779674
8M,OTC_HUMAN_Lo_2023,head,2,19,-0.010386878358593199,0.0001352539394084279,-0.006622776389213686,0.026559332483693174,0.30354227642032217,0.10515542942541638,0.2074338412779674
8M,OTC_HUMAN_Lo_2023,head,3,0,-0.026409113013708574,0.005730258566270963,-0.014435242773432139,0.07721162365193952,0.30354227642032217,0.10515542942541638,0.2074338412779674
8M,OTC_HUMAN_Lo_2023,head,3,1,-0.0022753253225750725,0.009003403899955256,0.0034222571771200527,0.04320551794871949,0.30354227642032217,0.10515542942541638,0.2074338412779674
8M,OTC_HUMAN_Lo_2023,head,3,2,-0.005675530579906385,0.002971078202338759,-0.0011026148123916557,0.0165497644951469,0.30354227642032217,0.10515542942541638,0.2074338412779674
8M,OTC_HUMAN_Lo_2023,head,3,3,-0.011738195163332799,0.0017763350708975278,-0.002777799575570644,0.05048965728073789,0.30354227642032217,0.10515542942541638,0.2074338412779674
8M,OTC_HUMAN_Lo_2023,head,3,4,-0.02611328419969805,0.000770947454628107,-0.007398353015744458,0.13956808416466965,0.30354227642032217,0.10515542942541638,0.2074338412779674
8M,OTC_HUMAN_Lo_2023,head,3,5,0.004842827251580417,0.004558057758064463,0.0024654426704992516,0.0409334521544607,0.30354227642032217,0.10515542942541638,0.2074338412779674
8M,OTC_HUMAN_Lo_2023,head,3,6,-0.02079201775508821,-0.0011902346667942987,-0.012536295040979889,0.06082101872092799,0.30354227642032217,0.10515542942541638,0.2074338412779674
8M,OTC_HUMAN_Lo_2023,head,3,7,-0.01182584814526183,-0.010310858647570212,-0.010487496994263157,0.036271589367013225,0.30354227642032217,0.10515542942541638,0.2074338412779674
8M,OTC_HUMAN_Lo_2023,head,3,8,-0.016840329153119893,-0.019837244446571436,-0.015604682725968738,0.0827893708881579,0.30354227642032217,0.10515542942541638,0.2074338412779674
8M,OTC_HUMAN_Lo_2023,head,3,9,-0.0006354841189856186,0.002741146505344405,-9.061894004502857e-05,0.008129485343631945,0.30354227642032217,0.10515542942541638,0.2074338412779674
8M,OTC_HUMAN_Lo_2023,head,3,10,-0.001190619671202986,0.005270395172282269,0.004496521930056285,0.06172183888000354,0.30354227642032217,0.10515542942541638,0.2074338412779674
8M,OTC_HUMAN_Lo_2023,head,3,11,-0.0013768822578022477,0.0011992515960881633,-0.000703182724707041,0.01409059762954712,0.30354227642032217,0.10515542942541638,0.2074338412779674
8M,OTC_HUMAN_Lo_2023,head,3,12,-0.022618121545276926,0.010166587778867836,-0.006704789061209748,0.0854354511227524,0.30354227642032217,0.10515542942541638,0.2074338412779674
8M,OTC_HUMAN_Lo_2023,head,3,13,-0.0034476839558761907,0.009584995839411553,0.0030157375745716586,0.03908842592908625,0.30354227642032217,0.10515542942541638,0.2074338412779674
8M,OTC_HUMAN_Lo_2023,head,3,14,0.006358493397436937,0.0061720881016718715,0.00588567484337249,0.02185375596347608,0.30354227642032217,0.10515542942541638,0.2074338412779674
8M,OTC_HUMAN_Lo_2023,head,3,15,-0.00036887296561810556,-0.00042830414146007023,0.0011891837439430564,0.016564043467504938,0.30354227642032217,0.10515542942541638,0.2074338412779674
8M,OTC_HUMAN_Lo_2023,head,3,16,-0.014670917850375775,-0.0008115236364506506,-0.008815855988516058,0.09087612336142022,0.30354227642032217,0.10515542942541638,0.2074338412779674
8M,OTC_HUMAN_Lo_2023,head,3,17,-0.01104062351548074,-0.0034083992730927354,-0.007016133464157803,0.029487070284391705,0.30354227642032217,0.10515542942541638,0.2074338412779674
8M,OTC_HUMAN_Lo_2023,head,3,18,0.00048574360819020335,0.004792497919705763,0.0014104154579077655,0.017892857392628986,0.30354227642032217,0.10515542942541638,0.2074338412779674
8M,OTC_HUMAN_Lo_2023,head,3,19,-0.012055937222825608,0.006668019212836163,-0.0001296002717962319,0.06831813799707513,0.30354227642032217,0.10515542942541638,0.2074338412779674
8M,OTC_HUMAN_Lo_2023,head,4,0,-0.00339655304975095,0.0013886071112599874,-0.0004601822150890611,0.03834870405364455,0.30354227642032217,0.10515542942541638,0.2074338412779674
8M,OTC_HUMAN_Lo_2023,head,4,1,0.0029363748946233947,-0.0012939293536741031,0.0016665784951300777,0.030686307371708386,0.30354227642032217,0.10515542942541638,0.2074338412779674
8M,OTC_HUMAN_Lo_2023,head,4,2,-0.04401275355112744,0.03050878026589747,-0.007439359351742475,0.13102268492966368,0.30354227642032217,0.10515542942541638,0.2074338412779674
8M,OTC_HUMAN_Lo_2023,head,4,3,-0.01055122769971012,-0.0031333829296289195,-0.0026208617464423822,0.03022883597173189,0.30354227642032217,0.10515542942541638,0.2074338412779674
8M,OTC_HUMAN_Lo_2023,head,4,4,0.0004638303627079732,8.115236364505951e-05,0.0007836766435180553,0.05701475342114767,0.30354227642032217,0.10515542942541638,0.2074338412779674
8M,OTC_HUMAN_Lo_2023,head,4,5,-0.006657974419027879,-0.019305245618231562,-0.011072723221593167,0.08967077993510063,0.30354227642032217,0.10515542942541638,0.2074338412779674
8M,OTC_HUMAN_Lo_2023,head,4,6,-0.0023008907756377206,-0.005387615253102926,-0.006239038084441928,0.039258695485299096,0.30354227642032217,0.10515542942541638,0.2074338412779674
8M,OTC_HUMAN_Lo_2023,head,4,7,-0.010752099116630887,-0.015946439456255276,-0.012291775778176778,0.1057006653986479,0.30354227642032217,0.10515542942541638,0.2074338412779674
8M,OTC_HUMAN_Lo_2023,head,4,8,-0.014838919399073114,-0.00557697076827475,-0.013381228062964101,0.06120920338128742,0.30354227642032217,0.10515542942541638,0.2074338412779674
8M,OTC_HUMAN_Lo_2023,head,4,9,-0.0007304415160754307,-0.016568607577534103,-0.010351315458664773,0.0883730503550747,0.30354227642032217,0.10515542942541638,0.2074338412779674
8M,OTC_HUMAN_Lo_2023,head,4,10,-0.026409113013708574,0.014237731355061942,-0.008805224716220278,0.05714933443487736,0.30354227642032217,0.10515542942541638,0.2074338412779674
8M,OTC_HUMAN_Lo_2023,head,4,11,-0.011372974405295055,0.012574107900338125,0.0006895139460410538,0.055225370745909844,0.30354227642032217,0.10515542942541638,0.2074338412779674
8M,OTC_HUMAN_Lo_2023,head,4,12,0.009842699429116974,0.014517256163172718,0.008064579412947165,0.08506547620421961,0.30354227642032217,0.10515542942541638,0.2074338412779674
8M,OTC_HUMAN_Lo_2023,head,4,13,0.0003615685504573807,0.008466896606968422,0.0035351511638800903,0.023423119072328535,0.30354227642032217,0.10515542942541638,0.2074338412779674
8M,OTC_HUMAN_Lo_2023,head,4,14,-0.07169283480280733,0.005139649697520773,-0.03362519551838972,0.12611230580430283,0.30354227642032217,0.10515542942541638,0.2074338412779674
8M,OTC_HUMAN_Lo_2023,head,4,15,0.006647017796286847,0.01282658192056721,0.008453886479397654,0.033027350379709615,0.30354227642032217,0.10515542942541638,0.2074338412779674
8M,OTC_HUMAN_Lo_2023,head,4,16,-0.021226630457153117,-0.011938414385118445,-0.017393267726969502,0.09719007475334301,0.30354227642032217,0.10515542942541638,0.2074338412779674
8M,OTC_HUMAN_Lo_2023,head,4,17,0.000715832685753981,0.0020738937375961025,0.0034718697811670918,0.07122315701685454,0.30354227642032217,0.10515542942541638,0.2074338412779674
8M,OTC_HUMAN_Lo_2023,head,4,18,0.005905619657470218,0.00013976240405538798,0.004300096518115082,0.0672062123030947,0.30354227642032217,0.10515542942541638,0.2074338412779674
8M,OTC_HUMAN_Lo_2023,head,4,19,-0.02049618894107763,0.0012308108486168007,-0.006817176796908075,0.10867032042720862,0.30354227642032217,0.10515542942541638,0.2074338412779674
8M,OTC_HUMAN_Lo_2023,head,5,0,-0.007004934139163754,-0.0037600595155546784,-0.003915851962281586,0.08177365179647479,0.30354227642032217,0.10515542942541638,0.2074338412779674
8M,OTC_HUMAN_Lo_2023,head,5,1,0.004094124697603008,0.004093685899428823,0.004288958994757591,0.023087166903311748,0.30354227642032217,0.10515542942541638,0.2074338412779674
8M,OTC_HUMAN_Lo_2023,head,5,2,-0.022128725729506304,0.02895335996270039,0.005964143757936635,0.16932932065244308,0.30354227642032217,0.10515542942541638,0.2074338412779674
8M,OTC_HUMAN_Lo_2023,head,5,3,0.0066835398720905825,0.006023308768322591,0.004092027331754677,0.04888811707496643,0.30354227642032217,0.10515542942541638,0.2074338412779674
8M,OTC_HUMAN_Lo_2023,head,5,4,-0.006453450794526749,0.00043281260610700256,-0.0035928637849143297,0.045557761924308646,0.30354227642032217,0.10515542942541638,0.2074338412779674
8M,OTC_HUMAN_Lo_2023,head,5,5,-0.004758826477231692,0.004287549879247579,-0.0014590155598313559,0.04420251177068342,0.30354227642032217,0.10515542942541638,0.2074338412779674
8M,OTC_HUMAN_Lo_2023,head,5,6,-0.00498891555479547,-0.036257072690756245,-0.018983908562843932,0.1311715773323126,0.30354227642032217,0.10515542942541638,0.2074338412779674
8M,OTC_HUMAN_Lo_2023,head,5,7,-0.005858140958925284,-0.0008025067071567582,-0.00423327137797011,0.03344118176845082,0.30354227642032217,0.10515542942541638,0.2074338412779674
8M,OTC_HUMAN_Lo_2023,head,5,8,-0.009594349313651274,-0.005815919394562996,-0.009585357602306388,0.03511952987888403,0.30354227642032217,0.10515542942541638,0.2074338412779674
8M,OTC_HUMAN_Lo_2023,head,5,9,-0.038859488655214935,-0.028119294003015022,-0.03131112191534005,0.12092819966767963,0.30354227642032217,0.10515542942541638,0.2074338412779674
8M,OTC_HUMAN_Lo_2023,head,5,10,0.003666816410698881,0.029025495397051557,0.013565503449424476,0.06743662608297248,0.30354227642032217,0.10515542942541638,0.2074338412779674
8M,OTC_HUMAN_Lo_2023,head,5,11,-0.003367335389107884,0.01256959943569115,0.003987233361981896,0.02945197151418318,0.30354227642032217,0.10515542942541638,0.2074338412779674
8M,OTC_HUMAN_Lo_2023,head,5,12,-0.03146011609737043,0.0028042650104016797,-0.019774672721225822,0.13261070847511292,0.30354227642032217,0.10515542942541638,0.2074338412779674
8M,OTC_HUMAN_Lo_2023,head,5,13,0.0023045429832181386,0.0021820968891228393,0.003135719076195531,0.025657016980020625,0.30354227642032217,0.10515542942541638,0.2074338412779674
8M,OTC_HUMAN_Lo_2023,head,5,14,0.007724419032498098,0.0338720948925207,0.01613725884288153,0.14856127741044028,0.30354227642032217,0.10515542942541638,0.2074338412779674
8M,OTC_HUMAN_Lo_2023,head,5,15,-0.002092714943556173,-0.007695949152340328,-0.003015737574571603,0.012583084273756597,0.30354227642032217,0.10515542942541638,0.2074338412779674
8M,OTC_HUMAN_Lo_2023,head,5,16,-0.004605433758855804,0.0022091476770045443,-0.00019996916937312093,0.0303775804084644,0.30354227642032217,0.10515542942541638,0.2074338412779674
8M,OTC_HUMAN_Lo_2023,head,5,17,-0.003926123148905614,0.008209914122092404,0.0022021921184130766,0.02241870081215574,0.30354227642032217,0.10515542942541638,0.2074338412779674
8M,OTC_HUMAN_Lo_2023,head,5,18,-0.00479900076061579,0.006329884364315058,-5.9231374219370636e-05,0.02421926772385313,0.30354227642032217,0.10515542942541638,0.2074338412779674
8M,OTC_HUMAN_Lo_2023,head,5,19,-0.001084705651372031,0.0027772142225199886,0.001107171071946994,0.009707114675588775,0.30354227642032217,0.10515542942541638,0.2074338412779674
8M,OTC_HUMAN_Lo_2023,attn_layer,0,-1,-0.29811144374830106,-0.05091859972263131,-0.17343705748028684,0.6411408525809907,0.30354227642032217,0.10515542942541638,0.2074338412779674
8M,OTC_HUMAN_Lo_2023,mlp,0,-1,-0.27226842290955094,-0.20499988749672793,-0.23655238984506677,1.0137206227110143,0.30354227642032217,0.10515542942541638,0.2074338412779674
8M,OTC_HUMAN_Lo_2023,attn_layer,1,-1,-0.34303724919452283,-0.10218885968772456,-0.21484383806813107,0.5649293065071106,0.30354227642032217,0.10515542942541638,0.2074338412779674
8M,OTC_HUMAN_Lo_2023,mlp,1,-1,-0.08499052260296125,-0.07820382776596092,-0.06475811706000989,0.38958440067475303,0.30354227642032217,0.10515542942541638,0.2074338412779674
8M,OTC_HUMAN_Lo_2023,attn_layer,2,-1,-0.29409401540988594,-0.11357273292126839,-0.19978185648030916,0.5790370420405739,0.30354227642032217,0.10515542942541638,0.2074338412779674
8M,OTC_HUMAN_Lo_2023,mlp,2,-1,-0.24845602948549061,-0.08222537823103858,-0.16397117512854262,0.751798750538575,0.30354227642032217,0.10515542942541638,0.2074338412779674
8M,OTC_HUMAN_Lo_2023,attn_layer,3,-1,-0.13398488729372338,-0.05071571881351865,-0.08538531656914553,0.36343110391968175,0.30354227642032217,0.10515542942541638,0.2074338412779674
8M,OTC_HUMAN_Lo_2023,mlp,3,-1,-0.07378554974636356,-0.04682942228784943,-0.06319734503677599,0.3689326314549697,0.30354227642032217,0.10515542942541638,0.2074338412779674
8M,OTC_HUMAN_Lo_2023,attn_layer,4,-1,-0.20965132394398128,-0.07271702629062514,-0.1271500166576146,0.4677578712764539,0.30354227642032217,0.10515542942541638,0.2074338412779674
8M,OTC_HUMAN_Lo_2023,mlp,4,-1,-0.13635517001338832,-0.0737359393008354,-0.10374248631759975,0.34696911719807405,0.30354227642032217,0.10515542942541638,0.2074338412779674
8M,OTC_HUMAN_Lo_2023,attn_layer,5,-1,-0.10738951169341554,0.035066838023961946,-0.041722681250347615,0.3758591413497925,0.30354227642032217,0.10515542942541638,0.2074338412779674
8M,OTC_HUMAN_Lo_2023,mlp,5,-1,-0.1270822149668102,-0.019900362951628725,-0.07325554113071406,0.35695140351328936,0.30354227642032217,0.10515542942541638,0.2074338412779674
8M,HEM3_HUMAN_Loggerenberg_2023,head,0,0,-0.01121417735489788,-0.0006836580357713479,-0.004224372557332129,0.050466480539805854,0.19678780012409572,0.1070618083677929,0.15510861510178817
8M,HEM3_HUMAN_Loggerenberg_2023,head,0,1,0.000496541250389837,0.0051794961861728744,0.0026371950207278727,0.09188557803388205,0.19678780012409572,0.1070618083677929,0.15510861510178817
8M,HEM3_HUMAN_Loggerenberg_2023,head,0,2,-0.012083188762072566,-0.0009359911646734942,-0.00782127147580744,0.07263415720278404,0.19678780012409572,0.1070618083677929,0.15510861510178817
8M,HEM3_HUMAN_Loggerenberg_2023,head,0,3,-0.006791800651995111,-0.0006193023431020211,-0.003243632685381137,0.03682711409099067,0.19678780012409572,0.1070618083677929,0.15510861510178817
8M,HEM3_HUMAN_Loggerenberg_2023,head,0,4,0.006465568169845615,0.001812641600265813,0.004248266493567049,0.05799977410599852,0.19678780012409572,0.1070618083677929,0.15510861510178817
8M,HEM3_HUMAN_Loggerenberg_2023,head,0,5,-0.06742429090523377,0.017629212381051085,-0.021282450641948003,0.3605306132354115,0.19678780012409572,0.1070618083677929,0.15510861510178817
8M,HEM3_HUMAN_Loggerenberg_2023,head,0,6,-0.0018669745513880676,-0.0020337703440208993,-0.0011521681160285568,0.02690580329545641,0.19678780012409572,0.1070618083677929,0.15510861510178817
8M,HEM3_HUMAN_Loggerenberg_2023,head,0,7,0.002432358561790554,0.002113495980758731,0.002493967934754454,0.030755800744733462,0.19678780012409572,0.1070618083677929,0.15510861510178817
8M,HEM3_HUMAN_Loggerenberg_2023,head,0,8,-0.027052122173332555,0.03348333340782268,0.004130410374913601,0.2547401488231674,0.19678780012409572,0.1070618083677929,0.15510861510178817
8M,HEM3_HUMAN_Loggerenberg_2023,head,0,9,-0.01409350010483032,-0.0008708437499502231,-0.00752750396452645,0.07302982933323937,0.19678780012409572,0.1070618083677929,0.15510861510178817
8M,HEM3_HUMAN_Loggerenberg_2023,head,0,10,-0.0019951556605160847,0.0006369343501817087,4.107994126772985e-05,0.042060272341020395,0.19678780012409572,0.1070618083677929,0.15510861510178817
8M,HEM3_HUMAN_Loggerenberg_2023,head,0,11,-0.0042433341516757705,-0.0012219159292923276,-0.002415539962002722,0.042785256332749426,0.19678780012409572,0.1070618083677929,0.15510861510178817
8M,HEM3_HUMAN_Loggerenberg_2023,head,0,12,0.004526668346802515,-0.002545562100310539,0.0003223876892385902,0.025131049440867866,0.19678780012409572,0.1070618083677929,0.15510861510178817
8M,HEM3_HUMAN_Loggerenberg_2023,head,0,13,0.0008410119264233018,0.003873041694039972,0.003445063200762294,0.16954953651091784,0.19678780012409572,0.1070618083677929,0.15510861510178817
8M,HEM3_HUMAN_Loggerenberg_2023,head,0,14,-0.0011071354315468629,-0.0021035549879172,-0.0014887021095890685,0.02903662971757969,0.19678780012409572,0.1070618083677929,0.15510861510178817
8M,HEM3_HUMAN_Loggerenberg_2023,head,0,15,-0.002937119843226643,0.005842167545311208,0.00020254523150670112,0.10060504107171192,0.19678780012409572,0.1070618083677929,0.15510861510178817
8M,HEM3_HUMAN_Loggerenberg_2023,head,0,16,0.0004952568705388627,-0.00019346898123893952,0.00030110978426209356,0.013896004801042368,0.19678780012409572,0.1070618083677929,0.15510861510178817
8M,HEM3_HUMAN_Loggerenberg_2023,head,0,17,0.0017958199076436865,0.00028563596453849704,0.0008109669104388595,0.040423594142235765,0.19678780012409572,0.1070618083677929,0.15510861510178817
8M,HEM3_HUMAN_Loggerenberg_2023,head,0,18,-0.0013845614793590588,0.0021129304650059355,-0.00010256848935866203,0.04155300664772334,0.19678780012409572,0.1070618083677929,0.15510861510178817
8M,HEM3_HUMAN_Loggerenberg_2023,head,0,19,0.005436266157268277,-0.0010709232232930521,0.0027847559374178654,0.10830174291473554,0.19678780012409572,0.1070618083677929,0.15510861510178817
8M,HEM3_HUMAN_Loggerenberg_2023,head,1,0,-0.03721464930624602,0.023276226482272802,-0.0019063750448987393,0.2383482935794173,0.19678780012409572,0.1070618083677929,0.15510861510178817
8M,HEM3_HUMAN_Loggerenberg_2023,head,1,1,-0.0061645095327753086,0.017241042368324896,0.00708743724571495,0.2910315455057566,0.19678780012409572,0.1070618083677929,0.15510861510178817
8M,HEM3_HUMAN_Loggerenberg_2023,head,1,2,-0.0028405344784327713,-0.002031055868407447,-0.002507332904263415,0.015739156158193643,0.19678780012409572,0.1070618083677929,0.15510861510178817
8M,HEM3_HUMAN_Loggerenberg_2023,head,1,3,-0.03676537323437232,0.006346946906266027,-0.015924722322538637,0.23805424542731152,0.19678780012409572,0.1070618083677929,0.15510861510178817
8M,HEM3_HUMAN_Loggerenberg_2023,head,1,4,0.01568587424407833,0.02896011221057747,0.021765008329020147,0.1871665577066802,0.19678780012409572,0.1070618083677929,0.15510861510178817
8M,HEM3_HUMAN_Loggerenberg_2023,head,1,5,-0.0008358744070193491,0.0010909303965345313,-0.0006748749123193509,0.02559305717372506,0.19678780012409572,0.1070618083677929,0.15510861510178817
8M,HEM3_HUMAN_Loggerenberg_2023,head,1,6,-0.0007916917401455947,-0.0009803275996935062,-0.0008775717864590582,0.04440765893604894,0.19678780012409572,0.1070618083677929,0.15510861510178817
8M,HEM3_HUMAN_Loggerenberg_2023,head,1,7,-0.013735158126406188,-0.00033552653834385826,-0.009471798865795439,0.20425915071081113,0.19678780012409572,0.1070618083677929,0.15510861510178817
8M,HEM3_HUMAN_Loggerenberg_2023,head,1,8,-0.027661688850608823,-0.0003831429647301321,-0.012846528767953086,0.11068387521655783,0.19678780012409572,0.1070618083677929,0.15510861510178817
8M,HEM3_HUMAN_Loggerenberg_2023,head,1,9,0.01709715082433788,0.00834333061682252,0.01644447872326138,0.2722654527045655,0.19678780012409572,0.1070618083677929,0.15510861510178817
8M,HEM3_HUMAN_Loggerenberg_2023,head,1,10,0.005991888880803292,0.02506631004620556,0.011812576760737964,0.23050783706002514,0.19678780012409572,0.1070618083677929,0.15510861510178817
8M,HEM3_HUMAN_Loggerenberg_2023,head,1,11,0.008119849417910996,-0.0028612329935269604,0.0027606490040568976,0.16560434923081419,0.19678780012409572,0.1070618083677929,0.15510861510178817
8M,HEM3_HUMAN_Loggerenberg_2023,head,1,12,0.0030434664948879864,-0.005088120924927261,-0.0024952643895596593,0.07567779600539395,0.19678780012409572,0.1070618083677929,0.15510861510178817
8M,HEM3_HUMAN_Loggerenberg_2023,head,1,13,-0.009645949556848304,-0.0019907911468076273,-0.005364230227884015,0.04297212207010029,0.19678780012409572,0.1070618083677929,0.15510861510178817
8M,HEM3_HUMAN_Loggerenberg_2023,head,1,14,0.022473821756520546,0.0005758586488786299,0.013603381824128319,0.17186102501572878,0.19678780012409572,0.1070618083677929,0.15510861510178817
8M,HEM3_HUMAN_Loggerenberg_2023,head,1,15,-0.029354758370173845,-0.005722855805876961,-0.015824081142564894,0.10417205119553544,0.19678780012409572,0.1070618083677929,0.15510861510178817
8M,HEM3_HUMAN_Loggerenberg_2023,head,1,16,-0.017343494879756283,-0.0015283123641627178,-0.006560427697751281,0.09936205454403219,0.19678780012409572,0.1070618083677929,0.15510861510178817
8M,HEM3_HUMAN_Loggerenberg_2023,head,1,17,-0.016382521875251188,-0.000521694324167668,-0.0068688519837473705,0.1058584609381056,0.19678780012409572,0.1070618083677929,0.15510861510178817
8M,HEM3_HUMAN_Loggerenberg_2023,head,1,18,-0.012777267633543504,0.004130238258416241,-0.0012203055656280215,0.0744265168298698,0.19678780012409572,0.1070618083677929,0.15510861510178817
8M,HEM3_HUMAN_Loggerenberg_2023,head,1,19,0.0023563232746124096,0.013653862845124529,0.008370221041773762,0.1615171963033068,0.19678780012409572,0.1070618083677929,0.15510861510178817
8M,HEM3_HUMAN_Loggerenberg_2023,head,2,0,-0.0032279034414890995,-0.002234528436267119,-0.0021662243116132296,0.01678444240924623,0.19678780012409572,0.1070618083677929,0.15510861510178817
8M,HEM3_HUMAN_Loggerenberg_2023,head,2,1,0.01415206782603512,-0.012864528041765494,-0.00029903548184329054,0.1409077275559569,0.19678780012409572,0.1070618083677929,0.15510861510178817
8M,HEM3_HUMAN_Loggerenberg_2023,head,2,2,9.042034150918976e-05,0.004478256652693177,-0.0001991467030356131,0.08378825550001706,0.19678780012409572,0.1070618083677929,0.15510861510178817
8M,HEM3_HUMAN_Loggerenberg_2023,head,2,3,0.009883559829280048,-0.0021956209524740533,0.0020360565850832957,0.2321501113019449,0.19678780012409572,0.1070618083677929,0.15510861510178817
8M,HEM3_HUMAN_Loggerenberg_2023,head,2,4,-0.001550503356105959,-0.0022779600460826332,-0.0021524102262041322,0.029971970389300155,0.19678780012409572,0.1070618083677929,0.15510861510178817
8M,HEM3_HUMAN_Loggerenberg_2023,head,2,5,-0.0010064400512298233,0.0019392040257438514,1.9320499544950298e-05,0.029989901358916285,0.19678780012409572,0.1070618083677929,0.15510861510178817
8M,HEM3_HUMAN_Loggerenberg_2023,head,2,6,-0.0314865720468345,0.021465218835486174,-0.0044088312272062835,0.30252045498127206,0.19678780012409572,0.1070618083677929,0.15510861510178817
8M,HEM3_HUMAN_Loggerenberg_2023,head,2,7,0.002215041491004349,0.017041754617035984,0.008970456596019055,0.14505563823953574,0.19678780012409572,0.1070618083677929,0.15510861510178817
8M,HEM3_HUMAN_Loggerenberg_2023,head,2,8,-0.00797625575057112,0.014969818001904597,0.004790958406631185,0.12936717320329622,0.19678780012409572,0.1070618083677929,0.15510861510178817
8M,HEM3_HUMAN_Loggerenberg_2023,head,2,9,-0.008733526110710405,0.014086934808623539,0.003968614028161566,0.16287879995607457,0.19678780012409572,0.1070618083677929,0.15510861510178817
8M,HEM3_HUMAN_Loggerenberg_2023,head,2,10,-0.002184216374580744,-0.0023417502229991644,-0.0020043376767212573,0.03469658900795345,0.19678780012409572,0.1070618083677929,0.15510861510178817
8M,HEM3_HUMAN_Loggerenberg_2023,head,2,11,-0.011807303970081562,0.008922079438244399,-0.001654531326591241,0.16718413216773334,0.19678780012409572,0.1070618083677929,0.15510861510178817
8M,HEM3_HUMAN_Loggerenberg_2023,head,2,12,-0.00679128690005476,0.0052737111105903844,-0.00025046046256171905,0.0678691725717956,0.19678780012409572,0.1070618083677929,0.15510861510178817
8M,HEM3_HUMAN_Loggerenberg_2023,head,2,13,-0.001909102210500252,-0.0006884083680949449,-0.0021478055310678035,0.05140056231613884,0.19678780012409572,0.1070618083677929,0.15510861510178817
8M,HEM3_HUMAN_Loggerenberg_2023,head,2,14,0.008919504313132681,0.01702241397829002,0.010575358379296407,0.10631010239612781,0.19678780012409572,0.1070618083677929,0.15510861510178817
8M,HEM3_HUMAN_Loggerenberg_2023,head,2,15,-0.025655230647404048,0.01354403968592957,-0.006787472273625056,0.2400489492364622,0.19678780012409572,0.1070618083677929,0.15510861510178817
8M,HEM3_HUMAN_Loggerenberg_2023,head,2,16,-0.022688056315664396,0.03159009977057804,0.005493881672021916,0.2023320806236733,0.19678780012409572,0.1070618083677929,0.15510861510178817
8M,HEM3_HUMAN_Loggerenberg_2023,head,2,17,0.003044237122798582,0.0023980635075708107,0.002026817098763928,0.03816792389107527,0.19678780012409572,0.1070618083677929,0.15510861510178817
8M,HEM3_HUMAN_Loggerenberg_2023,head,2,18,-0.02675671480760658,0.005860490255702122,-0.010721747874966853,0.18422661553891415,0.19678780012409572,0.1070618083677929,0.15510861510178817
8M,HEM3_HUMAN_Loggerenberg_2023,head,2,19,-0.007924109928621276,0.0028950387511368914,-0.0018052824242253407,0.04334324121151721,0.19678780012409572,0.1070618083677929,0.15510861510178817
8M,HEM3_HUMAN_Loggerenberg_2023,head,3,0,-0.005235132272604415,0.006972746638321384,0.001065489176897555,0.06198262674999366,0.19678780012409572,0.1070618083677929,0.15510861510178817
8M,HEM3_HUMAN_Loggerenberg_2023,head,3,1,0.0015147975962486737,0.004903870127216811,0.003276542761494583,0.04803086313819627,0.19678780012409572,0.1070618083677929,0.15510861510178817
8M,HEM3_HUMAN_Loggerenberg_2023,head,3,2,0.0138836324371798,0.0015962752732421731,0.006779825552978208,0.053927793350763205,0.19678780012409572,0.1070618083677929,0.15510861510178817
8M,HEM3_HUMAN_Loggerenberg_2023,head,3,3,0.002187555762193316,-0.000254431579391437,0.0014903851634015253,0.03208400024002572,0.19678780012409572,0.1070618083677929,0.15510861510178817
8M,HEM3_HUMAN_Loggerenberg_2023,head,3,4,-0.008201279100463255,-0.0006524415662164662,-0.004562411353224827,0.03143638461383421,0.19678780012409572,0.1070618083677929,0.15510861510178817
8M,HEM3_HUMAN_Loggerenberg_2023,head,3,5,0.020787174136210396,0.011009963597604921,0.016669958304709687,0.07738752644938723,0.19678780012409572,0.1070618083677929,0.15510861510178817
8M,HEM3_HUMAN_Loggerenberg_2023,head,3,6,-0.002960752432484698,0.004944694045607753,0.0017696162841540075,0.11854378832567336,0.19678780012409572,0.1070618083677929,0.15510861510178817
8M,HEM3_HUMAN_Loggerenberg_2023,head,3,7,-0.06226570767174791,-0.00968542468579009,-0.03511170445853079,0.16485318125022153,0.19678780012409572,0.1070618083677929,0.15510861510178817
8M,HEM3_HUMAN_Loggerenberg_2023,head,3,8,-0.010580464336423123,-0.005304034839348673,-0.008520703599787627,0.143155248064846,0.19678780012409572,0.1070618083677929,0.15510861510178817
8M,HEM3_HUMAN_Loggerenberg_2023,head,3,9,-0.0021991151808521403,-0.00017243179523454555,-0.001155659257439129,0.012499003429749281,0.19678780012409572,0.1070618083677929,0.15510861510178817
8M,HEM3_HUMAN_Loggerenberg_2023,head,3,10,0.005200197140657725,0.0008621227229491379,0.0027242929797123006,0.019066613758920492,0.19678780012409572,0.1070618083677929,0.15510861510178817
8M,HEM3_HUMAN_Loggerenberg_2023,head,3,11,-0.0014033134251833779,-0.0007269765424363361,-0.001119995442167343,0.058350437855299975,0.19678780012409572,0.1070618083677929,0.15510861510178817
8M,HEM3_HUMAN_Loggerenberg_2023,head,3,12,0.007646940756779269,0.003471073096945318,0.003622930836421595,0.13456095219305444,0.19678780012409572,0.1070618083677929,0.15510861510178817
8M,HEM3_HUMAN_Loggerenberg_2023,head,3,13,-0.00486702900731284,-0.001054749472762781,-0.002246791428476197,0.04672091091342341,0.19678780012409572,0.1070618083677929,0.15510861510178817
8M,HEM3_HUMAN_Loggerenberg_2023,head,3,14,-0.032272355639665545,-0.011100005789859549,-0.021342401966860602,0.25292025265894236,0.19678780012409572,0.1070618083677929,0.15510861510178817
8M,HEM3_HUMAN_Loggerenberg_2023,head,3,15,-0.004846222053726951,0.00020329687092990323,-0.002154276181095982,0.0588829700141296,0.19678780012409572,0.1070618083677929,0.15510861510178817
8M,HEM3_HUMAN_Loggerenberg_2023,head,3,16,0.006987026389344481,-0.004452141909321403,0.0005061842460865607,0.09243371229482311,0.19678780012409572,0.1070618083677929,0.15510861510178817
8M,HEM3_HUMAN_Loggerenberg_2023,head,3,17,-0.0019319641718477942,0.00860493820407067,0.004075123937230668,0.07919123101590285,0.19678780012409572,0.1070618083677929,0.15510861510178817
8M,HEM3_HUMAN_Loggerenberg_2023,head,3,18,0.0018839283654210615,0.0024401378795795847,0.0016922092521885757,0.04712081998788841,0.19678780012409572,0.1070618083677929,0.15510861510178817
8M,HEM3_HUMAN_Loggerenberg_2023,head,3,19,0.01489443937990298,0.000653108100711966,0.007456234201276585,0.19964797509735605,0.19678780012409572,0.1070618083677929,0.15510861510178817
8M,HEM3_HUMAN_Loggerenberg_2023,head,4,0,-0.001332415657409186,-0.0031956790097365656,-0.0007738006176344625,0.06296231651241453,0.19678780012409572,0.1070618083677929,0.15510861510178817
8M,HEM3_HUMAN_Loggerenberg_2023,head,4,1,0.0015797872167084281,0.0003162869183405831,0.00027170594669201353,0.02134108988206778,0.19678780012409572,0.1070618083677929,0.15510861510178817
8M,HEM3_HUMAN_Loggerenberg_2023,head,4,2,-0.046779169180542035,0.010209532601083024,-0.019720616301416555,0.23061726641622618,0.19678780012409572,0.1070618083677929,0.15510861510178817
8M,HEM3_HUMAN_Loggerenberg_2023,head,4,3,-0.0013116087038232693,-0.0016578154715553295,-0.0009955783853457245,0.11165097739997357,0.19678780012409572,0.1070618083677929,0.15510861510178817
8M,HEM3_HUMAN_Loggerenberg_2023,head,4,4,0.0075506122679555865,-0.01272970908629649,-0.00038300345197686547,0.22642880387028005,0.19678780012409572,0.1070618083677929,0.15510861510178817
8M,HEM3_HUMAN_Loggerenberg_2023,head,4,5,0.0012006382846984076,-0.00586491336298188,-0.0007255566548659553,0.13146358793108565,0.19678780012409572,0.1070618083677929,0.15510861510178817
8M,HEM3_HUMAN_Loggerenberg_2023,head,4,6,0.0013213699906907406,-0.01308055505933746,-0.005693962514903228,0.14287074668436556,0.19678780012409572,0.1070618083677929,0.15510861510178817
8M,HEM3_HUMAN_Loggerenberg_2023,head,4,7,-0.04798134872106158,-0.0110814568731675,-0.03137218037501495,0.17977662746424267,0.19678780012409572,0.1070618083677929,0.15510861510178817
8M,HEM3_HUMAN_Loggerenberg_2023,head,4,8,-0.01047386080879159,0.011552180101395526,0.0013940477180977018,0.07757829835327541,0.19678780012409572,0.1070618083677929,0.15510861510178817
8M,HEM3_HUMAN_Loggerenberg_2023,head,4,9,-0.012024621040867794,-0.002361656377497967,-0.007369499719651423,0.1317954556751122,0.19678780012409572,0.1070618083677929,0.15510861510178817
8M,HEM3_HUMAN_Loggerenberg_2023,head,4,10,-0.03455392800695076,-0.002965853407796107,-0.01855899918914189,0.12286185571264217,0.19678780012409572,0.1070618083677929,0.15510861510178817
8M,HEM3_HUMAN_Loggerenberg_2023,head,4,11,-0.008673674009654603,0.0007258334265228539,-0.004959348112397538,0.12578460885517634,0.19678780012409572,0.1070618083677929,0.15510861510178817
8M,HEM3_HUMAN_Loggerenberg_2023,head,4,12,0.009631564502517315,0.0026628379830346827,0.006641504122607639,0.11229018302914892,0.19678780012409572,0.1070618083677929,0.15510861510178817
8M,HEM3_HUMAN_Loggerenberg_2023,head,4,13,0.009611014424901587,0.00033257377202139393,0.00431673499967955,0.04071132436374473,0.19678780012409572,0.1070618083677929,0.15510861510178817
8M,HEM3_HUMAN_Loggerenberg_2023,head,4,14,-0.033906343686085416,-0.004933056505507807,-0.017894568767407415,0.14347525060257724,0.19678780012409572,0.1070618083677929,0.15510861510178817
8M,HEM3_HUMAN_Loggerenberg_2023,head,4,15,0.0033075349922500052,0.0001970761976490265,0.0013245559463993528,0.03131356855583967,0.19678780012409572,0.1070618083677929,0.15510861510178817
8M,HEM3_HUMAN_Loggerenberg_2023,head,4,16,0.01670002057441408,-0.0040694008478221605,0.0034554463368540733,0.15495859517171232,0.19678780012409572,0.1070618083677929,0.15510861510178817
8M,HEM3_HUMAN_Loggerenberg_2023,head,4,17,0.0004675142657576403,0.002154778630713561,0.0035439287139841236,0.14084589319604385,0.19678780012409572,0.1070618083677929,0.15510861510178817
8M,HEM3_HUMAN_Loggerenberg_2023,head,4,18,0.008868385995063538,0.016356236421484302,0.01495078183232934,0.1677584845466562,0.19678780012409572,0.1070618083677929,0.15510861510178817
8M,HEM3_HUMAN_Loggerenberg_2023,head,4,19,-0.013283570170800785,0.018523405889388264,0.003902161957174133,0.14163304183991016,0.19678780012409572,0.1070618083677929,0.15510861510178817
8M,HEM3_HUMAN_Loggerenberg_2023,head,5,0,-0.010502117165513192,-0.015658967582682107,-0.012218394178469871,0.12647336616283195,0.19678780012409572,0.1070618083677929,0.15510861510178817
8M,HEM3_HUMAN_Loggerenberg_2023,head,5,1,-0.004991870728828313,-0.001841042575464552,-0.0025996073832705024,0.036836545616186135,0.19678780012409572,0.1070618083677929,0.15510861510178817
8M,HEM3_HUMAN_Loggerenberg_2023,head,5,2,0.05267704145625343,0.008670198721944508,0.03040630562530594,0.2839421888704701,0.19678780012409572,0.1070618083677929,0.15510861510178817
8M,HEM3_HUMAN_Loggerenberg_2023,head,5,3,-0.024171258167578924,-0.002555854487011608,-0.01313596244851753,0.1209406342402889,0.19678780012409572,0.1070618083677929,0.15510861510178817
8M,HEM3_HUMAN_Loggerenberg_2023,head,5,4,0.005744774197474267,-0.008711606559457796,-0.000982215740636283,0.08531951847684593,0.19678780012409572,0.1070618083677929,0.15510861510178817
8M,HEM3_HUMAN_Loggerenberg_2023,head,5,5,0.0027187752685596256,-0.004299113346612024,0.0008554187713303574,0.10317113845933891,0.19678780012409572,0.1070618083677929,0.15510861510178817
8M,HEM3_HUMAN_Loggerenberg_2023,head,5,6,-0.012256066290014855,-0.0034024315689625134,-0.004182027419705636,0.24631255493073484,0.19678780012409572,0.1070618083677929,0.15510861510178817
8M,HEM3_HUMAN_Loggerenberg_2023,head,5,7,0.0033116450077731174,0.0002838263141295011,0.002408735930661904,0.04487557877032048,0.19678780012409572,0.1070618083677929,0.15510861510178817
8M,HEM3_HUMAN_Loggerenberg_2023,head,5,8,0.03749669912152179,0.0076103090980351035,0.017785137217014413,0.14593166169512062,0.19678780012409572,0.1070618083677929,0.15510861510178817
8M,HEM3_HUMAN_Loggerenberg_2023,head,5,9,-0.015888806260533572,0.006270602279637202,-0.005430531818638229,0.1916430868319611,0.19678780012409572,0.1070618083677929,0.15510861510178817
8M,HEM3_HUMAN_Loggerenberg_2023,head,5,10,-0.019581141456137874,-0.009897379989941849,-0.013931611633614949,0.13419933558480873,0.19678780012409572,0.1070618083677929,0.15510861510178817
8M,HEM3_HUMAN_Loggerenberg_2023,head,5,11,-0.002021870761416522,0.0016421951523700323,-0.00044873321784486,0.01571351750734865,0.19678780012409572,0.1070618083677929,0.15510861510178817
8M,HEM3_HUMAN_Loggerenberg_2023,head,5,12,-0.040550440655217596,-0.0052934031431959155,-0.021145272861349818,0.23525977037654966,0.19678780012409572,0.1070618083677929,0.15510861510178817
8M,HEM3_HUMAN_Loggerenberg_2023,head,5,13,0.0010326414001899098,-0.0024468230498705806,-0.00082147275551675,0.031537455732819186,0.19678780012409572,0.1070618083677929,0.15510861510178817
8M,HEM3_HUMAN_Loggerenberg_2023,head,5,14,-0.00970503102999351,0.010345935000659862,0.0017718433916055765,0.19207045536998815,0.19678780012409572,0.1070618083677929,0.15510861510178817
8M,HEM3_HUMAN_Loggerenberg_2023,head,5,15,-0.0024503398797043052,0.0007096596759925827,-0.0009151015566226939,0.017319650145366364,0.19678780012409572,0.1070618083677929,0.15510861510178817
8M,HEM3_HUMAN_Loggerenberg_2023,head,5,16,-0.013702534878191258,0.0020710822992982686,-0.007670851434686404,0.12253637035633848,0.19678780012409572,0.1070618083677929,0.15510861510178817
8M,HEM3_HUMAN_Loggerenberg_2023,head,5,17,-0.006377202836097995,-0.0020320737967624847,-0.004103386449827856,0.05721562081793755,0.19678780012409572,0.1070618083677929,0.15510861510178817
8M,HEM3_HUMAN_Loggerenberg_2023,head,5,18,-0.003190142673870189,0.00027217668962170594,-0.0019152834747050151,0.03727909716369339,0.19678780012409572,0.1070618083677929,0.15510861510178817
8M,HEM3_HUMAN_Loggerenberg_2023,head,5,19,-0.0037396003741204664,0.0009032922697534279,-0.0013918831275389898,0.017721461958606983,0.19678780012409572,0.1070618083677929,0.15510861510178817
8M,HEM3_HUMAN_Loggerenberg_2023,attn_layer,0,-1,-0.12407366236460565,0.024188629597850328,-0.05305936148981641,0.762165399710553,0.19678780012409572,0.1070618083677929,0.15510861510178817
8M,HEM3_HUMAN_Loggerenberg_2023,mlp,0,-1,-0.2311138791454822,-0.14015409367475404,-0.1751987194054394,1.5055532107683178,0.19678780012409572,0.1070618083677929,0.15510861510178817
8M,HEM3_HUMAN_Loggerenberg_2023,attn_layer,1,-1,-0.09545074363352159,0.03428523474530189,-0.02569633684259051,0.7928674033409543,0.19678780012409572,0.1070618083677929,0.15510861510178817
8M,HEM3_HUMAN_Loggerenberg_2023,mlp,1,-1,-0.07580846569647695,0.036357623773035516,-0.025292959529436193,0.7170960799648124,0.19678780012409572,0.1070618083677929,0.15510861510178817
8M,HEM3_HUMAN_Loggerenberg_2023,attn_layer,2,-1,-0.05701927285645483,0.05220891722104311,0.0065265673204785435,0.7771099715252259,0.19678780012409572,0.1070618083677929,0.15510861510178817
8M,HEM3_HUMAN_Loggerenberg_2023,mlp,2,-1,-0.172879582949998,-0.022494017177399114,-0.09346140805692343,0.8190509333215866,0.19678780012409572,0.1070618083677929,0.15510861510178817
8M,HEM3_HUMAN_Loggerenberg_2023,attn_layer,3,-1,-0.12369322905274467,0.00705418090672548,-0.056315994504947495,0.44722375439497636,0.19678780012409572,0.1070618083677929,0.15510861510178817
8M,HEM3_HUMAN_Loggerenberg_2023,mlp,3,-1,-0.08530825282628345,-0.013041986884996082,-0.050017162807015764,0.5862949209912014,0.19678780012409572,0.1070618083677929,0.15510861510178817
8M,HEM3_HUMAN_Loggerenberg_2023,attn_layer,4,-1,-0.08696664408987198,0.05412397976634607,-0.01631311180446479,0.7011144872921616,0.19678780012409572,0.1070618083677929,0.15510861510178817
8M,HEM3_HUMAN_Loggerenberg_2023,mlp,4,-1,-0.08910616404563854,0.004100831439270314,-0.04531561859256075,0.5942047439727887,0.19678780012409572,0.1070618083677929,0.15510861510178817
8M,HEM3_HUMAN_Loggerenberg_2023,attn_layer,5,-1,-0.0327432092930357,-0.00566969732511316,-0.01880187428554983,0.5176701663792376,0.19678780012409572,0.1070618083677929,0.15510861510178817
8M,HEM3_HUMAN_Loggerenberg_2023,mlp,5,-1,-0.11099893235757462,0.03217948028815269,-0.03433375174885937,0.6068731586839321,0.19678780012409572,0.1070618083677929,0.15510861510178817
8M,P53_HUMAN_Kotler_2018,head,0,0,0.0086147137745975,-0.002164615518896744,0.0011636405854616172,0.04289519106933826,0.05181127012522362,-0.004930236037855834,0.020262782235614785
8M,P53_HUMAN_Kotler_2018,head,0,1,0.008463774597495526,-0.0030474195438845875,0.0018523258299184935,0.023757219314575195,0.05181127012522362,-0.004930236037855834,0.020262782235614785
8M,P53_HUMAN_Kotler_2018,head,0,2,-0.013908765652951703,-0.0010523821992792937,-0.0054553898195961285,0.04074335370226958,0.05181127012522362,-0.004930236037855834,0.020262782235614785
8M,P53_HUMAN_Kotler_2018,head,0,3,0.0019118962432915984,0.006359181535929376,0.002121467189821178,0.013449866508802987,0.05181127012522362,-0.004930236037855834,0.020262782235614785
8M,P53_HUMAN_Kotler_2018,head,0,4,0.00015652951699463707,0.0012020100001246896,-0.0020673750537623034,0.02795331876994086,0.05181127012522362,-0.004930236037855834,0.020262782235614785
8M,P53_HUMAN_Kotler_2018,head,0,5,0.004925089445438284,0.011207122283320242,0.005217912149093756,0.0616876281259631,0.05181127012522362,-0.004930236037855834,0.020262782235614785
8M,P53_HUMAN_Kotler_2018,head,0,6,0.0017218246869409662,0.002433945560418459,0.00013061271877630454,0.011889712892104465,0.05181127012522362,-0.004930236037855834,0.020262782235614785
8M,P53_HUMAN_Kotler_2018,head,0,7,-0.005758050089445438,0.0014962780084539708,-0.0025126456859542526,0.01501196192244613,0.05181127012522362,-0.004930236037855834,0.020262782235614785
8M,P53_HUMAN_Kotler_2018,head,0,8,0.038478309481216465,-0.10590156984501055,-0.026739985698566948,0.19963425783150096,0.05181127012522362,-0.004930236037855834,0.020262782235614785
8M,P53_HUMAN_Kotler_2018,head,0,9,-0.003315071556350628,-0.010434045312285692,-0.008964122401268655,0.025992440633447453,0.05181127012522362,-0.004930236037855834,0.020262782235614785
8M,P53_HUMAN_Kotler_2018,head,0,10,0.008788014311270125,0.0010773201660868592,0.003650559523778109,0.02646843607434755,0.05181127012522362,-0.004930236037855834,0.020262782235614785
8M,P53_HUMAN_Kotler_2018,head,0,11,0.0009615384615384651,0.005406551203880348,0.0014980883047524575,0.01616522794440672,0.05181127012522362,-0.004930236037855834,0.020262782235614785
8M,P53_HUMAN_Kotler_2018,head,0,12,0.008754472271914136,0.003416501452636567,0.0035153291836309275,0.02204087342599499,0.05181127012522362,-0.004930236037855834,0.020262782235614785
8M,P53_HUMAN_Kotler_2018,head,0,13,-0.014339221824686943,0.0036110175937355835,-0.006198826860307715,0.0970613462390102,0.05181127012522362,-0.004930236037855834,0.020262782235614785
8M,P53_HUMAN_Kotler_2018,head,0,14,0.004354874776386408,0.0011222085063404782,0.00171379718879211,0.01304028242713145,0.05181127012522362,-0.004930236037855834,0.020262782235614785
8M,P53_HUMAN_Kotler_2018,head,0,15,0.013126118067978539,0.0018454095437598975,0.005106429575996812,0.019773662316935146,0.05181127012522362,-0.004930236037855834,0.020262782235614785
8M,P53_HUMAN_Kotler_2018,head,0,16,0.0075805008944543895,0.007222035187471166,0.005777963655361849,0.013109152761249035,0.05181127012522362,-0.004930236037855834,0.020262782235614785
8M,P53_HUMAN_Kotler_2018,head,0,17,0.002107558139534879,0.005012531328320803,0.002636002142576317,0.018982369636854745,0.05181127012522362,-0.004930236037855834,0.020262782235614785
8M,P53_HUMAN_Kotler_2018,head,0,18,-0.014126788908765654,0.008618561328694872,-0.002867542871316124,0.015558741845105537,0.05181127012522362,-0.004930236037855834,0.020262782235614785
8M,P53_HUMAN_Kotler_2018,head,0,19,0.012634168157423985,0.0015012656018154845,0.005397999382558059,0.06553904049296796,0.05181127012522362,-0.004930236037855834,0.020262782235614785
8M,P53_HUMAN_Kotler_2018,head,1,0,0.015507602862254034,0.01749148991882692,0.018103714414630732,0.03790015684787765,0.05181127012522362,-0.004930236037855834,0.020262782235614785
8M,P53_HUMAN_Kotler_2018,head,1,1,-0.022612924865831847,0.03449419568822554,0.001100972866856828,0.1160955837017683,0.05181127012522362,-0.004930236037855834,0.020262782235614785
8M,P53_HUMAN_Kotler_2018,head,1,2,-0.005920169946332737,0.0038055337348345993,-0.0026241282590511936,0.018865144298103827,0.05181127012522362,-0.004930236037855834,0.020262782235614785
8M,P53_HUMAN_Kotler_2018,head,1,3,0.011913014311270127,-0.013690943777353835,-0.00017876791307261733,0.04217068414724372,0.05181127012522362,-0.004930236037855834,0.020262782235614785
8M,P53_HUMAN_Kotler_2018,head,1,4,-0.008027728085867616,-0.00783052157757578,-0.010804574347662028,0.09488781550084684,0.05181127012522362,-0.004930236037855834,0.020262782235614785
8M,P53_HUMAN_Kotler_2018,head,1,5,-0.013528622540250446,0.0015810670955996964,-0.005618985548164427,0.03340099338342935,0.05181127012522362,-0.004930236037855834,0.020262782235614785
8M,P53_HUMAN_Kotler_2018,head,1,6,0.0022976296958855114,0.0024040200002493797,0.0014459751492811035,0.006180462275167835,0.05181127012522362,-0.004930236037855834,0.020262782235614785
8M,P53_HUMAN_Kotler_2018,head,1,7,0.019817754919499116,0.010937792241798527,0.010278830208349545,0.0802770984490108,0.05181127012522362,-0.004930236037855834,0.020262782235614785
8M,P53_HUMAN_Kotler_2018,head,1,8,0.014736135957066195,-0.021676080749136527,-0.003481686513643091,0.043981067128054545,0.05181127012522362,-0.004930236037855834,0.020262782235614785
8M,P53_HUMAN_Kotler_2018,head,1,9,0.0035051431127012464,-0.015975261536926893,-0.005678354965790019,0.0855335976234407,0.05181127012522362,-0.004930236037855834,0.020262782235614785
8M,P53_HUMAN_Kotler_2018,head,1,10,0.042816413237924865,-0.03229965460915972,0.007632268465867859,0.10581893295389617,0.05181127012522362,-0.004930236037855834,0.020262782235614785
8M,P53_HUMAN_Kotler_2018,head,1,11,0.016195214669051876,-0.044723749672689196,-0.017748817229268854,0.13082297537263354,0.05181127012522362,-0.004930236037855834,0.020262782235614785
8M,P53_HUMAN_Kotler_2018,head,1,12,0.03590116279069768,0.021157371039539147,0.02467195098460881,0.03643276845547636,0.05181127012522362,-0.004930236037855834,0.020262782235614785
8M,P53_HUMAN_Kotler_2018,head,1,13,0.0036337209302325577,0.0002892804149677679,0.0005699464092056919,0.008874760381169192,0.05181127012522362,-0.004930236037855834,0.020262782235614785
8M,P53_HUMAN_Kotler_2018,head,1,14,-0.022965116279069775,-0.031092657015673514,-0.03276268328658541,0.0926358894703506,0.05181127012522362,-0.004930236037855834,0.020262782235614785
8M,P53_HUMAN_Kotler_2018,head,1,15,0.01012969588550984,-0.026359430915597455,-0.010280144491969293,0.054562529230299105,0.05181127012522362,-0.004930236037855834,0.020262782235614785
8M,P53_HUMAN_Kotler_2018,head,1,16,-0.0002739266547406097,-0.005775633112632326,-0.006036550452131098,0.04198819693503724,0.05181127012522362,-0.004930236037855834,0.020262782235614785
8M,P53_HUMAN_Kotler_2018,head,1,17,-0.002074016100178891,-0.03851918353096673,-0.021143428597061076,0.0725631605083045,0.05181127012522362,-0.004930236037855834,0.020262782235614785
8M,P53_HUMAN_Kotler_2018,head,1,18,0.008642665474060826,0.005735732365740221,0.005000883944662429,0.026144815488459944,0.05181127012522362,-0.004930236037855834,0.020262782235614785
8M,P53_HUMAN_Kotler_2018,head,1,19,0.02091905187835421,-0.027117545106547465,-0.0019506151990986396,0.06375472808518791,0.05181127012522362,-0.004930236037855834,0.020262782235614785
8M,P53_HUMAN_Kotler_2018,head,2,0,-0.005014534883720931,-0.010523821992792929,-0.008504339244768233,0.029083912816791027,0.05181127012522362,-0.004930236037855834,0.020262782235614785
8M,P53_HUMAN_Kotler_2018,head,2,1,-0.0057524597495527754,0.021177321412985204,0.004178947340645885,0.07689398867095831,0.05181127012522362,-0.004930236037855834,0.020262782235614785
8M,P53_HUMAN_Kotler_2018,head,2,2,-0.010683139534883722,-0.006194590954999439,-0.008213429098402829,0.030459249880830597,0.05181127012522362,-0.004930236037855834,0.020262782235614785
8M,P53_HUMAN_Kotler_2018,head,2,3,0.00929673524150268,0.014493946308557465,0.013877271539884377,0.09839336727055306,0.05181127012522362,-0.004930236037855834,0.020262782235614785
8M,P53_HUMAN_Kotler_2018,head,2,4,-0.005137522361359573,-0.002653399668325041,-0.003861650786446881,0.014269758539961317,0.05181127012522362,-0.004930236037855834,0.020262782235614785
8M,P53_HUMAN_Kotler_2018,head,2,5,0.0060319767441860475,-0.004458908465192833,-0.0008938395653630866,0.012266833066033773,0.05181127012522362,-0.004930236037855834,0.020262782235614785
8M,P53_HUMAN_Kotler_2018,head,2,6,0.005484123434704835,-0.0008778164316263293,0.0026135736959177584,0.02786628420362001,0.05181127012522362,-0.004930236037855834,0.020262782235614785
8M,P53_HUMAN_Kotler_2018,head,2,7,0.0025771466905187834,-0.060379805234479236,-0.024963520791170046,0.10241049596112037,0.05181127012522362,-0.004930236037855834,0.020262782235614785
8M,P53_HUMAN_Kotler_2018,head,2,8,-0.011130366726296963,0.03949176423646181,0.015107537805125817,0.09669610121404264,0.05181127012522362,-0.004930236037855834,0.020262782235614785
8M,P53_HUMAN_Kotler_2018,head,2,9,-0.01896243291592129,0.013112382947418299,-0.001715116509183788,0.04337120418766152,0.05181127012522362,-0.004930236037855834,0.020262782235614785
8M,P53_HUMAN_Kotler_2018,head,2,10,-0.0062947227191413255,0.0016409182159378547,-0.002269890733885161,0.01052665937082849,0.05181127012522362,-0.004930236037855834,0.020262782235614785
8M,P53_HUMAN_Kotler_2018,head,2,11,-0.012880143112701255,0.017406700831681193,-4.551655351295314e-05,0.042223684234764185,0.05181127012522362,-0.004930236037855834,0.020262782235614785
8M,P53_HUMAN_Kotler_2018,head,2,12,0.0012131037567084113,0.008020050125313285,0.0026023594725884808,0.020028359083168405,0.05181127012522362,-0.004930236037855834,0.020262782235614785
8M,P53_HUMAN_Kotler_2018,head,2,13,-0.00859235241502683,-5.486352697664596e-05,-0.004719868701234619,0.0169051590981139,0.05181127012522362,-0.004930236037855834,0.020262782235614785
8M,P53_HUMAN_Kotler_2018,head,2,14,0.008597942754919506,0.0031770969712839317,0.0005706060694015309,0.08315697459666901,0.05181127012522362,-0.004930236037855834,0.020262782235614785
8M,P53_HUMAN_Kotler_2018,head,2,15,-0.007748211091234351,0.01470342522974102,0.00020845262188541602,0.05281639779021985,0.05181127012522362,-0.004930236037855834,0.020262782235614785
8M,P53_HUMAN_Kotler_2018,head,2,16,0.003622540250447226,-0.019501490043516752,-0.003731697727866419,0.07612091552168697,0.05181127012522362,-0.004930236037855834,0.020262782235614785
8M,P53_HUMAN_Kotler_2018,head,2,17,-0.0071891771019678,0.001446402074838839,-0.00410836369969101,0.026747978232206048,0.05181127012522362,-0.004930236037855834,0.020262782235614785
8M,P53_HUMAN_Kotler_2018,head,2,18,-0.0066972271914132395,0.008838015436601454,-0.0021425763160880552,0.04143671300474682,0.05181127012522362,-0.004930236037855834,0.020262782235614785
8M,P53_HUMAN_Kotler_2018,head,2,19,-0.000603756708407871,-0.0025935485479868826,-0.0021511518986339732,0.007932419559348218,0.05181127012522362,-0.004930236037855834,0.020262782235614785
8M,P53_HUMAN_Kotler_2018,head,3,0,0.0004975402504472301,0.004633474232845797,0.0013107448091339222,0.016641116867500565,0.05181127012522362,-0.004930236037855834,0.020262782235614785
8M,P53_HUMAN_Kotler_2018,head,3,1,-0.02047182468694097,0.006788114565019514,-0.008763585701733322,0.03635706783700805,0.05181127012522362,-0.004930236037855834,0.020262782235614785
8M,P53_HUMAN_Kotler_2018,head,3,2,-0.007809704830053665,-0.0019451614109901628,-0.006704126570321092,0.012944609040089887,0.05181127012522362,-0.004930236037855834,0.020262782235614785
8M,P53_HUMAN_Kotler_2018,head,3,3,0.014121198568872985,0.003970124315764536,0.0064158550647390455,0.023002452270159703,0.05181127012522362,-0.004930236037855834,0.020262782235614785
8M,P53_HUMAN_Kotler_2018,head,3,4,-0.0368850626118068,-0.01357622913003903,-0.02639630273653435,0.06317946076846395,0.05181127012522362,-0.004930236037855834,0.020262782235614785
8M,P53_HUMAN_Kotler_2018,head,3,5,0.0011572003577817527,-0.014374244067881146,-0.005799732441824563,0.032954953015983786,0.05181127012522362,-0.004930236037855834,0.020262782235614785
8M,P53_HUMAN_Kotler_2018,head,3,6,-0.0007323345259391753,0.0,-0.0006108453413477648,0.022190447089336672,0.05181127012522362,-0.004930236037855834,0.020262782235614785
8M,P53_HUMAN_Kotler_2018,head,3,7,0.002292039355992842,-0.00601005000062345,-0.0004888082051173782,0.013164486721894587,0.05181127012522362,-0.004930236037855834,0.020262782235614785
8M,P53_HUMAN_Kotler_2018,head,3,8,-0.016793381037567084,0.004189578423671118,-0.007469992057691241,0.023119336298663352,0.05181127012522362,-0.004930236037855834,0.020262782235614785
8M,P53_HUMAN_Kotler_2018,head,3,9,-0.003264758497316639,0.0034115138592750536,-0.0003304897581157991,0.011256615018663298,0.05181127012522362,-0.004930236037855834,0.020262782235614785
8M,P53_HUMAN_Kotler_2018,head,3,10,-0.007094141323792484,0.008149727552712628,-0.003132726270043771,0.02458685205916488,0.05181127012522362,-0.004930236037855834,0.020262782235614785
8M,P53_HUMAN_Kotler_2018,head,3,11,0.0014031753130590296,-0.0021546403321737184,-0.001594398693345083,0.026341324976641867,0.05181127012522362,-0.004930236037855834,0.020262782235614785
8M,P53_HUMAN_Kotler_2018,head,3,12,0.03858452593917711,0.007511315602438934,0.020952786800463342,0.08812007206021152,0.05181127012522362,-0.004930236037855834,0.020262782235614785
8M,P53_HUMAN_Kotler_2018,head,3,13,-0.009805456171735241,0.004543697552338558,-0.004851141080206761,0.03651650278287242,0.05181127012522362,-0.004930236037855834,0.020262782235614785
8M,P53_HUMAN_Kotler_2018,head,3,14,0.0006876118067978484,0.0018703475105674634,-8.50961652633514e-05,0.019360120758810877,0.05181127012522362,-0.004930236037855834,0.020262782235614785
8M,P53_HUMAN_Kotler_2018,head,3,15,-0.00036896243291591885,0.0008678412449033036,-0.0009241839343717279,0.006539857432869451,0.05181127012522362,-0.004930236037855834,0.020262782235614785
8M,P53_HUMAN_Kotler_2018,head,3,16,0.0016491502683363135,-0.0116061297522413,-0.0014492734502602987,0.05986901063882806,0.05181127012522362,-0.004930236037855834,0.020262782235614785
8M,P53_HUMAN_Kotler_2018,head,3,17,0.014987701252236134,0.0021197271786431255,0.008175828467239951,0.02218937919167058,0.05181127012522362,-0.004930236037855834,0.020262782235614785
8M,P53_HUMAN_Kotler_2018,head,3,18,0.004052996422182473,0.008064938465566903,0.0038517558835092884,0.010662127810286024,0.05181127012522362,-0.004930236037855834,0.020262782235614785
8M,P53_HUMAN_Kotler_2018,head,3,19,0.009743962432915927,0.007645980623199791,0.008086774340801562,0.03698975505031107,0.05181127012522362,-0.004930236037855834,0.020262782235614785
8M,P53_HUMAN_Kotler_2018,head,4,0,0.0008720930232558113,0.0029626304567388624,0.000865474176941973,0.008947337988211628,0.05181127012522362,-0.004930236037855834,0.020262782235614785
8M,P53_HUMAN_Kotler_2018,head,4,1,-0.004108899821109124,0.009162209005099814,-0.0002994857289113223,0.021513865927779628,0.05181127012522362,-0.004930236037855834,0.020262782235614785
8M,P53_HUMAN_Kotler_2018,head,4,2,-0.0008161896243291597,0.0054464519507724535,0.0007704831087410255,0.05542952887458946,0.05181127012522362,-0.004930236037855834,0.020262782235614785
8M,P53_HUMAN_Kotler_2018,head,4,3,-0.003717576028622542,-0.0022144914525118768,-0.002763316560373416,0.008860956126746117,0.05181127012522362,-0.004930236037855834,0.020262782235614785
8M,P53_HUMAN_Kotler_2018,head,4,4,0.001934257602862255,0.010404119752116612,0.0026531533076681567,0.036879423000060106,0.05181127012522362,-0.004930236037855834,0.020262782235614785
8M,P53_HUMAN_Kotler_2018,head,4,5,0.015502012522361365,-0.008364194067257696,0.0029763868036297124,0.03986375504120221,0.05181127012522362,-0.004930236037855834,0.020262782235614785
8M,P53_HUMAN_Kotler_2018,head,4,6,-0.004444320214669048,-0.009720819461589298,-0.005092576711884173,0.02871086252959509,0.05181127012522362,-0.004930236037855834,0.020262782235614785
8M,P53_HUMAN_Kotler_2018,head,4,7,-0.025670840787119863,-0.01333183705532488,-0.016800885527846893,0.05046064908060284,0.05181127012522362,-0.004930236037855834,0.020262782235614785
8M,P53_HUMAN_Kotler_2018,head,4,8,0.0025324239713774635,0.003940198755595457,0.0016432135478372384,0.022554621043767313,0.05181127012522362,-0.004930236037855834,0.020262782235614785
8M,P53_HUMAN_Kotler_2018,head,4,9,-0.007658765652951698,-0.015830621329443014,-0.012389737798265354,0.046181231850453655,0.05181127012522362,-0.004930236037855834,0.020262782235614785
8M,P53_HUMAN_Kotler_2018,head,4,10,-0.006071109123434705,0.0015860546889612092,-0.0038174535533256095,0.02488807534990202,0.05181127012522362,-0.004930236037855834,0.020262782235614785
8M,P53_HUMAN_Kotler_2018,head,4,11,0.020555679785330953,-0.005895335353308646,0.005054976080721297,0.0239133272787464,0.05181127012522362,-0.004930236037855834,0.020262782235614785
8M,P53_HUMAN_Kotler_2018,head,4,12,-0.009279964221824692,0.004005037469295129,-0.0013701142267595126,0.04678929939922724,0.05181127012522362,-0.004930236037855834,0.020262782235614785
8M,P53_HUMAN_Kotler_2018,head,4,13,-0.009565071556350627,-0.0040698761829948,-0.007621054242538578,0.016855770190859022,0.05181127012522362,-0.004930236037855834,0.020262782235614785
8M,P53_HUMAN_Kotler_2018,head,4,14,0.007328935599284443,0.010658487013553784,0.005335991324149105,0.037420062511139496,0.05181127012522362,-0.004930236037855834,0.020262782235614785
8M,P53_HUMAN_Kotler_2018,head,4,15,0.0014478980322003565,-0.004698312946545468,-0.0038926548156513613,0.02843785240622981,0.05181127012522362,-0.004930236037855834,0.020262782235614785
8M,P53_HUMAN_Kotler_2018,head,4,16,-0.03762298747763865,0.04247933266000824,0.0018134058783639377,0.07553494384533552,0.05181127012522362,-0.004930236037855834,0.020262782235614785
8M,P53_HUMAN_Kotler_2018,head,4,17,-0.0005478533094812124,-0.03832965498322922,-0.013666180277215598,0.04444970060210718,0.05181127012522362,-0.004930236037855834,0.020262782235614785
8M,P53_HUMAN_Kotler_2018,head,4,18,0.0006820214669051861,-0.0006583623237197472,-0.0005897362150808876,0.03005974283689782,0.05181127012522362,-0.004930236037855834,0.020262782235614785
8M,P53_HUMAN_Kotler_2018,head,4,19,-0.015172182468694104,0.0012518859337398223,-0.008824934099946433,0.06865308629242639,0.05181127012522362,-0.004930236037855834,0.020262782235614785
8M,P53_HUMAN_Kotler_2018,head,5,0,-0.0015597048300536737,-0.022558884774124367,-0.009047899246140323,0.043160788459922876,0.05181127012522362,-0.004930236037855834,0.020262782235614785
8M,P53_HUMAN_Kotler_2018,head,5,1,-0.005808363148479427,-0.001416476514669759,-0.00413013248615373,0.027564741812731375,0.05181127012522362,-0.004930236037855834,0.020262782235614785
8M,P53_HUMAN_Kotler_2018,head,5,2,0.010297406082289809,0.0008279404980111966,0.002054841510041351,0.08761005528526161,0.05181127012522362,-0.004930236037855834,0.020262782235614785
8M,P53_HUMAN_Kotler_2018,head,5,3,-0.01994074239713775,-0.08445990598386516,-0.0461049704076436,0.12705256413144303,0.05181127012522362,-0.004930236037855834,0.020262782235614785
8M,P53_HUMAN_Kotler_2018,head,5,4,-0.020343246869409665,0.016204690831556505,-0.004312198700205546,0.04592532576716898,0.05181127012522362,-0.004930236037855834,0.020262782235614785
8M,P53_HUMAN_Kotler_2018,head,5,5,0.03233452593917711,-0.005037469295128369,0.010171300559655712,0.03453482149218425,0.05181127012522362,-0.004930236037855834,0.020262782235614785
8M,P53_HUMAN_Kotler_2018,head,5,6,0.009196109123434708,0.014528859462088057,0.014084404841378108,0.0645394932634477,0.05181127012522362,-0.004930236037855834,0.020262782235614785
8M,P53_HUMAN_Kotler_2018,head,5,7,-0.010917933810375674,0.0017506452698911462,-0.0058261188496581615,0.025270465662270897,0.05181127012522362,-0.004930236037855834,0.020262782235614785
8M,P53_HUMAN_Kotler_2018,head,5,8,0.03155746869409661,0.04280851382186811,0.031031734932701463,0.06826352665179583,0.05181127012522362,-0.004930236037855834,0.020262782235614785
8M,P53_HUMAN_Kotler_2018,head,5,9,-0.006753130590339891,0.024050175189216826,0.006535913220381918,0.04948344792703259,0.05181127012522362,-0.004930236037855834,0.020262782235614785
8M,P53_HUMAN_Kotler_2018,head,5,10,-0.021276833631484797,-0.0315365528248482,-0.024513632537607223,0.058316684494453694,0.05181127012522362,-0.004930236037855834,0.020262782235614785
8M,P53_HUMAN_Kotler_2018,head,5,11,-0.010409212880143112,-0.004054913402910261,-0.007421836863394926,0.014190809808303196,0.05181127012522362,-0.004930236037855834,0.020262782235614785
8M,P53_HUMAN_Kotler_2018,head,5,12,-0.06011851520572452,-0.058040623947929526,-0.05659950446326087,0.08374367920618093,0.05181127012522362,-0.004930236037855834,0.020262782235614785
8M,P53_HUMAN_Kotler_2018,head,5,13,-0.0006876118067978554,-0.008897866556939613,-0.004755490351809975,0.021345694708733504,0.05181127012522362,-0.004930236037855834,0.020262782235614785
8M,P53_HUMAN_Kotler_2018,head,5,14,-0.0038014311270125195,0.018698487512313122,0.008305121865624578,0.04907297453499566,0.05181127012522362,-0.004930236037855834,0.020262782235614785
8M,P53_HUMAN_Kotler_2018,head,5,15,-0.005500894454382829,0.007481390042269854,-0.0008958185459506107,0.009922266459736987,0.05181127012522362,-0.004930236037855834,0.020262782235614785
8M,P53_HUMAN_Kotler_2018,head,5,16,-0.002135509838998212,0.0078105712041297275,-0.0005409213605887322,0.026292063890754495,0.05181127012522362,-0.004930236037855834,0.020262782235614785
8M,P53_HUMAN_Kotler_2018,head,5,17,-0.0038014311270125195,0.007057444606541229,-0.00022032650541053272,0.012507161260104451,0.05181127012522362,-0.004930236037855834,0.020262782235614785
8M,P53_HUMAN_Kotler_2018,head,5,18,-0.002800760286225404,-0.00089277921171087,-0.0030377352018428234,0.014519796172022367,0.05181127012522362,-0.004930236037855834,0.020262782235614785
8M,P53_HUMAN_Kotler_2018,head,5,19,-0.0032144454382826496,-0.006738238631404381,-0.00607810904446901,0.013432970065127761,0.05181127012522362,-0.004930236037855834,0.020262782235614785
8M,P53_HUMAN_Kotler_2018,attn_layer,0,-1,-0.12820326475849733,-0.1958278781530942,-0.15778148360216682,0.510026705129065,0.05181127012522362,-0.004930236037855834,0.020262782235614785
8M,P53_HUMAN_Kotler_2018,mlp,0,-1,-0.13019342576028625,-0.037935635107669674,-0.07648957868822609,0.7838249968031966,0.05181127012522362,-0.004930236037855834,0.020262782235614785
8M,P53_HUMAN_Kotler_2018,attn_layer,1,-1,-0.11332177996422185,-0.14731355752565495,-0.12433803099347461,0.3555285871708801,0.05181127012522362,-0.004930236037855834,0.020262782235614785
8M,P53_HUMAN_Kotler_2018,mlp,1,-1,-0.07740384615384617,-0.06631005374131847,-0.06748323803442369,0.2388433934164591,0.05181127012522362,-0.004930236037855834,0.020262782235614785
8M,P53_HUMAN_Kotler_2018,attn_layer,2,-1,-0.11373546511627909,-0.1499220688537264,-0.12991084032793027,0.3693964250187457,0.05181127012522362,-0.004930236037855834,0.020262782235614785
8M,P53_HUMAN_Kotler_2018,mlp,2,-1,0.1401274597495528,-0.14369256474519634,0.004428958554869217,0.6202997717114003,0.05181127012522362,-0.004930236037855834,0.020262782235614785
8M,P53_HUMAN_Kotler_2018,attn_layer,3,-1,-0.09959749552772809,-0.036170027057693996,-0.06372581355891951,0.22457054993952183,0.05181127012522362,-0.004930236037855834,0.020262782235614785
8M,P53_HUMAN_Kotler_2018,mlp,3,-1,-0.03964669051878355,-0.04459905983865136,-0.04059482879179276,0.1717061457071921,0.05181127012522362,-0.004930236037855834,0.020262782235614785
8M,P53_HUMAN_Kotler_2018,attn_layer,4,-1,-0.10450581395348839,-0.06332747291113357,-0.07817105252742207,0.21188297335185932,0.05181127012522362,-0.004930236037855834,0.020262782235614785
8M,P53_HUMAN_Kotler_2018,mlp,4,-1,-0.1005366726296959,0.0014763276350079181,-0.052410662219677384,0.2368548777620149,0.05181127012522362,-0.004930236037855834,0.020262782235614785
8M,P53_HUMAN_Kotler_2018,attn_layer,5,-1,-0.14026721824686944,-0.13675482237933143,-0.1290572400345134,0.2822050508890768,0.05181127012522362,-0.004930236037855834,0.020262782235614785
8M,P53_HUMAN_Kotler_2018,mlp,5,-1,-0.08459302325581397,-0.20839162583074602,-0.13508851320507778,0.34527578054725444,0.05181127012522362,-0.004930236037855834,0.020262782235614785
35M,RASH_HUMAN_Bandaru_2017,head,0,0,0.0010743140467230905,0.0009086847737083681,0.0009656095825140154,0.014203201075678469,0.6232220249029894,0.4366908687304864,0.5436545111829646
35M,RASH_HUMAN_Bandaru_2017,head,0,1,0.0025189626047498193,0.003198114795488982,0.004425491026392225,0.17461237739914728,0.6232220249029894,0.4366908687304864,0.5436545111829646
35M,RASH_HUMAN_Bandaru_2017,head,0,2,-1.7452985224708506e-05,0.00028842515310323336,0.00018787469391201572,0.009112379553550947,0.6232220249029894,0.4366908687304864,0.5436545111829646
35M,RASH_HUMAN_Bandaru_2017,head,0,3,-0.00014790449522639193,-0.0005044592629528388,-0.0003611790601217857,0.007106871688666904,0.6232220249029894,0.4366908687304864,0.5436545111829646
35M,RASH_HUMAN_Bandaru_2017,head,0,4,-0.000165994450714968,-0.0014990767610829625,-0.0003211027230325403,0.01281656915348526,0.6232220249029894,0.4366908687304864,0.5436545111829646
35M,RASH_HUMAN_Bandaru_2017,head,0,5,-0.0004494462180526515,1.835087634927124e-05,-0.0002689479334577749,0.006876981873412818,0.6232220249029894,0.4366908687304864,0.5436545111829646
35M,RASH_HUMAN_Bandaru_2017,head,0,6,0.0003995077493803567,0.00026210113737462626,0.0003120557875309071,0.009999099926681602,0.6232220249029894,0.4366908687304864,0.5436545111829646
35M,RASH_HUMAN_Bandaru_2017,head,0,7,0.00044970100615837616,0.0009382992914030996,0.0008460471875457731,0.024214482137322035,0.6232220249029894,0.4366908687304864,0.5436545111829646
35M,RASH_HUMAN_Bandaru_2017,head,0,8,0.0005995164121759267,-0.0012912689061485572,-0.00017708185857712166,0.013088380727757476,0.6232220249029894,0.4366908687304864,0.5436545111829646
35M,RASH_HUMAN_Bandaru_2017,head,0,9,-0.00018561313483633768,-0.0012259650978987402,-0.00029108911771114077,0.014840709521924888,0.6232220249029894,0.4366908687304864,0.5436545111829646
35M,RASH_HUMAN_Bandaru_2017,head,0,10,0.0009453912653542007,0.0010175244541247297,0.001020764145439057,0.027848714596615403,0.6232220249029894,0.4366908687304864,0.5436545111829646
35M,RASH_HUMAN_Bandaru_2017,head,0,11,-0.00016382875181852885,-0.00047547753409782345,-0.00020826997833189864,0.0062575908837805205,0.6232220249029894,0.4366908687304864,0.5436545111829646
35M,RASH_HUMAN_Bandaru_2017,head,0,12,0.0019979209290593714,0.0005811532703160482,0.001213654333418579,0.015427661779552338,0.6232220249029894,0.4366908687304864,0.5436545111829646
35M,RASH_HUMAN_Bandaru_2017,head,0,13,9.936736113413946e-05,-0.00033828891366610714,2.5061598520448314e-05,0.007304594100633908,0.6232220249029894,0.4366908687304864,0.5436545111829646
35M,RASH_HUMAN_Bandaru_2017,head,0,14,-0.0026148903264598955,0.00019654421358905605,-0.000885155343818611,0.03556200596948617,0.6232220249029894,0.4366908687304864,0.5436545111829646
35M,RASH_HUMAN_Bandaru_2017,head,0,15,8.790189638840928e-06,-0.00015794409437164258,3.645756288883639e-05,0.005371276620452412,0.6232220249029894,0.4366908687304864,0.5436545111829646
35M,RASH_HUMAN_Bandaru_2017,head,0,16,0.00020828927622351667,0.000929566805416171,0.0007302146694947442,0.012000834052047143,0.6232220249029894,0.4366908687304864,0.5436545111829646
35M,RASH_HUMAN_Bandaru_2017,head,0,17,-5.439726051814642e-05,-3.518305948341238e-05,-8.683470899673029e-05,0.00878913165709059,0.6232220249029894,0.4366908687304864,0.5436545111829646
35M,RASH_HUMAN_Bandaru_2017,head,0,18,0.0003992529612748541,-5.062310717285357e-07,0.00033811731050159555,0.006833368022931263,0.6232220249029894,0.4366908687304864,0.5436545111829646
35M,RASH_HUMAN_Bandaru_2017,head,0,19,0.0003249822285298354,-0.0006087428637238657,0.00012694278971936424,0.023780829034966512,0.6232220249029894,0.4366908687304864,0.5436545111829646
35M,RASH_HUMAN_Bandaru_2017,head,1,0,0.005258189526680224,-0.00377319329294451,0.0010988058680010404,0.05038723411727553,0.6232220249029894,0.4366908687304864,0.5436545111829646
35M,RASH_HUMAN_Bandaru_2017,head,1,1,0.0030549093846103936,0.0014719933987468181,0.002209864778470738,0.05500007565537085,0.6232220249029894,0.4366908687304864,0.5436545111829646
35M,RASH_HUMAN_Bandaru_2017,head,1,2,-0.0014684712458882254,-0.0018037013084807318,-0.0015144411311146522,0.03359178582085736,0.6232220249029894,0.4366908687304864,0.5436545111829646
35M,RASH_HUMAN_Bandaru_2017,head,1,3,-0.0016413449754510978,0.0018702706944098146,-0.0005258332862470017,0.06203037565809181,0.6232220249029894,0.4366908687304864,0.5436545111829646
35M,RASH_HUMAN_Bandaru_2017,head,1,4,-0.0005596420736693197,-0.00028209726470695973,-0.0003022470048295034,0.013489226085817775,0.6232220249029894,0.4366908687304864,0.5436545111829646
35M,RASH_HUMAN_Bandaru_2017,head,1,5,-0.006438113243121268,0.007935298606725538,0.0008968211290701911,0.1525048661310508,0.6232220249029894,0.4366908687304864,0.5436545111829646
35M,RASH_HUMAN_Bandaru_2017,head,1,6,0.003748952183916354,0.011424369710676341,0.008204491216219134,0.1303504869652632,0.6232220249029894,0.4366908687304864,0.5436545111829646
35M,RASH_HUMAN_Bandaru_2017,head,1,7,0.0040192823638222075,0.003625753493310846,0.004910867051949652,0.11508715820103131,0.6232220249029894,0.4366908687304864,0.5436545111829646
35M,RASH_HUMAN_Bandaru_2017,head,1,8,0.00019211023152598816,-0.002110983569004965,-0.0006299524035962012,0.045362583368722224,0.6232220249029894,0.4366908687304864,0.5436545111829646
35M,RASH_HUMAN_Bandaru_2017,head,1,9,0.01239212908584586,0.00040726289718573394,0.00676274300544899,0.14031109864834765,0.6232220249029894,0.4366908687304864,0.5436545111829646
35M,RASH_HUMAN_Bandaru_2017,head,1,10,3.235808939505702e-05,-0.0004334603551464089,-0.00017447888064336947,0.0033918425489859053,0.6232220249029894,0.4366908687304864,0.5436545111829646
35M,RASH_HUMAN_Bandaru_2017,head,1,11,-0.00040434872338401817,0.00021894493851193353,-0.00015513113612375395,0.03514461590613021,0.6232220249029894,0.4366908687304864,0.5436545111829646
35M,RASH_HUMAN_Bandaru_2017,head,1,12,0.0010622116117131597,0.0001633860783924468,0.0010321442379908063,0.06500255485790098,0.6232220249029894,0.4366908687304864,0.5436545111829646
35M,RASH_HUMAN_Bandaru_2017,head,1,13,-0.005005949302262613,0.0023952323157667155,-0.0010743950139641134,0.049511536285199394,0.6232220249029894,0.4366908687304864,0.5436545111829646
35M,RASH_HUMAN_Bandaru_2017,head,1,14,0.0012083325902013664,-0.0017296650142440417,6.043987787573979e-05,0.03222812046465575,0.6232220249029894,0.4366908687304864,0.5436545111829646
35M,RASH_HUMAN_Bandaru_2017,head,1,15,-0.00010943149130027141,-0.0006531646402658797,-0.00046880584895503397,0.012949156250833288,0.6232220249029894,0.4366908687304864,0.5436545111829646
35M,RASH_HUMAN_Bandaru_2017,head,1,16,-0.0074126777465520766,-0.007349842372300075,-0.007489148438943438,0.19282995084245433,0.6232220249029894,0.4366908687304864,0.5436545111829646
35M,RASH_HUMAN_Bandaru_2017,head,1,17,-0.006785007248721442,0.0035667775734573026,-0.0016284801338820598,0.16647731008173736,0.6232220249029894,0.4366908687304864,0.5436545111829646
35M,RASH_HUMAN_Bandaru_2017,head,1,18,-0.001241327649859847,0.0003667644114494495,-0.0004345227249497041,0.008483305458964946,0.6232220249029894,0.4366908687304864,0.5436545111829646
35M,RASH_HUMAN_Bandaru_2017,head,1,19,0.001478790164159971,-0.001108392931495561,0.0003900022791928359,0.01842225690573683,0.6232220249029894,0.4366908687304864,0.5436545111829646
35M,RASH_HUMAN_Bandaru_2017,head,2,0,0.0002749163658044562,0.0006908788551078238,0.0005051840527603435,0.014724133697744259,0.6232220249029894,0.4366908687304864,0.5436545111829646
35M,RASH_HUMAN_Bandaru_2017,head,2,1,0.0040852724831395015,0.00029728419685814966,0.0021473456926109913,0.03581911685307123,0.6232220249029894,0.4366908687304864,0.5436545111829646
35M,RASH_HUMAN_Bandaru_2017,head,2,2,-0.0032267639617511445,0.0030604199439855373,-0.0004689486953050048,0.05264805216428085,0.6232220249029894,0.4366908687304864,0.5436545111829646
35M,RASH_HUMAN_Bandaru_2017,head,2,3,-0.0025459701439297655,0.002647968178314808,0.00010943617593328625,0.04397396368723931,0.6232220249029894,0.4366908687304864,0.5436545111829646
35M,RASH_HUMAN_Bandaru_2017,head,2,4,0.0005376029025461193,-0.0008599600330568835,-8.643791357987318e-05,0.025618242707132116,0.6232220249029894,0.4366908687304864,0.5436545111829646
35M,RASH_HUMAN_Bandaru_2017,head,2,5,0.004348213807986667,0.0029786636259053756,0.004053376284585353,0.05197563149141297,0.6232220249029894,0.4366908687304864,0.5436545111829646
35M,RASH_HUMAN_Bandaru_2017,head,2,6,-0.008272842390625756,-0.0013098728980336372,-0.004908883074866255,0.10547572426686042,0.6232220249029894,0.4366908687304864,0.5436545111829646
35M,RASH_HUMAN_Bandaru_2017,head,2,7,-0.001962123200240473,-0.004012260916556654,-0.003674690610677711,0.0634895981208684,0.6232220249029894,0.4366908687304864,0.5436545111829646
35M,RASH_HUMAN_Bandaru_2017,head,2,8,7.834734243272745e-05,1.265577679265828e-06,-5.453556207513088e-05,0.033447188224017814,0.6232220249029894,0.4366908687304864,0.5436545111829646
35M,RASH_HUMAN_Bandaru_2017,head,2,9,0.000291222804554625,0.0005091419003661612,0.0009984483712023318,0.09669101081224225,0.6232220249029894,0.4366908687304864,0.5436545111829646
35M,RASH_HUMAN_Bandaru_2017,head,2,10,-0.02044687285818736,-0.003873553602909807,-0.013004112705135351,0.14142572853620175,0.6232220249029894,0.4366908687304864,0.5436545111829646
35M,RASH_HUMAN_Bandaru_2017,head,2,11,-0.00528086566806707,0.0023653646825361196,-0.0023984854477662187,0.13402506509544299,0.6232220249029894,0.4366908687304864,0.5436545111829646
35M,RASH_HUMAN_Bandaru_2017,head,2,12,-0.009691375167841576,0.0031674878156509045,-0.004546910423910977,0.13035747575707546,0.6232220249029894,0.4366908687304864,0.5436545111829646
35M,RASH_HUMAN_Bandaru_2017,head,2,13,0.002441507020686351,0.0009693059445448626,0.0014296538864682073,0.0465165400217184,0.6232220249029894,0.4366908687304864,0.5436545111829646
35M,RASH_HUMAN_Bandaru_2017,head,2,14,0.001262347668561481,-0.0033959245867572485,-0.0013806417165941332,0.053745610195771266,0.6232220249029894,0.4366908687304864,0.5436545111829646
35M,RASH_HUMAN_Bandaru_2017,head,2,15,-0.0033708466353955524,-0.0009319714030067705,-0.0022570516894280246,0.036497351694054714,0.6232220249029894,0.4366908687304864,0.5436545111829646
35M,RASH_HUMAN_Bandaru_2017,head,2,16,-0.00020790709406515173,0.0021016182941784867,0.0009335326410256917,0.051319503234586915,0.6232220249029894,0.4366908687304864,0.5436545111829646
35M,RASH_HUMAN_Bandaru_2017,head,2,17,-0.003384987375249282,0.004435090419197263,0.0005998753110081356,0.07390751221046489,0.6232220249029894,0.4366908687304864,0.5436545111829646
35M,RASH_HUMAN_Bandaru_2017,head,2,18,-0.00045963774227153475,5.5305744583677985e-05,-0.00018719220579532792,0.024122471801535882,0.6232220249029894,0.4366908687304864,0.5436545111829646
35M,RASH_HUMAN_Bandaru_2017,head,2,19,0.005349148880333665,0.000928174669968973,0.003068260239385112,0.049046746331433695,0.6232220249029894,0.4366908687304864,0.5436545111829646
35M,RASH_HUMAN_Bandaru_2017,head,3,0,0.0023172978192687044,-0.002561276107285515,-0.0001946519596298657,0.035145028296993015,0.6232220249029894,0.4366908687304864,0.5436545111829646
35M,RASH_HUMAN_Bandaru_2017,head,3,1,-0.009990878585824037,-0.005794447404489977,-0.009048363964881512,0.14944979211501572,0.6232220249029894,0.4366908687304864,0.5436545111829646
35M,RASH_HUMAN_Bandaru_2017,head,3,2,-0.0005569667985619864,-1.4680701079405889e-05,-0.0003620202664054162,0.02929879334048827,0.6232220249029894,0.4366908687304864,0.5436545111829646
35M,RASH_HUMAN_Bandaru_2017,head,3,3,-0.0047295042078254745,0.0003644863716267266,-0.0025037949513656566,0.06274122778330363,0.6232220249029894,0.4366908687304864,0.5436545111829646
35M,RASH_HUMAN_Bandaru_2017,head,3,4,0.0011446355638333738,-0.013271606891323562,-0.005077251306091823,0.15108493889725955,0.6232220249029894,0.4366908687304864,0.5436545111829646
35M,RASH_HUMAN_Bandaru_2017,head,3,5,0.0021513033685536254,0.000849455738319016,0.0016391777383168993,0.03162291583847398,0.6232220249029894,0.4366908687304864,0.5436545111829646
35M,RASH_HUMAN_Bandaru_2017,head,3,6,0.002926113997294144,-2.5311553586426783e-07,0.002188802877750695,0.02588510552562291,0.6232220249029894,0.4366908687304864,0.5436545111829646
35M,RASH_HUMAN_Bandaru_2017,head,3,7,-0.0026376938618997148,-0.0007277071655742984,-0.0017477568361502493,0.023682553537852417,0.6232220249029894,0.4366908687304864,0.5436545111829646
35M,RASH_HUMAN_Bandaru_2017,head,3,8,-0.00035441025471150134,0.0017677589023897822,0.0003128335065476495,0.04792563177228105,0.6232220249029894,0.4366908687304864,0.5436545111829646
35M,RASH_HUMAN_Bandaru_2017,head,3,9,-0.0022384409006248607,0.0023929542759439926,-0.0005567198414850871,0.05554267171970707,0.6232220249029894,0.4366908687304864,0.5436545111829646
35M,RASH_HUMAN_Bandaru_2017,head,3,10,0.0002933885034512862,-0.0005515387526213167,-0.0001528614663400818,0.019255909451276358,0.6232220249029894,0.4366908687304864,0.5436545111829646
35M,RASH_HUMAN_Bandaru_2017,head,3,11,0.00271132762438131,-0.003906585180338484,-0.0006891701515886473,0.04630216220076861,0.6232220249029894,0.4366908687304864,0.5436545111829646
35M,RASH_HUMAN_Bandaru_2017,head,3,12,-0.0036801593954387535,-0.010358373631435935,-0.00756274605283791,0.0739018802585246,0.6232220249029894,0.4366908687304864,0.5436545111829646
35M,RASH_HUMAN_Bandaru_2017,head,3,13,-0.0008960897669452184,0.0007897204718579909,-4.021918343954933e-05,0.018317607899005273,0.6232220249029894,0.4366908687304864,0.5436545111829646
35M,RASH_HUMAN_Bandaru_2017,head,3,14,-0.001115717113862269,0.00032360821258664574,-0.0005272458779306266,0.0213878985032292,0.6232220249029894,0.4366908687304864,0.5436545111829646
35M,RASH_HUMAN_Bandaru_2017,head,3,15,-0.0009243712466526777,-0.0014087145147838598,-0.0010742997830640588,0.015344553734416103,0.6232220249029894,0.4366908687304864,0.5436545111829646
35M,RASH_HUMAN_Bandaru_2017,head,3,16,-0.0010494722064394724,0.0007182153329798324,-0.00012048296033517758,0.01831849614561062,0.6232220249029894,0.4366908687304864,0.5436545111829646
35M,RASH_HUMAN_Bandaru_2017,head,3,17,-0.0010385163179041923,0.0004872474065149568,-0.00015414708349026363,0.013884658740197526,0.6232220249029894,0.4366908687304864,0.5436545111829646
35M,RASH_HUMAN_Bandaru_2017,head,3,18,-0.00012637490031408571,-0.00015073030159984402,-9.523090001450907e-05,0.009031198877927108,0.6232220249029894,0.4366908687304864,0.5436545111829646
35M,RASH_HUMAN_Bandaru_2017,head,3,19,0.001027050853158018,-0.003189002636198257,-0.0013395813268712864,0.05370294759878081,0.6232220249029894,0.4366908687304864,0.5436545111829646
35M,RASH_HUMAN_Bandaru_2017,head,4,0,0.000633275836150915,-1.240266125668299e-05,0.00035656036147102554,0.009760367687133219,0.6232220249029894,0.4366908687304864,0.5436545111829646
35M,RASH_HUMAN_Bandaru_2017,head,4,1,0.0014478334093451783,-0.004085790979721615,-0.0008132877579408726,0.0637433673495388,0.6232220249029894,0.4366908687304864,0.5436545111829646
35M,RASH_HUMAN_Bandaru_2017,head,4,2,0.0022547473393753625,-4.783883627601515e-05,0.0017378369507319302,0.024868544317888246,0.6232220249029894,0.4366908687304864,0.5436545111829646
35M,RASH_HUMAN_Bandaru_2017,head,4,3,0.0026077562595068216,-0.0007515000259443738,0.0011059164418687484,0.03026070631427116,0.6232220249029894,0.4366908687304864,0.5436545111829646
35M,RASH_HUMAN_Bandaru_2017,head,4,4,0.012827816746203147,-0.005964667602350426,0.00579275280153424,0.24294179900417476,0.6232220249029894,0.4366908687304864,0.5436545111829646
35M,RASH_HUMAN_Bandaru_2017,head,4,5,0.0005429534527611191,-0.0003423387622397134,0.00024382284767054951,0.017143328221255156,0.6232220249029894,0.4366908687304864,0.5436545111829646
35M,RASH_HUMAN_Bandaru_2017,head,4,6,-0.009985145853450894,-0.001853058837971877,-0.006023005245953006,0.12559918743587875,0.6232220249029894,0.4366908687304864,0.5436545111829646
35M,RASH_HUMAN_Bandaru_2017,head,4,7,3.312245371200895e-06,0.0057482538191970245,0.002860482287370014,0.047624925881395226,0.6232220249029894,0.4366908687304864,0.5436545111829646
35M,RASH_HUMAN_Bandaru_2017,head,4,8,0.06334656532894434,-0.02942113742528346,0.023669783044963588,0.50039036894211,0.6232220249029894,0.4366908687304864,0.5436545111829646
35M,RASH_HUMAN_Bandaru_2017,head,4,9,0.0013664286096468636,-0.002588359469621715,-0.00025036203613837404,0.036471298706649294,0.6232220249029894,0.4366908687304864,0.5436545111829646
35M,RASH_HUMAN_Bandaru_2017,head,4,10,-0.0009802972358038398,0.000278553647205082,-0.000313944533714694,0.008979215841785352,0.6232220249029894,0.4366908687304864,0.5436545111829646
35M,RASH_HUMAN_Bandaru_2017,head,4,11,0.003261797326253646,0.0008464183518887558,0.002374058721912431,0.05909859008768126,0.6232220249029894,0.4366908687304864,0.5436545111829646
35M,RASH_HUMAN_Bandaru_2017,head,4,12,-0.0014022263384655398,0.0024275045465878,0.0006845831965711646,0.042886491271981034,0.6232220249029894,0.4366908687304864,0.5436545111829646
35M,RASH_HUMAN_Bandaru_2017,head,4,13,0.004130752159966278,0.0004672512791826233,0.0026435462971368118,0.05087954905109008,0.6232220249029894,0.4366908687304864,0.5436545111829646
35M,RASH_HUMAN_Bandaru_2017,head,4,14,0.0018425001847214295,0.0009471583351578494,0.0013481044924225083,0.03430184967300633,0.6232220249029894,0.4366908687304864,0.5436545111829646
35M,RASH_HUMAN_Bandaru_2017,head,4,15,-0.0013348348845682034,0.0012858269221276974,-0.00018760487302871276,0.03160606610918935,0.6232220249029894,0.4366908687304864,0.5436545111829646
35M,RASH_HUMAN_Bandaru_2017,head,4,16,-0.010197639133414538,0.004663906863607459,-0.0018649225868014874,0.15041390247847455,0.6232220249029894,0.4366908687304864,0.5436545111829646
35M,RASH_HUMAN_Bandaru_2017,head,4,17,0.0005049900250457817,-0.001759026416402909,-0.0006719651023193718,0.04454972388061289,0.6232220249029894,0.4366908687304864,0.5436545111829646
35M,RASH_HUMAN_Bandaru_2017,head,4,18,-0.000206760547590501,0.0013620146984191783,0.0006703779206522764,0.019920824453414598,0.6232220249029894,0.4366908687304864,0.5436545111829646
35M,RASH_HUMAN_Bandaru_2017,head,4,19,-0.0010543131804434669,0.0012273572333459382,-0.00014611594425573138,0.0201321527541796,0.6232220249029894,0.4366908687304864,0.5436545111829646
35M,RASH_HUMAN_Bandaru_2017,head,5,0,-0.0016060568228432048,-0.021490648013739122,-0.012742894346395528,0.24796459226001108,0.6232220249029894,0.4366908687304864,0.5436545111829646
35M,RASH_HUMAN_Bandaru_2017,head,5,1,-0.001208587378306869,-0.0009995532510792549,-0.0018494793091823336,0.08366639220230404,0.6232220249029894,0.4366908687304864,0.5436545111829646
35M,RASH_HUMAN_Bandaru_2017,head,5,2,0.003397981568628472,-0.003487172737431876,0.00022088807258369147,0.034097006763244696,0.6232220249029894,0.4366908687304864,0.5436545111829646
35M,RASH_HUMAN_Bandaru_2017,head,5,3,0.0006132749698714024,0.0016095616924823308,0.0011712289674620235,0.03326447447097393,0.6232220249029894,0.4366908687304864,0.5436545111829646
35M,RASH_HUMAN_Bandaru_2017,head,5,4,0.008361763439435621,-0.003036627083615462,0.0027017958643124063,0.13744873364591964,0.6232220249029894,0.4366908687304864,0.5436545111829646
35M,RASH_HUMAN_Bandaru_2017,head,5,5,-0.0007563384910937998,-0.0008059198661525269,-0.0010103204900709928,0.026054770441400758,0.6232220249029894,0.4366908687304864,0.5436545111829646
35M,RASH_HUMAN_Bandaru_2017,head,5,6,0.014408139970393696,-0.007600173637257623,0.006501111979475782,0.2716752821344445,0.6232220249029894,0.4366908687304864,0.5436545111829646
35M,RASH_HUMAN_Bandaru_2017,head,5,7,0.01946746738075289,-0.001062579019506349,0.009467252950411953,0.18948624686273602,0.6232220249029894,0.4366908687304864,0.5436545111829646
35M,RASH_HUMAN_Bandaru_2017,head,5,8,0.002768909736218017,-0.0006507600426752802,0.0012332718988216085,0.06990542409187091,0.6232220249029894,0.4366908687304864,0.5436545111829646
35M,RASH_HUMAN_Bandaru_2017,head,5,9,0.00919007957032536,0.009523725151964202,0.010747695888374098,0.1508299080260368,0.6232220249029894,0.4366908687304864,0.5436545111829646
35M,RASH_HUMAN_Bandaru_2017,head,5,10,0.00024765403851900736,0.0008265487823244655,0.0002505048824882339,0.030342711967903748,0.6232220249029894,0.4366908687304864,0.5436545111829646
35M,RASH_HUMAN_Bandaru_2017,head,5,11,0.000737484171289049,0.0027050457316494803,0.0016994112825760022,0.027248577215799777,0.6232220249029894,0.4366908687304864,0.5436545111829646
35M,RASH_HUMAN_Bandaru_2017,head,5,12,0.0028561746623421147,-0.00023236006191201808,0.0013924662200124338,0.027964132939159673,0.6232220249029894,0.4366908687304864,0.5436545111829646
35M,RASH_HUMAN_Bandaru_2017,head,5,13,0.0005722540848902558,0.00021818559190439624,0.0005002320459595033,0.023575680774077363,0.6232220249029894,0.4366908687304864,0.5436545111829646
35M,RASH_HUMAN_Bandaru_2017,head,5,14,-0.00010000433139778497,-0.00045307680917494597,2.7013831970790214e-05,0.013775459955866591,0.6232220249029894,0.4366908687304864,0.5436545111829646
35M,RASH_HUMAN_Bandaru_2017,head,5,15,-0.005989940965595908,-0.013416135862295064,-0.010354741451280902,0.1936168079187789,0.6232220249029894,0.4366908687304864,0.5436545111829646
35M,RASH_HUMAN_Bandaru_2017,head,5,16,0.0010363506190077532,0.004432559263838787,0.002836404741483056,0.14082493007379357,0.6232220249029894,0.4366908687304864,0.5436545111829646
35M,RASH_HUMAN_Bandaru_2017,head,5,17,-0.0007390128999216206,0.0009138736421933635,0.00011532461991758947,0.017000023410558437,0.6232220249029894,0.4366908687304864,0.5436545111829646
35M,RASH_HUMAN_Bandaru_2017,head,5,18,0.0003417982434908984,0.0006684781301849463,0.0002597581516062819,0.022638245746411555,0.6232220249029894,0.4366908687304864,0.5436545111829646
35M,RASH_HUMAN_Bandaru_2017,head,5,19,-0.002079325728757575,-0.001667398592424485,-0.002449560953807328,0.04441103852802783,0.6232220249029894,0.4366908687304864,0.5436545111829646
35M,RASH_HUMAN_Bandaru_2017,head,6,0,0.0006364606874693646,-0.0019254498812255605,-0.0004346973149330635,0.03558664539119415,0.6232220249029894,0.4366908687304864,0.5436545111829646
35M,RASH_HUMAN_Bandaru_2017,head,6,1,-0.002157927859295805,0.0015905780272934544,0.00032611821709971345,0.043269243054541745,0.6232220249029894,0.4366908687304864,0.5436545111829646
35M,RASH_HUMAN_Bandaru_2017,head,6,2,-0.0018949865344486394,-0.0023495449615454356,-0.0017857222216226543,0.05435055481222929,0.6232220249029894,0.4366908687304864,0.5436545111829646
35M,RASH_HUMAN_Bandaru_2017,head,6,3,0.0004312288685116572,0.000492183159464088,0.0004954705009588833,0.027583600922552083,0.6232220249029894,0.4366908687304864,0.5436545111829646
35M,RASH_HUMAN_Bandaru_2017,head,6,4,0.0225963927100028,-0.004632393979393856,0.009394274337367503,0.15744481141690234,0.6232220249029894,0.4366908687304864,0.5436545111829646
35M,RASH_HUMAN_Bandaru_2017,head,6,5,0.003181539073029982,-0.0015397018045872346,0.0007507845438979865,0.03956589544382106,0.6232220249029894,0.4366908687304864,0.5436545111829646
35M,RASH_HUMAN_Bandaru_2017,head,6,6,0.019064902174106946,-0.016221795019445595,0.0003152301508647648,0.2562936628820082,0.6232220249029894,0.4366908687304864,0.5436545111829646
35M,RASH_HUMAN_Bandaru_2017,head,6,7,-0.002260862253906426,0.009453612148533297,0.0038542643444716695,0.18330687042387073,0.6232220249029894,0.4366908687304864,0.5436545111829646
35M,RASH_HUMAN_Bandaru_2017,head,6,8,0.006027776999258605,0.004247025576059327,0.005145309655968711,0.08184900856960226,0.6232220249029894,0.4366908687304864,0.5436545111829646
35M,RASH_HUMAN_Bandaru_2017,head,6,9,0.0031165681061345873,0.003075859991672536,0.0033986638469855057,0.09126439667690206,0.6232220249029894,0.4366908687304864,0.5436545111829646
35M,RASH_HUMAN_Bandaru_2017,head,6,10,0.04955437560352938,-0.01676320915063284,0.022066031201451897,0.2998189434131074,0.6232220249029894,0.4366908687304864,0.5436545111829646
35M,RASH_HUMAN_Bandaru_2017,head,6,11,-9.720166223747828e-05,-0.0016723343453735606,-0.0007994316619887032,0.040377612891233844,0.6232220249029894,0.4366908687304864,0.5436545111829646
35M,RASH_HUMAN_Bandaru_2017,head,6,12,0.0005684322633083827,0.004308279535735482,0.0026405623956030633,0.09910579092808795,0.6232220249029894,0.4366908687304864,0.5436545111829646
35M,RASH_HUMAN_Bandaru_2017,head,6,13,0.00016179044697484102,0.027987364472450316,0.012935673431658135,0.2669781782755344,0.6232220249029894,0.4366908687304864,0.5436545111829646
35M,RASH_HUMAN_Bandaru_2017,head,6,14,0.0009151988748556938,0.014230408541130668,0.006376534090440034,0.14568458476260254,0.6232220249029894,0.4366908687304864,0.5436545111829646
35M,RASH_HUMAN_Bandaru_2017,head,6,15,0.002863053941189908,0.007003327203718768,0.0037242900377686405,0.15555570546934294,0.6232220249029894,0.4366908687304864,0.5436545111829646
35M,RASH_HUMAN_Bandaru_2017,head,6,16,0.00022077389339159037,0.00020806097047032512,0.00024068022796996935,0.015302294891830595,0.6232220249029894,0.4366908687304864,0.5436545111829646
35M,RASH_HUMAN_Bandaru_2017,head,6,17,0.0028101854093044443,-0.007305167480222197,-0.0021567418080794543,0.1942845984688182,0.6232220249029894,0.4366908687304864,0.5436545111829646
35M,RASH_HUMAN_Bandaru_2017,head,6,18,0.022568620806506345,0.030297423410402757,0.029122720251612666,0.3617594914692817,0.6232220249029894,0.4366908687304864,0.5436545111829646
35M,RASH_HUMAN_Bandaru_2017,head,6,19,-0.020109660800595064,0.0011567379988433046,-0.01018097680238772,0.22689718040755238,0.6232220249029894,0.4366908687304864,0.5436545111829646
35M,RASH_HUMAN_Bandaru_2017,head,7,0,0.015928587989798237,0.011837833938490416,0.01416370763097885,0.2357426586056907,0.6232220249029894,0.4366908687304864,0.5436545111829646
35M,RASH_HUMAN_Bandaru_2017,head,7,1,0.0015609593281747935,-0.003183180978873712,-0.0009253110399912723,0.07223423559762512,0.6232220249029894,0.4366908687304864,0.5436545111829646
35M,RASH_HUMAN_Bandaru_2017,head,7,2,-0.001585928562510941,-0.00671097875980986,-0.0036495972685238742,0.1512854598487117,0.6232220249029894,0.4366908687304864,0.5436545111829646
35M,RASH_HUMAN_Bandaru_2017,head,7,3,0.06310808366222231,-0.02663129798912356,0.024536860389595905,0.3037587459210376,0.6232220249029894,0.4366908687304864,0.5436545111829646
35M,RASH_HUMAN_Bandaru_2017,head,7,4,-0.0007289487697555996,-0.0034917288170771554,-0.0028060895716451872,0.04503037331525633,0.6232220249029894,0.4366908687304864,0.5436545111829646
35M,RASH_HUMAN_Bandaru_2017,head,7,5,0.014710573451589104,0.01645415508135767,0.015694258656012483,0.1946564785866261,0.6232220249029894,0.4366908687304864,0.5436545111829646
35M,RASH_HUMAN_Bandaru_2017,head,7,6,0.0076774025881375385,0.01755014535159649,0.010162898803201426,0.3119903429933751,0.6232220249029894,0.4366908687304864,0.5436545111829646
35M,RASH_HUMAN_Bandaru_2017,head,7,7,-0.0050887554365411924,0.0017372584803196367,-0.0016720482706387152,0.05629156521724948,0.6232220249029894,0.4366908687304864,0.5436545111829646
35M,RASH_HUMAN_Bandaru_2017,head,7,8,0.014002899488640308,0.002045553202987327,0.009522582103320354,0.19268805024129237,0.6232220249029894,0.4366908687304864,0.5436545111829646
35M,RASH_HUMAN_Bandaru_2017,head,7,9,0.01412315947442322,0.01835404029346216,0.017433222505728097,0.5778989319482043,0.6232220249029894,0.4366908687304864,0.5436545111829646
35M,RASH_HUMAN_Bandaru_2017,head,7,10,-0.00342957529370691,0.010559980155742,0.0015423596566352948,0.14741931697016358,0.6232220249029894,0.4366908687304864,0.5436545111829646
35M,RASH_HUMAN_Bandaru_2017,head,7,11,3.9109974190099095e-05,-0.002978157394833647,-0.00037401935980718726,0.09956471947493066,0.6232220249029894,0.4366908687304864,0.5436545111829646
35M,RASH_HUMAN_Bandaru_2017,head,7,12,-0.00019389374826417338,-0.020591834745928905,-0.00825202730714325,0.30069070262783315,0.6232220249029894,0.4366908687304864,0.5436545111829646
35M,RASH_HUMAN_Bandaru_2017,head,7,13,-0.0036130227296468087,0.004026308828796454,-0.0013829748736445824,0.29531442523656903,0.6232220249029894,0.4366908687304864,0.5436545111829646
35M,RASH_HUMAN_Bandaru_2017,head,7,14,-0.006261417691976412,0.0026070900192747826,-0.0013818955901110375,0.3552426555808368,0.6232220249029894,0.4366908687304864,0.5436545111829646
35M,RASH_HUMAN_Bandaru_2017,head,7,15,0.003289187047591957,-0.004147298054933635,-0.0002482352127045617,0.09425738221596677,0.6232220249029894,0.4366908687304864,0.5436545111829646
35M,RASH_HUMAN_Bandaru_2017,head,7,16,0.012471877762858519,0.004173748628430174,0.009663587322608636,0.1452909694283252,0.6232220249029894,0.4366908687304864,0.5436545111829646
35M,RASH_HUMAN_Bandaru_2017,head,7,17,0.021127157099797955,-0.03618982652726743,-0.005069775680440647,0.3498599656850394,0.6232220249029894,0.4366908687304864,0.5436545111829646
35M,RASH_HUMAN_Bandaru_2017,head,7,18,0.004326811607127001,0.004892596750249667,0.004832285687620952,0.08729489083871098,0.6232220249029894,0.4366908687304864,0.5436545111829646
35M,RASH_HUMAN_Bandaru_2017,head,7,19,-0.0015470733764264555,0.004742499237489484,0.0006830277585375688,0.16031013133104494,0.6232220249029894,0.4366908687304864,0.5436545111829646
35M,RASH_HUMAN_Bandaru_2017,head,8,0,0.000886662607042954,-0.0022231137513873955,-0.00038489155422549715,0.048818390599720825,0.6232220249029894,0.4366908687304864,0.5436545111829646
35M,RASH_HUMAN_Bandaru_2017,head,8,1,-0.0010178784813609232,-0.003993530366903586,-0.0028021692329278647,0.0763165303040807,0.6232220249029894,0.4366908687304864,0.5436545111829646
35M,RASH_HUMAN_Bandaru_2017,head,8,2,0.011571838780278454,-0.011726083429411782,0.0017680727614866054,0.18586008072422835,0.6232220249029894,0.4366908687304864,0.5436545111829646
35M,RASH_HUMAN_Bandaru_2017,head,8,3,-0.004890275502378416,0.014488333272163756,0.005558913326548676,0.25701191736759393,0.6232220249029894,0.4366908687304864,0.5436545111829646
35M,RASH_HUMAN_Bandaru_2017,head,8,4,0.0012496082632879046,-0.0007882017786428608,-4.160003148978575e-05,0.04825191086916709,0.6232220249029894,0.4366908687304864,0.5436545111829646
35M,RASH_HUMAN_Bandaru_2017,head,8,5,0.0017270811729426239,-0.0577757725402549,-0.02258002411246396,0.5616830346613109,0.6232220249029894,0.4366908687304864,0.5436545111829646
35M,RASH_HUMAN_Bandaru_2017,head,8,6,0.00884904569115108,0.005793941173418304,0.007926448731810143,0.38003319220537674,0.6232220249029894,0.4366908687304864,0.5436545111829646
35M,RASH_HUMAN_Bandaru_2017,head,8,7,0.0020236545277120266,-0.004465590841267464,-0.0012250979132371054,0.15632785315309478,0.6232220249029894,0.4366908687304864,0.5436545111829646
35M,RASH_HUMAN_Bandaru_2017,head,8,8,0.00885554278784062,-0.02003371498937545,-0.008596731421562476,0.3568700323643983,0.6232220249029894,0.4366908687304864,0.5436545111829646
35M,RASH_HUMAN_Bandaru_2017,head,8,9,-0.0065221933179271385,0.013456887463567158,0.0058204173779885515,0.28761559999604125,0.6232220249029894,0.4366908687304864,0.5436545111829646
35M,RASH_HUMAN_Bandaru_2017,head,8,10,0.008772736653562152,-0.005820897977986517,0.002670369667307604,0.22536717877037307,0.6232220249029894,0.4366908687304864,0.5436545111829646
35M,RASH_HUMAN_Bandaru_2017,head,8,11,-0.006612388307264183,0.0005636882983422464,-0.0028683864520713254,0.10349296862678653,0.6232220249029894,0.4366908687304864,0.5436545111829646
35M,RASH_HUMAN_Bandaru_2017,head,8,12,0.005979494653271744,0.0006617705684848763,0.004151003828917088,0.046418741819756484,0.6232220249029894,0.4366908687304864,0.5436545111829646
35M,RASH_HUMAN_Bandaru_2017,head,8,13,0.011770191320388479,0.005375034961583425,0.009531819500621763,0.12082242317963902,0.6232220249029894,0.4366908687304864,0.5436545111829646
35M,RASH_HUMAN_Bandaru_2017,head,8,14,0.005635148528726153,-0.0037358587514063624,0.0005373562251486108,0.1333678577393784,0.6232220249029894,0.4366908687304864,0.5436545111829646
35M,RASH_HUMAN_Bandaru_2017,head,8,15,0.005636422469253555,0.04411449428148728,0.0225191715673545,0.41171406534971705,0.6232220249029894,0.4366908687304864,0.5436545111829646
35M,RASH_HUMAN_Bandaru_2017,head,8,16,0.01666416125029635,0.03901333032969573,0.026529693946933497,0.4182817908463965,0.6232220249029894,0.4366908687304864,0.5436545111829646
35M,RASH_HUMAN_Bandaru_2017,head,8,17,0.034670036664008475,-0.020617652530585895,0.008843331837149915,0.4663243948039318,0.6232220249029894,0.4366908687304864,0.5436545111829646
35M,RASH_HUMAN_Bandaru_2017,head,8,18,-0.01170611211186201,0.015074548853196812,0.0009153117954897594,0.16031181138380954,0.6232220249029894,0.4366908687304864,0.5436545111829646
35M,RASH_HUMAN_Bandaru_2017,head,8,19,0.0005620625606715945,0.0006602518752697462,-7.92479806288604e-05,0.09304578034728601,0.6232220249029894,0.4366908687304864,0.5436545111829646
35M,RASH_HUMAN_Bandaru_2017,head,9,0,-0.019728370400756146,-0.02559124625230813,-0.022656637371525568,0.2762199682147783,0.6232220249029894,0.4366908687304864,0.5436545111829646
35M,RASH_HUMAN_Bandaru_2017,head,9,1,-0.004409235559247104,-0.013004949674303545,-0.009734470855852773,0.12778773063100654,0.6232220249029894,0.4366908687304864,0.5436545111829646
35M,RASH_HUMAN_Bandaru_2017,head,9,2,0.023851733705663736,-0.02894236938921957,-0.0006967251363232396,0.3143044970561592,0.6232220249029894,0.4366908687304864,0.5436545111829646
35M,RASH_HUMAN_Bandaru_2017,head,9,3,0.0036671652020596746,-0.0023065153204506195,0.0020113242237570494,0.1672250784189327,0.6232220249029894,0.4366908687304864,0.5436545111829646
35M,RASH_HUMAN_Bandaru_2017,head,9,4,0.012381810167574225,-0.00011162395131070202,0.006628070641011896,0.17447755018782798,0.6232220249029894,0.4366908687304864,0.5436545111829646
35M,RASH_HUMAN_Bandaru_2017,head,9,5,-0.016996150151726175,-0.019818819899437234,-0.01837619887767228,0.19634890517078823,0.6232220249029894,0.4366908687304864,0.5436545111829646
35M,RASH_HUMAN_Bandaru_2017,head,9,6,-0.0008515018484875903,0.0012063486438702586,-0.0001788436302274654,0.0817954762052626,0.6232220249029894,0.4366908687304864,0.5436545111829646
35M,RASH_HUMAN_Bandaru_2017,head,9,7,-0.0011848920844979016,-0.018176859418365776,-0.00804329704612805,0.20970304168016538,0.6232220249029894,0.4366908687304864,0.5436545111829646
35M,RASH_HUMAN_Bandaru_2017,head,9,8,-0.01626873011060348,-0.02277381722274041,-0.020362874170142153,0.19924040722663788,0.6232220249029894,0.4366908687304864,0.5436545111829646
35M,RASH_HUMAN_Bandaru_2017,head,9,9,0.00018854319804939568,0.0018369860014452732,0.0013361371426539037,0.0437410684500777,0.6232220249029894,0.4366908687304864,0.5436545111829646
35M,RASH_HUMAN_Bandaru_2017,head,9,10,-0.0074987961262015235,-0.0005581197565534546,-0.004283374779937343,0.1320083389297929,0.6232220249029894,0.4366908687304864,0.5436545111829646
35M,RASH_HUMAN_Bandaru_2017,head,9,11,-0.001927599411948977,-0.00374940043257449,-0.0015895783112260808,0.240525498806318,0.6232220249029894,0.4366908687304864,0.5436545111829646
35M,RASH_HUMAN_Bandaru_2017,head,9,12,-0.013776392862875575,0.004903227602755411,-0.004556623975712326,0.1565558869804692,0.6232220249029894,0.4366908687304864,0.5436545111829646
35M,RASH_HUMAN_Bandaru_2017,head,9,13,0.0014971349077540497,0.0013901105228986688,0.0013056473828326753,0.08778174857800146,0.6232220249029894,0.4366908687304864,0.5436545111829646
35M,RASH_HUMAN_Bandaru_2017,head,9,14,0.01738470201257125,0.0026847964887812825,0.011140364632767463,0.12004388968586005,0.6232220249029894,0.4366908687304864,0.5436545111829646
35M,RASH_HUMAN_Bandaru_2017,head,9,15,-0.0026299228246827733,0.0016300640508863373,-0.0004537593667527373,0.0544878348430085,0.6232220249029894,0.4366908687304864,0.5436545111829646
35M,RASH_HUMAN_Bandaru_2017,head,9,16,0.003241159489710377,0.0031116758399955535,0.0026491331766044235,0.18942361978484823,0.6232220249029894,0.4366908687304864,0.5436545111829646
35M,RASH_HUMAN_Bandaru_2017,head,9,17,0.0032077822478936424,0.004565065246857292,0.00487202871656045,0.08510320299150653,0.6232220249029894,0.4366908687304864,0.5436545111829646
35M,RASH_HUMAN_Bandaru_2017,head,9,18,0.0015684755772862324,-0.005723828169987288,-0.002823675544514459,0.08058393747432302,0.6232220249029894,0.4366908687304864,0.5436545111829646
35M,RASH_HUMAN_Bandaru_2017,head,9,19,0.011521518129447683,-0.0046903574371039425,0.003768651765358566,0.219780102257671,0.6232220249029894,0.4366908687304864,0.5436545111829646
35M,RASH_HUMAN_Bandaru_2017,head,10,0,0.00986756114277565,-0.0003601834075172561,0.005345516751432577,0.13698901028324298,0.6232220249029894,0.4366908687304864,0.5436545111829646
35M,RASH_HUMAN_Bandaru_2017,head,10,1,0.005750949722663212,0.0025216635259247555,0.003727480272918915,0.07803479141252101,0.6232220249029894,0.4366908687304864,0.5436545111829646
35M,RASH_HUMAN_Bandaru_2017,head,10,2,0.004971043331813196,0.0013973243156705228,0.004091960670908001,0.07501805738088982,0.6232220249029894,0.4366908687304864,0.5436545111829646
35M,RASH_HUMAN_Bandaru_2017,head,10,3,-0.013687981390276827,7.011300343101601e-05,-0.007499528607045058,0.2900487662146827,0.6232220249029894,0.4366908687304864,0.5436545111829646
35M,RASH_HUMAN_Bandaru_2017,head,10,4,0.004670265973303334,-0.013420818499708276,-0.005135818309600748,0.3927024700377304,0.6232220249029894,0.4366908687304864,0.5436545111829646
35M,RASH_HUMAN_Bandaru_2017,head,10,5,0.009279892377504373,-0.010957118431493607,0.0002900098341774848,0.35272572435741234,0.6232220249029894,0.4366908687304864,0.5436545111829646
35M,RASH_HUMAN_Bandaru_2017,head,10,6,-0.01620758096529018,0.01903669289365484,0.00179351528360705,0.37557655265380996,0.6232220249029894,0.4366908687304864,0.5436545111829646
35M,RASH_HUMAN_Bandaru_2017,head,10,7,-0.00842609743606726,0.008795891428622027,0.0003545763843872951,0.1603335710048152,0.6232220249029894,0.4366908687304864,0.5436545111829646
35M,RASH_HUMAN_Bandaru_2017,head,10,8,0.0017545982883335753,-0.001969871657767519,0.0002751855574086859,0.21463083782520567,0.6232220249029894,0.4366908687304864,0.5436545111829646
35M,RASH_HUMAN_Bandaru_2017,head,10,9,0.0022178030640819246,-0.004023398000134182,-0.001947709982547452,0.15246697825213035,0.6232220249029894,0.4366908687304864,0.5436545111829646
35M,RASH_HUMAN_Bandaru_2017,head,10,10,0.014824336340682254,-0.010214604007072026,0.0032917036744524175,0.26962274797138086,0.6232220249029894,0.4366908687304864,0.5436545111829646
35M,RASH_HUMAN_Bandaru_2017,head,10,11,0.0205318446913626,-0.009234034421181703,0.007329430347802202,0.32276584706897926,0.6232220249029894,0.4366908687304864,0.5436545111829646
35M,RASH_HUMAN_Bandaru_2017,head,10,12,0.004279548413561929,-0.007101282916093465,-0.0008145733750910544,0.12439261610761825,0.6232220249029894,0.4366908687304864,0.5436545111829646
35M,RASH_HUMAN_Bandaru_2017,head,10,13,-0.0036907331018157796,0.0024580049686580008,-0.0011649913435112236,0.08222299781510388,0.6232220249029894,0.4366908687304864,0.5436545111829646
35M,RASH_HUMAN_Bandaru_2017,head,10,14,-0.005431445438401128,-0.016599063725632912,-0.00867689996755816,0.3845384544258453,0.6232220249029894,0.4366908687304864,0.5436545111829646
35M,RASH_HUMAN_Bandaru_2017,head,10,15,-0.003150837106320581,-0.003694094687990812,-0.003531844260656003,0.09460307436900134,0.6232220249029894,0.4366908687304864,0.5436545111829646
35M,RASH_HUMAN_Bandaru_2017,head,10,16,-0.011894655309911517,0.010901939244677916,-0.0008174461739082206,0.15664688148561345,0.6232220249029894,0.4366908687304864,0.5436545111829646
35M,RASH_HUMAN_Bandaru_2017,head,10,17,0.0006722584162881517,-0.002025177402351197,-0.0011872118868478942,0.04548889077979045,0.6232220249029894,0.4366908687304864,0.5436545111829646
35M,RASH_HUMAN_Bandaru_2017,head,10,18,0.000339122968383454,-0.009598394235040553,-0.00576591355954692,0.3742101391374607,0.6232220249029894,0.4366908687304864,0.5436545111829646
35M,RASH_HUMAN_Bandaru_2017,head,10,19,-0.0016097512503725486,0.0076914217879321956,0.002658608651155858,0.12175328579744575,0.6232220249029894,0.4366908687304864,0.5436545111829646
35M,RASH_HUMAN_Bandaru_2017,head,11,0,0.013082604851675117,-0.013560411717730647,0.002851498839135269,0.1547763907032662,0.6232220249029894,0.4366908687304864,0.5436545111829646
35M,RASH_HUMAN_Bandaru_2017,head,11,1,-0.0042260429114125975,0.011342233719292383,0.003299639582787006,0.15284927563923775,0.6232220249029894,0.4366908687304864,0.5436545111829646
35M,RASH_HUMAN_Bandaru_2017,head,11,2,0.005797321157859137,0.006956500829586154,0.008080754533466905,0.20328058709689997,0.6232220249029894,0.4366908687304864,0.5436545111829646
35M,RASH_HUMAN_Bandaru_2017,head,11,3,-0.010865183969751446,-0.02733356704334483,-0.01914844211770672,0.33607989117813947,0.6232220249029894,0.4366908687304864,0.5436545111829646
35M,RASH_HUMAN_Bandaru_2017,head,11,4,0.010740719980228408,0.003020048016017185,0.007571380321105825,0.10831329910213416,0.6232220249029894,0.4366908687304864,0.5436545111829646
35M,RASH_HUMAN_Bandaru_2017,head,11,5,-0.012624368443983514,-0.026850496043171357,-0.01852950475487891,0.2868208196893351,0.6232220249029894,0.4366908687304864,0.5436545111829646
35M,RASH_HUMAN_Bandaru_2017,head,11,6,-0.004427707696893823,-0.0062571426040273215,-0.005365023214119136,0.1047479711824662,0.6232220249029894,0.4366908687304864,0.5436545111829646
35M,RASH_HUMAN_Bandaru_2017,head,11,7,-0.0010247577602086055,0.002306135647146823,0.00032130905664895515,0.0762262613268244,0.6232220249029894,0.4366908687304864,0.5436545111829646
35M,RASH_HUMAN_Bandaru_2017,head,11,8,-0.00886662607042843,-0.004798058097608915,-0.007232104367987602,0.1314817595691241,0.6232220249029894,0.4366908687304864,0.5436545111829646
35M,RASH_HUMAN_Bandaru_2017,head,11,9,-0.002715531628121437,0.002017963609579454,0.00011138840938351713,0.05951957056210933,0.6232220249029894,0.4366908687304864,0.5436545111829646
35M,RASH_HUMAN_Bandaru_2017,head,11,10,0.009272758310551188,0.01084789907777356,0.011287988399606652,0.17635671020731836,0.6232220249029894,0.4366908687304864,0.5436545111829646
35M,RASH_HUMAN_Bandaru_2017,head,11,11,0.0010016994366635057,0.0007955421291825915,0.0010208593763390006,0.043226284920580435,0.6232220249029894,0.4366908687304864,0.5436545111829646
35M,RASH_HUMAN_Bandaru_2017,head,11,12,0.0010813207196235242,0.0010005657132226564,0.0014311617090517759,0.08028787446466942,0.6232220249029894,0.4366908687304864,0.5436545111829646
35M,RASH_HUMAN_Bandaru_2017,head,11,13,0.009918391369817314,-0.002268041759001138,0.00475705327660958,0.36739885290158436,0.6232220249029894,0.4366908687304864,0.5436545111829646
35M,RASH_HUMAN_Bandaru_2017,head,11,14,-0.011986251633828604,0.009430705192538691,-0.002110761155188934,0.22387578753032747,0.6232220249029894,0.4366908687304864,0.5436545111829646
35M,RASH_HUMAN_Bandaru_2017,head,11,15,0.0073903837873232625,-0.005193804237913435,0.0027314285460334764,0.16046291766391757,0.6232220249029894,0.4366908687304864,0.5436545111829646
35M,RASH_HUMAN_Bandaru_2017,head,11,16,0.014754269611677584,-0.013649508386350484,0.0019626136183996667,0.22227118188018463,0.6232220249029894,0.4366908687304864,0.5436545111829646
35M,RASH_HUMAN_Bandaru_2017,head,11,17,-0.009106509071730384,0.006991051100229961,-0.0015772141660407302,0.15531814170328637,0.6232220249029894,0.4366908687304864,0.5436545111829646
35M,RASH_HUMAN_Bandaru_2017,head,11,18,-0.005751841481032249,0.03944755003144962,0.014446876712172152,0.31279086104863035,0.6232220249029894,0.4366908687304864,0.5436545111829646
35M,RASH_HUMAN_Bandaru_2017,head,11,19,-0.02198044246502384,0.003944046279644564,-0.010165015573865066,0.22949283752430938,0.6232220249029894,0.4366908687304864,0.5436545111829646
35M,RASH_HUMAN_Bandaru_2017,attn_layer,0,-1,0.005677825536392733,0.005146977863780822,0.007230469570870368,0.23856325148227578,0.6232220249029894,0.4366908687304864,0.5436545111829646
35M,RASH_HUMAN_Bandaru_2017,mlp,0,-1,-0.5571981461617446,-0.14281575846703104,-0.35111716955988725,4.5169196035283585,0.6232220249029894,0.4366908687304864,0.5436545111829646
35M,RASH_HUMAN_Bandaru_2017,attn_layer,1,-1,-0.6096917573499998,-0.36023554931766383,-0.48748053321685536,4.024719307830907,0.6232220249029894,0.4366908687304864,0.5436545111829646
35M,RASH_HUMAN_Bandaru_2017,mlp,1,-1,0.0019353704491659185,-0.002238933472378135,0.0008930753803363389,0.26535773702562837,0.6232220249029894,0.4366908687304864,0.5436545111829646
35M,RASH_HUMAN_Bandaru_2017,attn_layer,2,-1,-0.048165270852495445,-0.009620035613355893,-0.02776404512928876,1.2516762450026628,0.6232220249029894,0.4366908687304864,0.5436545111829646
35M,RASH_HUMAN_Bandaru_2017,mlp,2,-1,-0.014950074270732583,-0.008866257547588852,-0.009460174120177633,0.3242492830844925,0.6232220249029894,0.4366908687304864,0.5436545111829646
35M,RASH_HUMAN_Bandaru_2017,attn_layer,3,-1,-0.03155843692593052,-0.014701076880047292,-0.024428138445412806,0.34280861464342355,0.6232220249029894,0.4366908687304864,0.5436545111829646
35M,RASH_HUMAN_Bandaru_2017,mlp,3,-1,0.023047367656688467,0.013843394886813076,0.019997885874019627,0.7682608419663296,0.6232220249029894,0.4366908687304864,0.5436545111829646
35M,RASH_HUMAN_Bandaru_2017,attn_layer,4,-1,0.057818067312472965,-0.07572913094046341,0.0051764047225594245,0.8494226384895693,0.6232220249029894,0.4366908687304864,0.5436545111829646
35M,RASH_HUMAN_Bandaru_2017,mlp,4,-1,-0.12817000991125727,-0.04976529861938128,-0.08438549722274957,2.278934533457332,0.6232220249029894,0.4366908687304864,0.5436545111829646
35M,RASH_HUMAN_Bandaru_2017,attn_layer,5,-1,0.055008751971423075,-0.012701717262352974,0.024487626014288444,0.8811674731753922,0.6232220249029894,0.4366908687304864,0.5436545111829646
35M,RASH_HUMAN_Bandaru_2017,mlp,5,-1,-0.005533105892484458,0.011342360277060315,0.003279942658300672,1.7481072982762962,0.6232220249029894,0.4366908687304864,0.5436545111829646
35M,RASH_HUMAN_Bandaru_2017,attn_layer,6,-1,-0.027368956107652997,0.026457281058225424,-0.0006948363901394528,1.7280423967034835,0.6232220249029894,0.4366908687304864,0.5436545111829646
35M,RASH_HUMAN_Bandaru_2017,mlp,6,-1,0.06044987935783208,0.06150935325183865,0.06488962103815632,1.7471753093204436,0.6232220249029894,0.4366908687304864,0.5436545111829646
35M,RASH_HUMAN_Bandaru_2017,attn_layer,7,-1,0.03996695398272032,-0.12337167611842265,-0.023880211590362466,2.4629647835811066,0.6232220249029894,0.4366908687304864,0.5436545111829646
35M,RASH_HUMAN_Bandaru_2017,mlp,7,-1,0.012288048144760477,-0.08232608115137197,-0.0283080199019885,1.7728541033459024,0.6232220249029894,0.4366908687304864,0.5436545111829646
35M,RASH_HUMAN_Bandaru_2017,attn_layer,8,-1,-0.07493649406471103,-0.10328303505776731,-0.08143181562789864,2.3185325083695965,0.6232220249029894,0.4366908687304864,0.5436545111829646
35M,RASH_HUMAN_Bandaru_2017,mlp,8,-1,0.0046521760178148686,-0.04571848743218082,-0.022096441602190153,1.8527755409511855,0.6232220249029894,0.4366908687304864,0.5436545111829646
35M,RASH_HUMAN_Bandaru_2017,attn_layer,9,-1,0.030177485394272008,-0.03691031990006999,0.0012543814149914567,1.3205625711890137,0.6232220249029894,0.4366908687304864,0.5436545111829646
35M,RASH_HUMAN_Bandaru_2017,mlp,9,-1,0.025527092893195547,-0.019384220524379492,-0.000833587811460812,2.1556735155872926,0.6232220249029894,0.4366908687304864,0.5436545111829646
35M,RASH_HUMAN_Bandaru_2017,attn_layer,10,-1,-0.05783269593842277,-0.06584332401446302,-0.06033988543087854,2.035504340078645,0.6232220249029894,0.4366908687304864,0.5436545111829646
35M,RASH_HUMAN_Bandaru_2017,mlp,10,-1,-0.12527727315577986,0.006063635776868526,-0.0673646562577177,1.375360117654769,0.6232220249029894,0.4366908687304864,0.5436545111829646
35M,RASH_HUMAN_Bandaru_2017,attn_layer,11,-1,-0.0176829314900262,0.022104832861483792,0.002975314880970914,1.178402880936632,0.6232220249029894,0.4366908687304864,0.5436545111829646
35M,RASH_HUMAN_Bandaru_2017,mlp,11,-1,0.009230336090989999,0.020222792294656844,0.018160453273689203,1.3296942746861706,0.6232220249029894,0.4366908687304864,0.5436545111829646
35M,TPK1_HUMAN_Weile_2017,head,0,0,-0.000510426366191391,0.00028693200170651356,0.00016302648049151824,0.016697657089563285,0.17929249352890422,0.23182400541989956,0.20756335584529229
35M,TPK1_HUMAN_Weile_2017,head,0,1,2.776377724056367e-05,-0.0021567448859699245,-0.000449010844409542,0.14399797108563236,0.17929249352890422,0.23182400541989956,0.20756335584529229
35M,TPK1_HUMAN_Weile_2017,head,0,2,-0.0006825617850827193,8.263641649144948e-05,-0.00027586226198189623,0.010223941795481075,0.17929249352890422,0.23182400541989956,0.20756335584529229
35M,TPK1_HUMAN_Weile_2017,head,0,3,-0.0006082402890850158,0.0007253641003140965,-7.603237859832301e-05,0.006088001454401316,0.17929249352890422,0.23182400541989956,0.20756335584529229
35M,TPK1_HUMAN_Weile_2017,head,0,4,0.0004672857277099596,0.00012887345905221448,0.0001904541115441416,0.013136382935182104,0.17929249352890422,0.23182400541989956,0.20756335584529229
35M,TPK1_HUMAN_Weile_2017,head,0,5,0.00012344202496175627,-6.164939008093673e-05,1.7632048533833267e-05,0.006204819904183442,0.17929249352890422,0.23182400541989956,0.20756335584529229
35M,TPK1_HUMAN_Weile_2017,head,0,6,-0.0012562041363756715,0.00012165916872358684,-0.00045759364052122553,0.008956209199983368,0.17929249352890422,0.23182400541989956,0.20756335584529229
35M,TPK1_HUMAN_Weile_2017,head,0,7,0.00038954715143646457,-0.0007634030856831509,-0.00010854438343455008,0.0263345497396757,0.17929249352890422,0.23182400541989956,0.20756335584529229
35M,TPK1_HUMAN_Weile_2017,head,0,8,-0.0008470087733536136,0.0004262989739639844,-0.0003682206114449249,0.016238027117537253,0.17929249352890422,0.23182400541989956,0.20756335584529229
35M,TPK1_HUMAN_Weile_2017,head,0,9,-0.0007141697776334999,0.0005466464535369142,5.1543422301347785e-05,0.008104875308912506,0.17929249352890422,0.23182400541989956,0.20756335584529229
35M,TPK1_HUMAN_Weile_2017,head,0,10,-0.0016607010140185507,0.0012257735112901902,0.00010220057761284318,0.02928834207027963,0.17929249352890422,0.23182400541989956,0.20756335584529229
35M,TPK1_HUMAN_Weile_2017,head,0,11,-0.0002485925900614083,-0.0002479092494743762,-0.00013438606303178835,0.009197179438932886,0.17929249352890422,0.23182400541989956,0.20756335584529229
35M,TPK1_HUMAN_Weile_2017,head,0,12,-0.0010084658163831972,-0.0009532700902409041,-0.001194594610983618,0.014041994540196544,0.17929249352890422,0.23182400541989956,0.20756335584529229
35M,TPK1_HUMAN_Weile_2017,head,0,13,-0.00010592948854851181,0.0007558608730668659,0.00010010152421596752,0.00842189001587202,0.17929249352890422,0.23182400541989956,0.20756335584529229
35M,TPK1_HUMAN_Weile_2017,head,0,14,-0.0009021091928002045,0.0012444650816871017,-6.432432520681042e-05,0.02483981154249899,0.17929249352890422,0.23182400541989956,0.20756335584529229
35M,TPK1_HUMAN_Weile_2017,head,0,15,6.492452523942926e-05,0.0013280852650415786,0.0004404280482978029,0.011018110052594598,0.17929249352890422,0.23182400541989956,0.20756335584529229
35M,TPK1_HUMAN_Weile_2017,head,0,16,-0.0005129891763982208,0.000637153004932306,-8.694745626211531e-05,0.011914663719681074,0.17929249352890422,0.23182400541989956,0.20756335584529229
35M,TPK1_HUMAN_Weile_2017,head,0,17,-0.0002652508564057465,-0.0006469906735621922,-0.0001749677620382084,0.008595489106088315,0.17929249352890422,0.23182400541989956,0.20756335584529229
35M,TPK1_HUMAN_Weile_2017,head,0,18,-0.00035452207860992013,0.0003682567290473615,-1.0868432032795639e-05,0.005256739427458565,0.17929249352890422,0.23182400541989956,0.20756335584529229
35M,TPK1_HUMAN_Weile_2017,head,0,19,0.002007107526973584,-0.00036891257362262064,0.0005029798395250473,0.018087587828906078,0.17929249352890422,0.23182400541989956,0.20756335584529229
35M,TPK1_HUMAN_Weile_2017,head,1,0,-0.0032897940354863764,0.0020222967480274523,-0.0009631856353846113,0.05183456107130591,0.17929249352890422,0.23182400541989956,0.20756335584529229
35M,TPK1_HUMAN_Weile_2017,head,1,1,-0.0013138673660290923,-0.0001475650294490427,-0.0004797036696351509,0.07698124544050708,0.17929249352890422,0.23182400541989956,0.20756335584529229
35M,TPK1_HUMAN_Weile_2017,head,1,2,0.00034640651295500535,0.0009001466796392799,5.023734463216467e-05,0.039756939939732824,0.17929249352890422,0.23182400541989956,0.20756335584529229
35M,TPK1_HUMAN_Weile_2017,head,1,3,-1.3668321103027514e-05,-0.0007929160915729483,-0.0013128412856748817,0.05450891839258326,0.17929249352890422,0.23182400541989956,0.20756335584529229
35M,TPK1_HUMAN_Weile_2017,head,1,4,-0.00018281379475304504,-0.000249220938625061,-0.0002622883833487133,0.011934128759792016,0.17929249352890422,0.23182400541989956,0.20756335584529229
35M,TPK1_HUMAN_Weile_2017,head,1,5,-0.006545844403249623,-0.0004964743435241503,-0.003977053148265242,0.12318320628607048,0.17929249352890422,0.23182400541989956,0.20756335584529229
35M,TPK1_HUMAN_Weile_2017,head,1,6,0.0059218001178892865,0.0006774874463150449,0.0032182686681063166,0.10560376707862758,0.17929249352890422,0.23182400541989956,0.20756335584529229
35M,TPK1_HUMAN_Weile_2017,head,1,7,-0.0007585918212183462,-0.002752251760368807,-0.0028899767168332757,0.13827046330245035,0.17929249352890422,0.23182400541989956,0.20756335584529229
35M,TPK1_HUMAN_Weile_2017,head,1,8,0.0003959541769535113,0.0005302503391536317,0.0007881245820842986,0.037190735246400417,0.17929249352890422,0.23182400541989956,0.20756335584529229
35M,TPK1_HUMAN_Weile_2017,head,1,9,0.0031338897479049332,-0.0033736644954931727,-0.0007481959219123868,0.12413596375933234,0.17929249352890422,0.23182400541989956,0.20756335584529229
35M,TPK1_HUMAN_Weile_2017,head,1,10,-0.00030027592923223545,0.0001849481702428657,4.296062618960872e-05,0.006823045558899453,0.17929249352890422,0.23182400541989956,0.20756335584529229
35M,TPK1_HUMAN_Weile_2017,head,1,11,-0.0002097233019246747,0.0003390716454452214,0.0002892962037220337,0.03678576404568534,0.17929249352890422,0.23182400541989956,0.20756335584529229
35M,TPK1_HUMAN_Weile_2017,head,1,12,-0.002254845846966058,-0.000462042503319382,-0.0010485471401913415,0.06941579863335351,0.17929249352890422,0.23182400541989956,0.20756335584529229
35M,TPK1_HUMAN_Weile_2017,head,1,13,-0.0008743454155596686,-0.00032398722021259596,-0.0004570338929487383,0.032301556295568835,0.17929249352890422,0.23182400541989956,0.20756335584529229
35M,TPK1_HUMAN_Weile_2017,head,1,14,-0.0014343194457495656,0.0011605169760449674,-0.0001294882717723933,0.035715689261754356,0.17929249352890422,0.23182400541989956,0.20756335584529229
35M,TPK1_HUMAN_Weile_2017,head,1,15,-0.0004929138297781188,0.00016658452213358377,-0.00043007271820649784,0.010936656837943214,0.17929249352890422,0.23182400541989956,0.20756335584529229
35M,TPK1_HUMAN_Weile_2017,head,1,16,-0.006746170734415968,-0.0068975173987367855,-0.007715607185013129,0.1609285816831409,0.17929249352890422,0.23182400541989956,0.20756335584529229
35M,TPK1_HUMAN_Weile_2017,head,1,17,0.003497808797273211,-0.000365961273033677,0.002165710003645377,0.1401938888824211,0.17929249352890422,0.23182400541989956,0.20756335584529229
35M,TPK1_HUMAN_Weile_2017,head,1,18,0.0003412808925413735,0.0003508768478011348,0.00030342982992770384,0.0071183459938697095,0.17929249352890422,0.23182400541989956,0.20756335584529229
35M,TPK1_HUMAN_Weile_2017,head,1,19,-0.0006125116394296859,-0.0001718312787362397,-0.0005239703734938872,0.013702979346491256,0.17929249352890422,0.23182400541989956,0.20756335584529229
35M,TPK1_HUMAN_Weile_2017,head,2,0,-0.0003528135384720521,0.0006240361134257355,0.00017716010669721616,0.021687480451176,0.17929249352890422,0.23182400541989956,0.20756335584529229
35M,TPK1_HUMAN_Weile_2017,head,2,1,0.0007094712922543489,0.0006286270254530213,0.0005067581356394124,0.029659959411471145,0.17929249352890422,0.23182400541989956,0.20756335584529229
35M,TPK1_HUMAN_Weile_2017,head,2,2,0.0005655267856380097,-0.00042138013964895804,-3.657017473684965e-05,0.04070429635122887,0.17929249352890422,0.23182400541989956,0.20756335584529229
35M,TPK1_HUMAN_Weile_2017,head,2,3,0.0016837663058799357,-9.411369655967783e-05,0.00011838661158439234,0.04592536952135698,0.17929249352890422,0.23182400541989956,0.20756335584529229
35M,TPK1_HUMAN_Weile_2017,head,2,4,0.0011528374580339895,-0.002169205932901208,-0.0015790454999640713,0.04508871580444792,0.17929249352890422,0.23182400541989956,0.20756335584529229
35M,TPK1_HUMAN_Weile_2017,head,2,5,0.0015295705584363606,-0.002718475764739381,-0.0008818823004785592,0.05159739784474643,0.17929249352890422,0.23182400541989956,0.20756335584529229
35M,TPK1_HUMAN_Weile_2017,head,2,6,-0.007131019400473254,0.0018517771584418974,-0.0012995006351968763,0.13833575644208201,0.17929249352890422,0.23182400541989956,0.20756335584529229
35M,TPK1_HUMAN_Weile_2017,head,2,7,0.0014855756498859674,-0.0020570565105199057,-0.0015786280913517303,0.059525687270944226,0.17929249352890422,0.23182400541989956,0.20756335584529229
35M,TPK1_HUMAN_Weile_2017,head,2,8,-0.0005629639754312077,-0.0029811415171587252,-0.0012009384168052972,0.03384133001918313,0.17929249352890422,0.23182400541989956,0.20756335584529229
35M,TPK1_HUMAN_Weile_2017,head,2,9,-0.003984742736568736,-0.00014002281683275775,-0.0019413445183337208,0.10581689463846339,0.17929249352890422,0.23182400541989956,0.20756335584529229
35M,TPK1_HUMAN_Weile_2017,head,2,10,-0.007828530911762444,0.0009155590271595349,-0.0005927726792807064,0.1308138201821525,0.17929249352890422,0.23182400541989956,0.20756335584529229
35M,TPK1_HUMAN_Weile_2017,head,2,11,-0.011908524761017947,0.001667812755062087,-0.004570059055701181,0.14214030882847384,0.17929249352890422,0.23182400541989956,0.20756335584529229
35M,TPK1_HUMAN_Weile_2017,head,2,12,-0.009395689353232123,-0.0031237877122927693,-0.0056991165550708545,0.12461070922560662,0.17929249352890422,0.23182400541989956,0.20756335584529229
35M,TPK1_HUMAN_Weile_2017,head,2,13,0.0007009285915649532,0.0006289549477407064,0.0007005707326186161,0.03293735294971826,0.17929249352890422,0.23182400541989956,0.20756335584529229
35M,TPK1_HUMAN_Weile_2017,head,2,14,-0.0011541188631373767,0.0007086400636431844,-0.00010439292227182317,0.04443053957426323,0.17929249352890422,0.23182400541989956,0.20756335584529229
35M,TPK1_HUMAN_Weile_2017,head,2,15,0.0004284164395731982,0.0009201499391868484,0.001081525601338007,0.036707639038187904,0.17929249352890422,0.23182400541989956,0.20756335584529229
35M,TPK1_HUMAN_Weile_2017,head,2,16,-0.0028032872312252766,-0.0015231990262019601,-0.0022502318870933347,0.06278457300468061,0.17929249352890422,0.23182400541989956,0.20756335584529229
35M,TPK1_HUMAN_Weile_2017,head,2,17,-0.0009772849588668697,-0.0006548608084661622,-1.6325970864650152e-06,0.027778954063571473,0.17929249352890422,0.23182400541989956,0.20756335584529229
35M,TPK1_HUMAN_Weile_2017,head,2,18,0.0004736927532270063,0.00017511050161286845,0.0004289532230615234,0.009727922906665682,0.17929249352890422,0.23182400541989956,0.20756335584529229
35M,TPK1_HUMAN_Weile_2017,head,2,19,0.002658061319505578,-0.0007240524111633562,0.0014215256060025605,0.06991183382910003,0.17929249352890422,0.23182400541989956,0.20756335584529229
35M,TPK1_HUMAN_Weile_2017,head,3,0,0.0008700740652149708,-0.001089685761909348,-0.0003704596017349293,0.06152211176524372,0.17929249352890422,0.23182400541989956,0.20756335584529229
35M,TPK1_HUMAN_Weile_2017,head,3,1,-4.271350344697833e-05,-0.0009165427940224791,-0.0006104047278145674,0.035575168500156525,0.17929249352890422,0.23182400541989956,0.20756335584529229
35M,TPK1_HUMAN_Weile_2017,head,3,2,-0.00033401959695539274,-0.0004830295297299225,-0.0006736562035074278,0.032701577686663694,0.17929249352890422,0.23182400541989956,0.20756335584529229
35M,TPK1_HUMAN_Weile_2017,head,3,3,0.0015991935690549408,-0.002347267735103048,-0.00043856222305613257,0.05175607459350202,0.17929249352890422,0.23182400541989956,0.20756335584529229
35M,TPK1_HUMAN_Weile_2017,head,3,4,0.0003054015496459228,-0.0020682058683004767,-0.0014875758195578848,0.04283147413025862,0.17929249352890422,0.23182400541989956,0.20756335584529229
35M,TPK1_HUMAN_Weile_2017,head,3,5,0.00046258724233078086,-0.0011057539540049455,-0.0002163424367724598,0.018490112521363504,0.17929249352890422,0.23182400541989956,0.20756335584529229
35M,TPK1_HUMAN_Weile_2017,head,3,6,-0.001011882896658961,0.0008575167822429119,-0.00033402936389118065,0.029972124774501008,0.17929249352890422,0.23182400541989956,0.20756335584529229
35M,TPK1_HUMAN_Weile_2017,head,3,7,-0.0005693710009482544,0.00016625659984592644,-0.0003433118444685357,0.016839735912826826,0.17929249352890422,0.23182400541989956,0.20756335584529229
35M,TPK1_HUMAN_Weile_2017,head,3,8,0.0005236675522599654,-6.361692380690842e-05,0.0004337110774277897,0.034643947234693565,0.17929249352890422,0.23182400541989956,0.20756335584529229
35M,TPK1_HUMAN_Weile_2017,head,3,9,-0.001168641454309366,0.0005643542570707982,-0.0005943586307361748,0.0165509469104263,0.17929249352890422,0.23182400541989956,0.20756335584529229
35M,TPK1_HUMAN_Weile_2017,head,3,10,0.000528793172673625,-8.919486224473472e-05,0.00036388256775804484,0.026563117432894197,0.17929249352890422,0.23182400541989956,0.20756335584529229
35M,TPK1_HUMAN_Weile_2017,head,3,11,-0.012518900725275284,-0.0049713018809950105,-0.008903298242602525,0.2353182703069171,0.17929249352890422,0.23182400541989956,0.20756335584529229
35M,TPK1_HUMAN_Weile_2017,head,3,12,-0.0002614066410955018,-0.0022597124842966276,-0.0016994402757502802,0.09334593552088588,0.17929249352890422,0.23182400541989956,0.20756335584529229
35M,TPK1_HUMAN_Weile_2017,head,3,13,-0.0005962805081198563,0.0008552213262292829,0.00011423515042166543,0.018204946937800955,0.17929249352890422,0.23182400541989956,0.20756335584529229
35M,TPK1_HUMAN_Weile_2017,head,3,14,0.0011118324947248792,-0.00032923397681522415,0.00019982988338357321,0.016979367946678738,0.17929249352890422,0.23182400541989956,0.20756335584529229
35M,TPK1_HUMAN_Weile_2017,head,3,15,0.00018366806482200682,0.00011214942238130243,-0.00014077651448451967,0.02679315246875931,0.17929249352890422,0.23182400541989956,0.20756335584529229
35M,TPK1_HUMAN_Weile_2017,head,3,16,-0.0002349242689583808,-0.0003072631835416839,-0.0005997695239370326,0.020952114706519264,0.17929249352890422,0.23182400541989956,0.20756335584529229
35M,TPK1_HUMAN_Weile_2017,head,3,17,-0.0006026875336368753,-0.000240367036858119,-0.0003218548541892574,0.019146191623975645,0.17929249352890422,0.23182400541989956,0.20756335584529229
35M,TPK1_HUMAN_Weile_2017,head,3,18,-0.00173245969980948,-0.00027020796503557376,-0.0008399012325408517,0.018957975806680117,0.17929249352890422,0.23182400541989956,0.20756335584529229
35M,TPK1_HUMAN_Weile_2017,head,3,19,-0.00016359271820193255,-0.0004964743435241503,-0.0003007243833272888,0.045536772072690086,0.17929249352890422,0.23182400541989956,0.20756335584529229
35M,TPK1_HUMAN_Weile_2017,head,4,0,0.0013702491905791259,0.0004843412188806351,0.0005242968929112246,0.0231220691271548,0.17929249352890422,0.23182400541989956,0.20756335584529229
35M,TPK1_HUMAN_Weile_2017,head,4,1,-0.005155947001084932,-0.0032369209015370437,-0.0034296200223572493,0.10456947457490477,0.17929249352890422,0.23182400541989956,0.20756335584529229
35M,TPK1_HUMAN_Weile_2017,head,4,2,0.00046344151239971487,-0.0002587306849673454,0.0001670380047611164,0.013595088472906148,0.17929249352890422,0.23182400541989956,0.20756335584529229
35M,TPK1_HUMAN_Weile_2017,head,4,3,-0.0015240178029882478,0.0003764547862389611,-0.0008641103150515694,0.02267351362315364,0.17929249352890422,0.23182400541989956,0.20756335584529229
35M,TPK1_HUMAN_Weile_2017,head,4,4,-0.009564407691847687,-0.0049562174557624405,-0.007861421427650173,0.2236299604739783,0.17929249352890422,0.23182400541989956,0.20756335584529229
35M,TPK1_HUMAN_Weile_2017,head,4,5,-0.0006765818946001256,0.001440234687422881,-0.00042610783956795184,0.03293696570696321,0.17929249352890422,0.23182400541989956,0.20756335584529229
35M,TPK1_HUMAN_Weile_2017,head,4,6,-0.003297055331072357,0.0005636984124954003,-0.001634556202971038,0.08778127643672175,0.17929249352890422,0.23182400541989956,0.20756335584529229
35M,TPK1_HUMAN_Weile_2017,head,4,7,-0.003426904381551188,-0.00048106199600395083,-0.0021214899454176372,0.04509796324016163,0.17929249352890422,0.23182400541989956,0.20756335584529229
35M,TPK1_HUMAN_Weile_2017,head,4,8,0.0026038151701278933,-0.00026266575241931656,0.0006617149219606822,0.0368931494044058,0.17929249352890422,0.23182400541989956,0.20756335584529229
35M,TPK1_HUMAN_Weile_2017,head,4,9,0.00208271042807473,0.0002111819532560344,0.0008599122082578181,0.05813728450979077,0.17929249352890422,0.23182400541989956,0.20756335584529229
35M,TPK1_HUMAN_Weile_2017,head,4,10,-0.0009221845394202788,-0.00150909836783239,-0.0012099876692274192,0.027384755652655596,0.17929249352890422,0.23182400541989956,0.20756335584529229
35M,TPK1_HUMAN_Weile_2017,head,4,11,-0.004489616347312042,-0.004871941427832677,-0.0055389354580729355,0.1568551560242971,0.17929249352890422,0.23182400541989956,0.20756335584529229
35M,TPK1_HUMAN_Weile_2017,head,4,12,-0.001878539881598168,-0.0009421207324603331,-0.001246324615809119,0.04183201716755921,0.17929249352890422,0.23182400541989956,0.20756335584529229
35M,TPK1_HUMAN_Weile_2017,head,4,13,0.001372384865751447,0.00044039963233358237,0.00043021265509965434,0.0541658157822471,0.17929249352890422,0.23182400541989956,0.20756335584529229
35M,TPK1_HUMAN_Weile_2017,head,4,14,0.0009785663639703124,0.0016930627712122281,0.0009440142810263896,0.058993283963803225,0.17929249352890422,0.23182400541989956,0.20756335584529229
35M,TPK1_HUMAN_Weile_2017,head,4,15,-0.00037417029019554127,-0.0004686009490726395,-0.00038342708716457286,0.024901607407713838,0.17929249352890422,0.23182400541989956,0.20756335584529229
35M,TPK1_HUMAN_Weile_2017,head,4,16,-0.006359613528220814,-0.002351202802555019,-0.005040200370972692,0.07965065032806036,0.17929249352890422,0.23182400541989956,0.20756335584529229
35M,TPK1_HUMAN_Weile_2017,head,4,17,0.0017286154844992907,0.00020790273037935014,0.0010964522032713697,0.049096796778762865,0.17929249352890422,0.23182400541989956,0.20756335584529229
35M,TPK1_HUMAN_Weile_2017,head,4,18,-0.0014082642086468977,-3.869482994439677e-05,-0.0010950994799711622,0.02053607925304077,0.17929249352890422,0.23182400541989956,0.20756335584529229
35M,TPK1_HUMAN_Weile_2017,head,4,19,-0.002736227030813526,0.0011506793074150257,-0.0012813088390905558,0.03615090850764101,0.17929249352890422,0.23182400541989956,0.20756335584529229
35M,TPK1_HUMAN_Weile_2017,head,5,0,0.0016303744265712128,-0.012335780617366149,-0.005983141802485159,0.1888917862619244,0.17929249352890422,0.23182400541989956,0.20756335584529229
35M,TPK1_HUMAN_Weile_2017,head,5,1,-0.0022736397884827175,-0.000606328309891796,-0.0018230978436424294,0.03882113848842165,0.17929249352890422,0.23182400541989956,0.20756335584529229
35M,TPK1_HUMAN_Weile_2017,head,5,2,0.0002733664220606613,0.0016212477902136646,0.0004122540871485114,0.030201459549508005,0.17929249352890422,0.23182400541989956,0.20756335584529229
35M,TPK1_HUMAN_Weile_2017,head,5,3,-0.00047625556343380837,-0.000658140031342791,-0.00022660447560166053,0.018186346633629228,0.17929249352890422,0.23182400541989956,0.20756335584529229
35M,TPK1_HUMAN_Weile_2017,head,5,4,-0.0004681399977788936,0.003929492773084686,0.0023252847074397565,0.26480623536139913,0.17929249352890422,0.23182400541989956,0.20756335584529229
35M,TPK1_HUMAN_Weile_2017,head,5,5,-0.004655344740686296,-0.0007716011428746949,-0.0031238112652463845,0.05638472614048412,0.17929249352890422,0.23182400541989956,0.20756335584529229
35M,TPK1_HUMAN_Weile_2017,head,5,6,0.01166035930599102,-0.009028684346268856,0.0006229990481959047,0.21413245506631504,0.17929249352890422,0.23182400541989956,0.20756335584529229
35M,TPK1_HUMAN_Weile_2017,head,5,7,0.0058000666330653705,-0.002373501518116189,0.0013465194312871631,0.13116221354817445,0.17929249352890422,0.23182400541989956,0.20756335584529229
35M,TPK1_HUMAN_Weile_2017,head,5,8,0.0010225612725207056,-0.002767992030176719,-0.0013345315041093653,0.052165138365337684,0.17929249352890422,0.23182400541989956,0.20756335584529229
35M,TPK1_HUMAN_Weile_2017,head,5,9,0.003068965222665504,-0.005395305398945338,-0.0012286459216442058,0.10995253761234523,0.17929249352890422,0.23182400541989956,0.20756335584529229
35M,TPK1_HUMAN_Weile_2017,head,5,10,-0.0003395723524034777,0.0008296433877914011,0.00010084785431263565,0.02857342802878446,0.17929249352890422,0.23182400541989956,0.20756335584529229
35M,TPK1_HUMAN_Weile_2017,head,5,11,0.0006364312013600049,0.0005823899828923118,0.00024064481054528186,0.04400662384318106,0.17929249352890422,0.23182400541989956,0.20756335584529229
35M,TPK1_HUMAN_Weile_2017,head,5,12,-0.0006108030992918179,0.0007283154009030401,-0.0009761531208142549,0.14191441219182885,0.17929249352890422,0.23182400541989956,0.20756335584529229
35M,TPK1_HUMAN_Weile_2017,head,5,13,-0.0019383387864239376,-0.0017550400835807944,-0.0026420551878454934,0.0464334988369132,0.17929249352890422,0.23182400541989956,0.20756335584529229
35M,TPK1_HUMAN_Weile_2017,head,5,14,-0.0005164062566739847,-0.0005066399344417216,-0.0005291480385395397,0.014963316186419074,0.17929249352890422,0.23182400541989956,0.20756335584529229
35M,TPK1_HUMAN_Weile_2017,head,5,15,0.009264986032684386,0.0038957167774552603,0.005915272409319161,0.1795470120397004,0.17929249352890422,0.23182400541989956,0.20756335584529229
35M,TPK1_HUMAN_Weile_2017,head,5,16,0.0013805004314063896,0.002100670174779329,0.0009911730140097774,0.17804868434959986,0.17929249352890422,0.23182400541989956,0.20756335584529229
35M,TPK1_HUMAN_Weile_2017,head,5,17,-0.0016064548646408938,-4.2957819684025234e-05,-0.0009406557955913553,0.020091890539013366,0.17929249352890422,0.23182400541989956,0.20756335584529229
35M,TPK1_HUMAN_Weile_2017,head,5,18,1.40954561375084e-05,-0.00046892887136032457,-0.00017072300961343267,0.018615057633357978,0.17929249352890422,0.23182400541989956,0.20756335584529229
35M,TPK1_HUMAN_Weile_2017,head,5,19,0.00296730708446169,-0.000650597818726506,0.0008341638199227119,0.048163221036113285,0.17929249352890422,0.23182400541989956,0.20756335584529229
35M,TPK1_HUMAN_Weile_2017,head,6,0,-7.859284634245678e-05,0.00011739617898393062,-0.00017869941252157684,0.013079713819161901,0.17929249352890422,0.23182400541989956,0.20756335584529229
35M,TPK1_HUMAN_Weile_2017,head,6,1,0.009964633219145896,0.0038016030808954993,0.007036026986363381,0.2041753353375309,0.17929249352890422,0.23182400541989956,0.20756335584529229
35M,TPK1_HUMAN_Weile_2017,head,6,2,-0.0027349456257100835,-0.0013949814117251158,-0.002194350421105079,0.04985548940094762,0.17929249352890422,0.23182400541989956,0.20756335584529229
35M,TPK1_HUMAN_Weile_2017,head,6,3,0.0004540445416413852,-3.9350674519711415e-06,-0.00017431472320367236,0.015078009205794184,0.17929249352890422,0.23182400541989956,0.20756335584529229
35M,TPK1_HUMAN_Weile_2017,head,6,4,0.00015248720730573484,-0.0020078681673702248,-0.0014377582856051063,0.032193459992138844,0.17929249352890422,0.23182400541989956,0.20756335584529229
35M,TPK1_HUMAN_Weile_2017,head,6,5,0.005055570267984533,-0.014746337353988476,-0.00463125812362819,0.23154981781101827,0.17929249352890422,0.23182400541989956,0.20756335584529229
35M,TPK1_HUMAN_Weile_2017,head,6,6,0.025178756011925624,-0.05911389495271849,-0.020226058721718426,0.3943881395290483,0.17929249352890422,0.23182400541989956,0.20756335584529229
35M,TPK1_HUMAN_Weile_2017,head,6,7,-0.003480296260859911,-0.0046420679041797586,-0.003734122701798903,0.12575108815664016,0.17929249352890422,0.23182400541989956,0.20756335584529229
35M,TPK1_HUMAN_Weile_2017,head,6,8,-0.006521924841319304,-0.0014920464088738206,-0.004257579973351355,0.30344143228710824,0.17929249352890422,0.23182400541989956,0.20756335584529229
35M,TPK1_HUMAN_Weile_2017,head,6,9,0.0012288674941696165,-0.004297093657556622,-0.0017149266252562412,0.07435899166940893,0.17929249352890422,0.23182400541989956,0.20756335584529229
35M,TPK1_HUMAN_Weile_2017,head,6,10,0.01721055194389154,-0.008282333219544302,0.003971362381278126,0.3254809656045722,0.17929249352890422,0.23182400541989956,0.20756335584529229
35M,TPK1_HUMAN_Weile_2017,head,6,11,0.00019349217061484514,3.935067451979468e-05,1.861160678573448e-05,0.012197082709966216,0.17929249352890422,0.23182400541989956,0.20756335584529229
35M,TPK1_HUMAN_Weile_2017,head,6,12,0.009148805303308583,0.002778157621094346,0.002376548255954819,0.3088320773914925,0.17929249352890422,0.23182400541989956,0.20756335584529229
35M,TPK1_HUMAN_Weile_2017,head,6,13,0.011987544742394884,-0.011497939172383148,0.0007501083927851371,0.2591216213673166,0.17929249352890422,0.23182400541989956,0.20756335584529229
35M,TPK1_HUMAN_Weile_2017,head,6,14,0.0004954766399849486,-0.0006233802688503376,-0.0015137906642034293,0.15407994895611168,0.17929249352890422,0.23182400541989956,0.20756335584529229
35M,TPK1_HUMAN_Weile_2017,head,6,15,0.004487907807174174,-0.00941694433486373,-0.0030937714788554227,0.21648281437795866,0.17929249352890422,0.23182400541989956,0.20756335584529229
35M,TPK1_HUMAN_Weile_2017,head,6,16,-0.0038702705473308285,-0.003297258602467351,-0.003304656376795917,0.07186273968069808,0.17929249352890422,0.23182400541989956,0.20756335584529229
35M,TPK1_HUMAN_Weile_2017,head,6,17,0.0033645426665185885,-0.006352182634350528,-0.0021643572803451416,0.13977122072528744,0.17929249352890422,0.23182400541989956,0.20756335584529229
35M,TPK1_HUMAN_Weile_2017,head,6,18,-0.0010336667834169033,-0.0057432309461573905,-0.004365051507271955,0.18519745036116186,0.17929249352890422,0.23182400541989956,0.20756335584529229
35M,TPK1_HUMAN_Weile_2017,head,6,19,0.022122177705259732,-0.0059704810915089945,0.004443416167422359,0.5074615725931132,0.17929249352890422,0.23182400541989956,0.20756335584529229
35M,TPK1_HUMAN_Weile_2017,head,7,0,-0.004650219120272692,-0.004465317791128576,-0.003458260439817007,0.209009568833705,0.17929249352890422,0.23182400541989956,0.20756335584529229
35M,TPK1_HUMAN_Weile_2017,head,7,1,0.01880461989253282,0.0018862089986467212,0.01088723022207752,0.21098187462713733,0.17929249352890422,0.23182400541989956,0.20756335584529229
35M,TPK1_HUMAN_Weile_2017,head,7,2,0.00823046497919852,-0.00617084160927206,-0.00041640554831121057,0.31711425365142104,0.17929249352890422,0.23182400541989956,0.20756335584529229
35M,TPK1_HUMAN_Weile_2017,head,7,3,0.015707463757592327,-0.018533839776514377,-0.0017856880475468073,0.19081068554389402,0.17929249352890422,0.23182400541989956,0.20756335584529229
35M,TPK1_HUMAN_Weile_2017,head,7,4,0.0026025337650244784,0.000935890208994733,0.0012461380332849104,0.07988825955855772,0.17929249352890422,0.23182400541989956,0.20756335584529229
35M,TPK1_HUMAN_Weile_2017,head,7,5,-0.0017051230576034249,-0.0020924721175876737,-0.001867131319346016,0.17850324595874212,0.17929249352890422,0.23182400541989956,0.20756335584529229
35M,TPK1_HUMAN_Weile_2017,head,7,6,-0.01865384122536498,-0.012741748409494907,-0.014530907045286146,0.3146757293234831,0.17929249352890422,0.23182400541989956,0.20756335584529229
35M,TPK1_HUMAN_Weile_2017,head,7,7,0.0018353992431167088,-8.394810564213429e-05,0.00032180820855820524,0.05477443824774064,0.17929249352890422,0.23182400541989956,0.20756335584529229
35M,TPK1_HUMAN_Weile_2017,head,7,8,-9.781392289356927e-05,0.00036202620558170584,-0.0010448364042268399,0.19294730053757722,0.17929249352890422,0.23182400541989956,0.20756335584529229
35M,TPK1_HUMAN_Weile_2017,head,7,9,0.011013249728769298,-0.00983373356248543,-6.0965839771776054e-05,0.3166646461629268,0.17929249352890422,0.23182400541989956,0.20756335584529229
35M,TPK1_HUMAN_Weile_2017,head,7,10,-0.00025158253530269126,-0.007324800139563714,-0.003937077842462305,0.140858216012049,0.17929249352890422,0.23182400541989956,0.20756335584529229
35M,TPK1_HUMAN_Weile_2017,head,7,11,-0.004338410545109722,-0.000155435164352985,-0.0028664673187881184,0.062219386205733196,0.17929249352890422,0.23182400541989956,0.20756335584529229
35M,TPK1_HUMAN_Weile_2017,head,7,12,0.000987963334728642,-0.002080011070656418,-0.0012926903730647865,0.20955415969749666,0.17929249352890422,0.23182400541989956,0.20756335584529229
35M,TPK1_HUMAN_Weile_2017,head,7,13,0.0205789388257204,-0.008145261703300488,0.006471101748814684,0.41527160702261534,0.17929249352890422,0.23182400541989956,0.20756335584529229
35M,TPK1_HUMAN_Weile_2017,head,7,14,-0.0009717322034187847,-0.0021465792950523255,-0.002289600799692676,0.04417337514694382,0.17929249352890422,0.23182400541989956,0.20756335584529229
35M,TPK1_HUMAN_Weile_2017,head,7,15,-0.0010387924038305352,0.004362350192801928,0.0013819234652479861,0.11917691420084275,0.17929249352890422,0.23182400541989956,0.20756335584529229
35M,TPK1_HUMAN_Weile_2017,head,7,16,-0.0015047967264371076,-0.003240855968989015,-0.0021874002220798605,0.17391516146419933,0.17929249352890422,0.23182400541989956,0.20756335584529229
35M,TPK1_HUMAN_Weile_2017,head,7,17,-0.00358067299396031,-0.0050319675042129475,-0.0033601646777358107,0.19398174092829604,0.17929249352890422,0.23182400541989956,0.20756335584529229
35M,TPK1_HUMAN_Weile_2017,head,7,18,-0.0032103469190749856,-0.0006374809272199355,-0.0015683660525225018,0.07961156355135096,0.17929249352890422,0.23182400541989956,0.20756335584529229
35M,TPK1_HUMAN_Weile_2017,head,7,19,0.013173271598083014,-0.0009463837221999616,0.005839613195769144,0.23487528558797058,0.17929249352890422,0.23182400541989956,0.20756335584529229
35M,TPK1_HUMAN_Weile_2017,head,8,0,0.00852305247781035,-0.00033808787858216616,0.004923632938998945,0.18526685153538325,0.17929249352890422,0.23182400541989956,0.20756335584529229
35M,TPK1_HUMAN_Weile_2017,head,8,1,-0.002339845718825534,-0.005469743758245188,-0.004279643356834173,0.12358270023228987,0.17929249352890422,0.23182400541989956,0.20756335584529229
35M,TPK1_HUMAN_Weile_2017,head,8,2,-0.01138699288393033,0.0009090005814062219,-0.004855950128357128,0.21273437029910539,0.17929249352890422,0.23182400541989956,0.20756335584529229
35M,TPK1_HUMAN_Weile_2017,head,8,3,0.00025457248054400194,-0.001253318983454016,-0.0015114583826513761,0.21172200040247455,0.17929249352890422,0.23182400541989956,0.20756335584529229
35M,TPK1_HUMAN_Weile_2017,head,8,4,-0.004493460562622287,-0.005447445042683935,-0.005264799084439553,0.11555206129011118,0.17929249352890422,0.23182400541989956,0.20756335584529229
35M,TPK1_HUMAN_Weile_2017,head,8,5,0.0007257024235642062,0.0016337088371449482,-0.0007546330189961981,0.2743327448015693,0.17929249352890422,0.23182400541989956,0.20756335584529229
35M,TPK1_HUMAN_Weile_2017,head,8,6,-0.008642650287461862,-0.008806025112944621,-0.007199240049379052,0.30020918589343065,0.17929249352890422,0.23182400541989956,0.20756335584529229
35M,TPK1_HUMAN_Weile_2017,head,8,7,0.005869689643683951,0.000704377073903556,0.003171716328326496,0.16207101706813717,0.17929249352890422,0.23182400541989956,0.20756335584529229
35M,TPK1_HUMAN_Weile_2017,head,8,8,0.004700193919305651,0.004989665529104237,0.006162914064520714,0.2811442241541245,0.17929249352890422,0.23182400541989956,0.20756335584529229
35M,TPK1_HUMAN_Weile_2017,head,8,9,-0.008271897077542084,-0.013545813858848454,-0.012609386920145238,0.27398440129352064,0.17929249352890422,0.23182400541989956,0.20756335584529229
35M,TPK1_HUMAN_Weile_2017,head,8,10,0.010469933964923683,-0.009027044734830542,0.002275280590962797,0.2822746522958923,0.17929249352890422,0.23182400541989956,0.20756335584529229
35M,TPK1_HUMAN_Weile_2017,head,8,11,-0.0003246226261970353,-0.002058696121958248,-2.0477432027404818e-05,0.15910387920133723,0.17929249352890422,0.23182400541989956,0.20756335584529229
35M,TPK1_HUMAN_Weile_2017,head,8,12,0.001545374554711737,0.0011851111476198217,0.000683685014181451,0.03129488660854363,0.17929249352890422,0.23182400541989956,0.20756335584529229
35M,TPK1_HUMAN_Weile_2017,head,8,13,0.002966025679358275,0.0030024564658568953,0.0034073234107192263,0.10549322914027567,0.17929249352890422,0.23182400541989956,0.20756335584529229
35M,TPK1_HUMAN_Weile_2017,head,8,14,0.0008790439009388196,-0.0013225105861512099,-0.0011148305819019266,0.10205431376238289,0.17929249352890422,0.23182400541989956,0.20756335584529229
35M,TPK1_HUMAN_Weile_2017,head,8,15,-0.020878787619918182,-0.004725032242958921,-0.012959742254901124,0.28827815957414277,0.17929249352890422,0.23182400541989956,0.20756335584529229
35M,TPK1_HUMAN_Weile_2017,head,8,16,0.002276629733724028,-0.006331523530227673,-0.0021899190861561224,0.19973234841658635,0.17929249352890422,0.23182400541989956,0.20756335584529229
35M,TPK1_HUMAN_Weile_2017,head,8,17,-0.01912582543845409,-0.013261177313155598,-0.015315160039993975,0.3530424894214426,0.17929249352890422,0.23182400541989956,0.20756335584529229
35M,TPK1_HUMAN_Weile_2017,head,8,18,0.00040236120247055807,-0.0013516956697533777,-0.000607092888010613,0.17459634977316707,0.17929249352890422,0.23182400541989956,0.20756335584529229
35M,TPK1_HUMAN_Weile_2017,head,8,19,-0.005248208168530388,-0.00048466914116826465,-0.0033429057942503393,0.1401505045733362,0.17929249352890422,0.23182400541989956,0.20756335584529229
35M,TPK1_HUMAN_Weile_2017,head,9,0,-0.007656822627905596,0.010134438300273857,-0.0005018136987489652,0.3186287579109084,0.17929249352890422,0.23182400541989956,0.20756335584529229
35M,TPK1_HUMAN_Weile_2017,head,9,1,-0.007898581057415477,-0.0037468400588554773,-0.005761481763773918,0.13082894195550643,0.17929249352890422,0.23182400541989956,0.20756335584529229
35M,TPK1_HUMAN_Weile_2017,head,9,2,0.0022223835843463713,-0.0009601564582818745,-0.0015118315476997102,0.3161938185774305,0.17929249352890422,0.23182400541989956,0.20756335584529229
35M,TPK1_HUMAN_Weile_2017,head,9,3,0.006551824293732217,0.005393993709794653,0.005960751899585032,0.11775654413790074,0.17929249352890422,0.23182400541989956,0.20756335584529229
35M,TPK1_HUMAN_Weile_2017,head,9,4,-0.002418865700202444,-0.0027607777398481192,-0.0033111867651418048,0.157633826886333,0.17929249352890422,0.23182400541989956,0.20756335584529229
35M,TPK1_HUMAN_Weile_2017,head,9,5,-0.0016047463245030258,-0.011229370818785861,-0.006852756301999691,0.19335253705393593,0.17929249352890422,0.23182400541989956,0.20756335584529229
35M,TPK1_HUMAN_Weile_2017,head,9,6,0.004827907294612105,0.002938839542049987,0.0027432762072064076,0.1462874262587829,0.17929249352890422,0.23182400541989956,0.20756335584529229
35M,TPK1_HUMAN_Weile_2017,head,9,7,-0.0019878864504224436,0.0023915372439377858,2.4722184452208307e-05,0.12910806289258994,0.17929249352890422,0.23182400541989956,0.20756335584529229
35M,TPK1_HUMAN_Weile_2017,head,9,8,-0.004106903356427105,-0.004729295232698549,-0.005643514962868912,0.17059672441122667,0.17929249352890422,0.23182400541989956,0.20756335584529229
35M,TPK1_HUMAN_Weile_2017,head,9,9,-0.0017162285684996503,0.0005745198479883418,-0.0012262203488300205,0.04120479093032813,0.17929249352890422,0.23182400541989956,0.20756335584529229
35M,TPK1_HUMAN_Weile_2017,head,9,10,-0.004768535524820816,-0.002216754664612547,-0.004876287623491404,0.12398607101080553,0.17929249352890422,0.23182400541989956,0.20756335584529229
35M,TPK1_HUMAN_Weile_2017,head,9,11,0.0009862547945907463,-0.0030211480362537235,8.59678980102696e-05,0.2064608355175774,0.17929249352890422,0.23182400541989956,0.20756335584529229
35M,TPK1_HUMAN_Weile_2017,head,9,12,-0.001299344774857103,-0.011483838514013606,-0.0068548553553965386,0.17206823057348622,0.17929249352890422,0.23182400541989956,0.20756335584529229
35M,TPK1_HUMAN_Weile_2017,head,9,13,0.0030770807883204465,0.0032310183003591564,0.0025394347995532085,0.0772781270854878,0.17929249352890422,0.23182400541989956,0.20756335584529229
35M,TPK1_HUMAN_Weile_2017,head,9,14,0.000683416055151681,-0.0066594458178922955,-0.0034750062213610156,0.11585399780258443,0.17929249352890422,0.23182400541989956,0.20756335584529229
35M,TPK1_HUMAN_Weile_2017,head,9,15,-0.0016457512878121083,0.00041580546075872804,-0.0002966662134266107,0.07145576788194524,0.17929249352890422,0.23182400541989956,0.20756335584529229
35M,TPK1_HUMAN_Weile_2017,head,9,16,-0.012819603789542028,-0.0037586452612114185,-0.008745915883467098,0.1868182119895827,0.17929249352890422,0.23182400541989956,0.20756335584529229
35M,TPK1_HUMAN_Weile_2017,head,9,17,-0.006221221777052616,-0.006015734367206704,-0.006254012981945556,0.10277750216565042,0.17929249352890422,0.23182400541989956,0.20756335584529229
35M,TPK1_HUMAN_Weile_2017,head,9,18,-0.0007043456718407171,-0.002464008069511636,-0.0011741171789562133,0.09119376671389214,0.17929249352890422,0.23182400541989956,0.20756335584529229
35M,TPK1_HUMAN_Weile_2017,head,9,19,0.0035067786329970874,-0.004991960985117866,0.0003628563638751192,0.21278835954906056,0.17929249352890422,0.23182400541989956,0.20756335584529229
35M,TPK1_HUMAN_Weile_2017,head,10,0,0.0014608018178867144,-0.004081976636848644,-0.0006560241549735668,0.1508352947684954,0.17929249352890422,0.23182400541989956,0.20756335584529229
35M,TPK1_HUMAN_Weile_2017,head,10,1,0.0016389171272606362,-0.004174122799682434,-0.0013120016643161092,0.1320113239798156,0.17929249352890422,0.23182400541989956,0.20756335584529229
35M,TPK1_HUMAN_Weile_2017,head,10,2,0.0009755764187290294,-1.1149357780571023e-05,0.0004606722521700024,0.051173959700566415,0.17929249352890422,0.23182400541989956,0.20756335584529229
35M,TPK1_HUMAN_Weile_2017,head,10,3,0.0102704619038263,-0.00033513657799319474,0.005388549943593779,0.253598800713911,0.17929249352890422,0.23182400541989956,0.20756335584529229
35M,TPK1_HUMAN_Weile_2017,head,10,4,0.004753585798614374,0.0026358393482479037,0.002165849940538478,0.3163648175555955,0.17929249352890422,0.23182400541989956,0.20756335584529229
35M,TPK1_HUMAN_Weile_2017,head,10,5,0.01587062934075978,-0.011555653495012114,0.002425059712238442,0.29913608233133954,0.17929249352890422,0.23182400541989956,0.20756335584529229
35M,TPK1_HUMAN_Weile_2017,head,10,6,-0.014769475221896644,-0.010313811791626354,-0.011617654158562973,0.3289750451749226,0.17929249352890422,0.23182400541989956,0.20756335584529229
35M,TPK1_HUMAN_Weile_2017,head,10,7,-0.0026469558086093248,-0.0018642382053731532,-0.0009608067082015059,0.1596940353793918,0.17929249352890422,0.23182400541989956,0.20756335584529229
35M,TPK1_HUMAN_Weile_2017,head,10,8,-0.00084102888287102,0.0007322504683550668,-0.0021797036929579183,0.18161236883709267,0.17929249352890422,0.23182400541989956,0.20756335584529229
35M,TPK1_HUMAN_Weile_2017,head,10,9,0.00421069716980324,-0.006225276709024369,-0.0016200494117169506,0.17247915474123926,0.17929249352890422,0.23182400541989956,0.20756335584529229
35M,TPK1_HUMAN_Weile_2017,head,10,10,-0.009007423606899073,-0.006734540021767488,-0.0074583098841858875,0.22667845455730487,0.17929249352890422,0.23182400541989956,0.20756335584529229
35M,TPK1_HUMAN_Weile_2017,head,10,11,0.0019810522898709437,0.0025725503467286803,0.0015859048097942585,0.2651531989656904,0.17929249352890422,0.23182400541989956,0.20756335584529229
35M,TPK1_HUMAN_Weile_2017,head,10,12,-0.0025798956081975744,-0.0005581237336051148,-0.000607372761796815,0.13001079810490399,0.17929249352890422,0.23182400541989956,0.20756335584529229
35M,TPK1_HUMAN_Weile_2017,head,10,13,-0.00027080361185385926,-0.0005191009813730052,6.968857277664386e-05,0.05958448088019149,0.17929249352890422,0.23182400541989956,0.20756335584529229
35M,TPK1_HUMAN_Weile_2017,head,10,14,-0.0036934366430603494,-0.005614685409392917,-0.0028321827799722976,0.3398076781311875,0.17929249352890422,0.23182400541989956,0.20756335584529229
35M,TPK1_HUMAN_Weile_2017,head,10,15,0.0023458256093081553,0.0008125914288328318,0.0019464755377483212,0.07925865944451506,0.17929249352890422,0.23182400541989956,0.20756335584529229
35M,TPK1_HUMAN_Weile_2017,head,10,16,0.006033282361885883,0.001430724941080569,0.003189161794336176,0.16099237533485364,0.17929249352890422,0.23182400541989956,0.20756335584529229
35M,TPK1_HUMAN_Weile_2017,head,10,17,-0.0007855013283899759,-0.0011454325508123697,-0.00046883523760235524,0.07703776798158321,0.17929249352890422,0.23182400541989956,0.20756335584529229
35M,TPK1_HUMAN_Weile_2017,head,10,18,0.00447039527076093,-0.0045689412340305935,0.0009751269169313848,0.28046347613229694,0.17929249352890422,0.23182400541989956,0.20756335584529229
35M,TPK1_HUMAN_Weile_2017,head,10,19,-0.001161807293757866,-0.006496468440922998,-0.0037540403862538207,0.09505273251788421,0.17929249352890422,0.23182400541989956,0.20756335584529229
35M,TPK1_HUMAN_Weile_2017,head,11,0,-0.0007705516021835335,9.509746342276082e-05,-0.001118842106171497,0.14495054280982828,0.17929249352890422,0.23182400541989956,0.20756335584529229
35M,TPK1_HUMAN_Weile_2017,head,11,1,0.004064616988014608,0.009490071005012979,0.005683117103623514,0.14219949136740007,0.17929249352890422,0.23182400541989956,0.20756335584529229
35M,TPK1_HUMAN_Weile_2017,head,11,2,-0.008690916546356953,-0.009884889439361083,-0.010278971193290853,0.20766020852064937,0.17929249352890422,0.23182400541989956,0.20756335584529229
35M,TPK1_HUMAN_Weile_2017,head,11,3,0.006395920006150718,0.015959321896059808,0.012878438919995044,0.28424252382239457,0.17929249352890422,0.23182400541989956,0.20756335584529229
35M,TPK1_HUMAN_Weile_2017,head,11,4,-0.0008166821859062479,-0.0003134937070073396,-0.0015072136302265449,0.05022758723429914,0.17929249352890422,0.23182400541989956,0.20756335584529229
35M,TPK1_HUMAN_Weile_2017,head,11,5,0.012313875908729816,0.004480074294073488,0.010234238033121651,0.32791904842703595,0.17929249352890422,0.23182400541989956,0.20756335584529229
35M,TPK1_HUMAN_Weile_2017,head,11,6,0.004811249028267822,0.0012074098631810193,0.003070821828382808,0.08222553555695515,0.17929249352890422,0.23182400541989956,0.20756335584529229
35M,TPK1_HUMAN_Weile_2017,head,11,7,-0.0010759531518294008,-0.0006751919903013326,-0.00021051173289216019,0.08509532919844741,0.17929249352890422,0.23182400541989956,0.20756335584529229
35M,TPK1_HUMAN_Weile_2017,head,11,8,0.005058133078191335,0.004798158913108169,0.0053231061232419385,0.15727475351132686,0.17929249352890422,0.23182400541989956,0.20756335584529229
35M,TPK1_HUMAN_Weile_2017,head,11,9,-0.002913488070118486,-8.460395021742118e-05,-0.0011859651692408546,0.05260597431809647,0.17929249352890422,0.23182400541989956,0.20756335584529229
35M,TPK1_HUMAN_Weile_2017,head,11,10,0.003354718560725778,-0.00037809439767724773,0.0020879517366984846,0.1306593989801107,0.17929249352890422,0.23182400541989956,0.20756335584529229
35M,TPK1_HUMAN_Weile_2017,head,11,11,0.00031906987074892257,0.0006673218553974181,-5.131019414611471e-05,0.04706978151258433,0.17929249352890422,0.23182400541989956,0.20756335584529229
35M,TPK1_HUMAN_Weile_2017,head,11,12,0.0010494707796923075,0.0011018188865530298,0.001376232698260843,0.0642479344171548,0.17929249352890422,0.23182400541989956,0.20756335584529229
35M,TPK1_HUMAN_Weile_2017,head,11,13,-0.0026982120127456988,-0.004336116409788732,-0.003923224090042865,0.15541352415984533,0.17929249352890422,0.23182400541989956,0.20756335584529229
35M,TPK1_HUMAN_Weile_2017,head,11,14,0.00250941832751006,-0.0009542538571039039,0.0015392125331213091,0.18900994722198391,0.17929249352890422,0.23182400541989956,0.20756335584529229
35M,TPK1_HUMAN_Weile_2017,head,11,15,-0.002741779786261639,-0.0055281139254494405,-0.003957415337596609,0.16378809933392507,0.17929249352890422,0.23182400541989956,0.20756335584529229
35M,TPK1_HUMAN_Weile_2017,head,11,16,-0.003702833613818679,-0.007924570003702225,-0.004746099667253395,0.38677552951581823,0.17929249352890422,0.23182400541989956,0.20756335584529229
35M,TPK1_HUMAN_Weile_2017,head,11,17,-0.0006291699057740241,0.002945070065515615,0.0011326958585909652,0.1696212556002275,0.17929249352890422,0.23182400541989956,0.20756335584529229
35M,TPK1_HUMAN_Weile_2017,head,11,18,-0.00861873072553157,-0.017318887700717128,-0.010549329270809843,0.3616807020310336,0.17929249352890422,0.23182400541989956,0.20756335584529229
35M,TPK1_HUMAN_Weile_2017,head,11,19,0.0143346517568064,0.0037006030162947956,0.010693044460049983,0.22612158757335735,0.17929249352890422,0.23182400541989956,0.20756335584529229
35M,TPK1_HUMAN_Weile_2017,attn_layer,0,-1,-0.0006244714203948454,0.0015291016273799862,0.0009108025917245743,0.1726013054637789,0.17929249352890422,0.23182400541989956,0.20756335584529229
35M,TPK1_HUMAN_Weile_2017,mlp,0,-1,-0.036419668714067266,-0.13323515340040654,-0.07334190524546447,3.4253042946634054,0.17929249352890422,0.23182400541989956,0.20756335584529229
35M,TPK1_HUMAN_Weile_2017,attn_layer,1,-1,-0.03971629691010514,-0.17245465900509033,-0.10218928937013705,2.7026828292218394,0.17929249352890422,0.23182400541989956,0.20756335584529229
35M,TPK1_HUMAN_Weile_2017,mlp,1,-1,-0.006162704277330233,-0.004338411865802361,-0.003140277173004219,0.2107992943540309,0.17929249352890422,0.23182400541989956,0.20756335584529229
35M,TPK1_HUMAN_Weile_2017,attn_layer,2,-1,-0.046869100197336394,-0.16614969718016342,-0.10286257240859613,2.6959471889074496,0.17929249352890422,0.23182400541989956,0.20756335584529229
35M,TPK1_HUMAN_Weile_2017,mlp,2,-1,0.019685799468644016,-0.04658955901994519,-0.011577119105187522,1.4567080769898757,0.17929249352890422,0.23182400541989956,0.20756335584529229
35M,TPK1_HUMAN_Weile_2017,attn_layer,3,-1,-0.005298182967563347,-0.0112677377264426,-0.013270075638223022,0.48994559902440077,0.17929249352890422,0.23182400541989956,0.20756335584529229
35M,TPK1_HUMAN_Weile_2017,mlp,3,-1,0.07650928164429902,-0.07114339615340598,0.0065719496031273195,1.9344877023367013,0.17929249352890422,0.23182400541989956,0.20756335584529229
35M,TPK1_HUMAN_Weile_2017,attn_layer,4,-1,0.026232925276997054,0.009397268997603903,0.016393093927741714,0.7295952827300666,0.17929249352890422,0.23182400541989956,0.20756335584529229
35M,TPK1_HUMAN_Weile_2017,mlp,4,-1,0.06504625872423311,-0.03060367541858458,0.01374114986611541,1.6098519793284014,0.17929249352890422,0.23182400541989956,0.20756335584529229
35M,TPK1_HUMAN_Weile_2017,attn_layer,5,-1,0.020326929155383172,0.009178544831731611,0.012661350153125972,0.846744234550674,0.17929249352890422,0.23182400541989956,0.20756335584529229
35M,TPK1_HUMAN_Weile_2017,mlp,5,-1,0.05906722251172486,-0.05640624062347205,0.000900027450953883,2.0806756554722035,0.17929249352890422,0.23182400541989956,0.20756335584529229
35M,TPK1_HUMAN_Weile_2017,attn_layer,6,-1,0.013018648715604958,-0.10539619078912199,-0.04393024892207778,1.8666681059688892,0.17929249352890422,0.23182400541989956,0.20756335584529229
35M,TPK1_HUMAN_Weile_2017,mlp,6,-1,-0.05653046754200872,-0.02130150388440344,-0.03274290070987654,1.5608600419272416,0.17929249352890422,0.23182400541989956,0.20756335584529229
35M,TPK1_HUMAN_Weile_2017,attn_layer,7,-1,0.0817523641924158,-0.02595308153492551,0.028270144440528833,1.5866315359214567,0.17929249352890422,0.23182400541989956,0.20756335584529229
35M,TPK1_HUMAN_Weile_2017,mlp,7,-1,0.01801655575393607,-0.11657112650815558,-0.05069339896684591,1.9289917355438448,0.17929249352890422,0.23182400541989956,0.20756335584529229
35M,TPK1_HUMAN_Weile_2017,attn_layer,8,-1,-0.06107134009345715,-0.04577795135797538,-0.041584859947658925,1.7327541373435806,0.17929249352890422,0.23182400541989956,0.20756335584529229
35M,TPK1_HUMAN_Weile_2017,mlp,8,-1,-0.1730605933759899,-0.06908273249772173,-0.10781596526019982,2.0686468677888126,0.17929249352890422,0.23182400541989956,0.20756335584529229
35M,TPK1_HUMAN_Weile_2017,attn_layer,9,-1,-0.02183642436719946,-0.038280008250524716,-0.035952773164395296,1.1678107126891237,0.17929249352890422,0.23182400541989956,0.20756335584529229
35M,TPK1_HUMAN_Weile_2017,mlp,9,-1,0.06102563664476887,-0.0703403144709154,-0.012224187299001044,1.4771640860247162,0.17929249352890422,0.23182400541989956,0.20756335584529229
35M,TPK1_HUMAN_Weile_2017,attn_layer,10,-1,-0.01893874029335635,-0.07204452659990823,-0.04585083613459784,1.5086308236954347,0.17929249352890422,0.23182400541989956,0.20756335584529229
35M,TPK1_HUMAN_Weile_2017,mlp,10,-1,0.055902579041338135,-0.041726799416167165,0.009395922752036268,1.2536997737937003,0.17929249352890422,0.23182400541989956,0.20756335584529229
35M,TPK1_HUMAN_Weile_2017,attn_layer,11,-1,0.016666381909977046,-0.03190815027891428,-0.006955889792233327,1.1171158391912028,0.17929249352890422,0.23182400541989956,0.20756335584529229
35M,TPK1_HUMAN_Weile_2017,mlp,11,-1,-0.003732733066231564,-0.08323192336587307,-0.0434421490388551,0.9462396225089547,0.17929249352890422,0.23182400541989956,0.20756335584529229
35M,OTC_HUMAN_Lo_2023,head,0,0,0.0014389697866687423,0.00101440454556323,0.0015030594021996913,0.013674092397355196,0.33764293859830546,0.403309213457385,0.372691906605362
35M,OTC_HUMAN_Lo_2023,head,0,1,0.04319831126070334,0.005969207192559112,0.021135981826148342,0.2107830894620795,0.33764293859830546,0.403309213457385,0.372691906605362
35M,OTC_HUMAN_Lo_2023,head,0,2,0.0002994810215909416,0.0014066409698477167,0.00045157594704015036,0.013447503771698266,0.33764293859830546,0.403309213457385,0.372691906605362
35M,OTC_HUMAN_Lo_2023,head,0,3,-0.0006683539872090472,0.0012939293536740615,0.0016923972992770042,0.007672580972052457,0.33764293859830546,0.403309213457385,0.372691906605362
35M,OTC_HUMAN_Lo_2023,head,0,4,-0.001431665371507851,-0.0030928067478064314,-0.002096385646516874,0.023218428879453426,0.33764293859830546,0.403309213457385,0.372691906605362
35M,OTC_HUMAN_Lo_2023,head,0,5,0.0007194848933343434,0.00021640630305341801,0.0010418646849871815,0.00816011481117784,0.33764293859830546,0.403309213457385,0.372691906605362
35M,OTC_HUMAN_Lo_2023,head,0,6,0.0008436599510671661,-0.0008340659596854927,-0.00016351909293038647,0.008198857568857963,0.33764293859830546,0.403309213457385,0.372691906605362
35M,OTC_HUMAN_Lo_2023,head,0,7,0.0055367466918521124,0.007885304667512083,0.005932756192110977,0.041962018661331715,0.33764293859830546,0.403309213457385,0.372691906605362
35M,OTC_HUMAN_Lo_2023,head,0,8,-0.004094124697602952,0.0036428394347339244,-6.277513165131587e-05,0.025054345266860827,0.33764293859830546,0.403309213457385,0.372691906605362
35M,OTC_HUMAN_Lo_2023,head,0,9,-0.0006208752886641133,0.0019386397981876469,0.000977064549089024,0.01091484620905759,0.33764293859830546,0.403309213457385,0.372691906605362
35M,OTC_HUMAN_Lo_2023,head,0,10,0.0013951432957041154,0.002849349656871114,0.0017020160694493636,0.0281369780239306,0.33764293859830546,0.403309213457385,0.372691906605362
35M,OTC_HUMAN_Lo_2023,head,0,11,-0.0024360224561116306,0.00037420256569664634,-0.000571051197602257,0.011086979717539068,0.33764293859830546,0.403309213457385,0.372691906605362
35M,OTC_HUMAN_Lo_2023,head,0,12,0.0031810728025086776,0.005554428445039894,0.004782047528857469,0.027118512674381857,0.33764293859830546,0.403309213457385,0.372691906605362
35M,OTC_HUMAN_Lo_2023,head,0,13,-0.000712180478173563,0.00496832804093672,0.0030876252253336234,0.015291579982690644,0.33764293859830546,0.403309213457385,0.372691906605362
35M,OTC_HUMAN_Lo_2023,head,0,14,0.00341846629523318,0.010144045455633022,0.005731774520614408,0.06170637069041269,0.33764293859830546,0.403309213457385,0.372691906605362
35M,OTC_HUMAN_Lo_2023,head,0,15,-0.002311847398378808,-9.016929293947928e-06,-0.00030982564976289595,0.012252985908274065,0.33764293859830546,0.403309213457385,0.372691906605362
35M,OTC_HUMAN_Lo_2023,head,0,16,-0.003506119277162212,0.0007258628081585616,-0.00021313169697739776,0.014535856612941675,0.33764293859830546,0.403309213457385,0.372691906605362
35M,OTC_HUMAN_Lo_2023,head,0,17,-0.0020415840374309324,0.0005590496162214964,0.0011041335655768147,0.010844936757756952,0.33764293859830546,0.403309213457385,0.372691906605362
35M,OTC_HUMAN_Lo_2023,head,0,18,-0.0031774205949282597,0.0018169112527199882,0.000717357754434822,0.008645569023333098,0.33764293859830546,0.403309213457385,0.372691906605362
35M,OTC_HUMAN_Lo_2023,head,0,19,0.004861088289482285,0.005779851677387371,0.0050695981319053285,0.025515013619473104,0.33764293859830546,0.403309213457385,0.372691906605362
35M,OTC_HUMAN_Lo_2023,head,1,0,0.002647850495773596,0.00993665608187344,0.004170496246318822,0.060327972759280285,0.33764293859830546,0.403309213457385,0.372691906605362
35M,OTC_HUMAN_Lo_2023,head,1,1,-0.0025894151744875193,0.0075606952129317895,0.0009471957364484695,0.09101763263083341,0.33764293859830546,0.403309213457385,0.372691906605362
35M,OTC_HUMAN_Lo_2023,head,1,2,0.0037289039395652646,0.004391244566127328,0.00287702478366475,0.053101380404673125,0.33764293859830546,0.403309213457385,0.372691906605362
35M,OTC_HUMAN_Lo_2023,head,1,3,0.016789198246994708,0.0034579923842090743,0.00873181831227321,0.1048061505221484,0.33764293859830546,0.403309213457385,0.372691906605362
35M,OTC_HUMAN_Lo_2023,head,1,4,0.0006172230810837509,0.0001623047272900635,0.0006161075420939577,0.01848727360106351,0.33764293859830546,0.403309213457385,0.372691906605362
35M,OTC_HUMAN_Lo_2023,head,1,5,0.0015850580898837952,0.006433579051194793,0.0013724466282799552,0.23458674001066307,0.33764293859830546,0.403309213457385,0.372691906605362
35M,OTC_HUMAN_Lo_2023,head,1,6,0.008191901602786378,-0.013547936264078908,-0.004967335417441099,0.12722229565444745,0.33764293859830546,0.403309213457385,0.372691906605362
35M,OTC_HUMAN_Lo_2023,head,1,7,-0.00014974051079541528,0.01248844707204605,0.0036946202483169044,0.1404826988776525,0.33764293859830546,0.403309213457385,0.372691906605362
35M,OTC_HUMAN_Lo_2023,head,1,8,0.005912924072630943,0.017952706224147075,0.01202801897502892,0.07074604457930515,0.33764293859830546,0.403309213457385,0.372691906605362
35M,OTC_HUMAN_Lo_2023,head,1,9,0.013272122347091297,0.006591375313837966,0.007708178665507437,0.15965723991394043,0.33764293859830546,0.403309213457385,0.372691906605362
35M,OTC_HUMAN_Lo_2023,head,1,10,0.0009422695557373961,0.0032731453336841687,0.0027752683202621475,0.04090288699718944,0.33764293859830546,0.403309213457385,0.372691906605362
35M,OTC_HUMAN_Lo_2023,head,1,11,0.001121227727175822,0.0027952480811077596,0.0025778304061975787,0.048185264332252634,0.33764293859830546,0.403309213457385,0.372691906605362
35M,OTC_HUMAN_Lo_2023,head,1,12,0.018359647506556942,0.009950181475814224,0.014069223255820051,0.13055399896805747,0.33764293859830546,0.403309213457385,0.372691906605362
35M,OTC_HUMAN_Lo_2023,head,1,13,-0.004105081320344095,0.0008340659596853262,-0.00046423222358271676,0.0462950164811653,0.33764293859830546,0.403309213457385,0.372691906605362
35M,OTC_HUMAN_Lo_2023,head,1,14,0.006457103002107167,-0.0001487793333493359,0.002673511856859656,0.05272151242222702,0.33764293859830546,0.403309213457385,0.372691906605362
35M,OTC_HUMAN_Lo_2023,head,1,15,0.002892548403658879,0.0022271815355923152,0.0024249425855628615,0.021909095739063463,0.33764293859830546,0.403309213457385,0.372691906605362
35M,OTC_HUMAN_Lo_2023,head,1,16,0.02605119667083161,0.032542097821670946,0.02624506754086664,0.2070811754255964,0.33764293859830546,0.403309213457385,0.372691906605362
35M,OTC_HUMAN_Lo_2023,head,1,17,-0.01410482567541732,-0.013029462829679928,-0.013982148073206913,0.215534893567102,0.33764293859830546,0.403309213457385,0.372691906605362
35M,OTC_HUMAN_Lo_2023,head,1,18,-0.0035974244666716615,-0.001605013414313572,-0.0016610097334512908,0.01690656234297836,0.33764293859830546,0.403309213457385,0.372691906605362
35M,OTC_HUMAN_Lo_2023,head,1,19,0.002680720363996969,-0.0004328126061071136,0.001644303448415152,0.017477986321114657,0.33764293859830546,0.403309213457385,0.372691906605362
35M,OTC_HUMAN_Lo_2023,head,2,0,0.0019466266403411758,-0.0007709474546281903,0.0005573824189362697,0.026906261580032214,0.33764293859830546,0.403309213457385,0.372691906605362
35M,OTC_HUMAN_Lo_2023,head,2,1,0.0035791634287698493,-0.0028764004447529024,-0.001014527127655096,0.05657251022363964,0.33764293859830546,0.403309213457385,0.372691906605362
35M,OTC_HUMAN_Lo_2023,head,2,2,0.004200038717434018,-0.00027501634346388526,0.0002789443349989762,0.08096836115184583,0.33764293859830546,0.403309213457385,0.372691906605362
35M,OTC_HUMAN_Lo_2023,head,2,3,0.006519190530973551,0.0027186041821096185,0.005506492798156126,0.047638686079727974,0.33764293859830546,0.403309213457385,0.372691906605362
35M,OTC_HUMAN_Lo_2023,head,2,4,0.002216890001289107,0.002989112060926502,0.002824880924309159,0.03202133142111594,0.33764293859830546,0.403309213457385,0.372691906605362
35M,OTC_HUMAN_Lo_2023,head,2,5,0.01428013163927544,-0.005270395172282338,0.004600809648767357,0.09911842670357018,0.33764293859830546,0.403309213457385,0.372691906605362
35M,OTC_HUMAN_Lo_2023,head,2,6,-0.002432370248531268,0.0015689456971378357,-0.0006966014609048887,0.10299654121984515,0.33764293859830546,0.403309213457385,0.372691906605362
35M,OTC_HUMAN_Lo_2023,head,2,7,0.02416665755935693,0.0015283695153153198,0.010926922915822423,0.11406109495121136,0.33764293859830546,0.403309213457385,0.372691906605362
35M,OTC_HUMAN_Lo_2023,head,2,8,0.017388160290176535,0.0033768400205640425,0.009010762647272186,0.05469376476187455,0.33764293859830546,0.403309213457385,0.372691906605362
35M,OTC_HUMAN_Lo_2023,head,2,9,0.008655731965494295,-0.018349451113078674,-0.0037320828268829764,0.17430490386067776,0.33764293859830546,0.403309213457385,0.372691906605362
35M,OTC_HUMAN_Lo_2023,head,2,10,0.01785199065288451,-0.0048646333540569575,0.00428997149688104,0.16517264853444016,0.33764293859830546,0.403309213457385,0.372691906605362
35M,OTC_HUMAN_Lo_2023,head,2,11,0.018600693206861807,0.011667906506301451,0.0099949147112251,0.16733131152496003,0.33764293859830546,0.403309213457385,0.372691906605362
35M,OTC_HUMAN_Lo_2023,head,2,12,0.013699430633995424,-0.023565744709597547,-0.0065498762363283,0.19125984818266148,0.33764293859830546,0.403309213457385,0.372691906605362
35M,OTC_HUMAN_Lo_2023,head,2,13,-0.0012454027849087002,0.0020648768083021407,0.001303090232826487,0.04897388502171165,0.33764293859830546,0.403309213457385,0.372691906605362
35M,OTC_HUMAN_Lo_2023,head,2,14,0.014375089036365307,0.005022429616700075,0.008764724631283971,0.10457572680816316,0.33764293859830546,0.403309213457385,0.372691906605362
35M,OTC_HUMAN_Lo_2023,head,2,15,0.003129941896383437,-0.0008971844647426841,0.001894391472896939,0.05329018517544395,0.33764293859830546,0.403309213457385,0.372691906605362
35M,OTC_HUMAN_Lo_2023,head,2,16,-0.0039407319792271744,0.005982732586500006,4.252508918317632e-05,0.08794033056811283,0.33764293859830546,0.403309213457385,0.372691906605362
35M,OTC_HUMAN_Lo_2023,head,2,17,-0.00039078621110039125,0.01727192806245792,0.009765076729211397,0.07054589218214939,0.33764293859830546,0.403309213457385,0.372691906605362
35M,OTC_HUMAN_Lo_2023,head,2,18,0.005018133215438536,0.0039584319600203255,0.0057024119590355915,0.04015683944810901,0.33764293859830546,0.403309213457385,0.372691906605362
35M,OTC_HUMAN_Lo_2023,head,2,19,0.008663036380655131,0.0074434751321111325,0.007588197163883537,0.09940409921763237,0.33764293859830546,0.403309213457385,0.372691906605362
35M,OTC_HUMAN_Lo_2023,head,3,0,0.0018589736584120886,0.0030296882427490734,0.0029640999662778333,0.054187870862191186,0.33764293859830546,0.403309213457385,0.372691906605362
35M,OTC_HUMAN_Lo_2023,head,3,1,0.0027391556852830456,0.009594012768705362,0.005963131255813214,0.037469834089279175,0.33764293859830546,0.403309213457385,0.372691906605362
35M,OTC_HUMAN_Lo_2023,head,3,2,0.003549945768126783,0.00570320777838923,0.005572305436177649,0.06482037901878357,0.33764293859830546,0.403309213457385,0.372691906605362
35M,OTC_HUMAN_Lo_2023,head,3,3,0.006124752112292853,-0.005613038485450361,-0.00017415036522616667,0.09125349422295888,0.33764293859830546,0.403309213457385,0.372691906605362
35M,OTC_HUMAN_Lo_2023,head,3,4,0.004419171172256597,-0.00046888032328262774,0.0034976885853140183,0.06036906963900516,0.33764293859830546,0.403309213457385,0.372691906605362
35M,OTC_HUMAN_Lo_2023,head,3,5,0.00861190547452978,0.003331755374094525,0.006551394989513404,0.04489861611734357,0.33764293859830546,0.403309213457385,0.372691906605362
35M,OTC_HUMAN_Lo_2023,head,3,6,-0.009302172707221057,-0.0007799643839221382,-0.003984195855611661,0.0589525733600583,0.33764293859830546,0.403309213457385,0.372691906605362
35M,OTC_HUMAN_Lo_2023,head,3,7,-0.00045652594754713727,0.0015869795557256205,0.0014215529812652283,0.02187870469009667,0.33764293859830546,0.403309213457385,0.372691906605362
35M,OTC_HUMAN_Lo_2023,head,3,8,0.01245402784908678,-0.0070737810310615434,0.0014210467302036012,0.07941796931258419,0.33764293859830546,0.403309213457385,0.372691906605362
35M,OTC_HUMAN_Lo_2023,head,3,9,0.011362017782553913,0.0052974459601639046,0.0065144386620090144,0.08143472514654461,0.33764293859830546,0.403309213457385,0.372691906605362
35M,OTC_HUMAN_Lo_2023,head,3,10,0.0010956622741132294,-0.0010504722627389662,-5.5687616787314376e-06,0.05927467189337078,0.33764293859830546,0.403309213457385,0.372691906605362
35M,OTC_HUMAN_Lo_2023,head,3,11,0.015090921722119233,0.007267645010880175,0.01055685338971668,0.11441821696465476,0.33764293859830546,0.403309213457385,0.372691906605362
35M,OTC_HUMAN_Lo_2023,head,3,12,-0.007136413612057302,0.006429070586547847,-0.0005057448106424167,0.08026841988689021,0.33764293859830546,0.403309213457385,0.372691906605362
35M,OTC_HUMAN_Lo_2023,head,3,13,0.00758563514444377,-0.003850228808493672,0.0003518444878843896,0.03328389426072439,0.33764293859830546,0.403309213457385,0.372691906605362
35M,OTC_HUMAN_Lo_2023,head,3,14,-0.001928365602439197,0.00019386397981874248,-0.002436586359982118,0.0439113504008243,0.33764293859830546,0.403309213457385,0.372691906605362
35M,OTC_HUMAN_Lo_2023,head,3,15,0.010704620418086064,0.007718491475575018,0.008546024172627842,0.07007858340154614,0.33764293859830546,0.403309213457385,0.372691906605362
35M,OTC_HUMAN_Lo_2023,head,3,16,-0.009276607254158409,0.0008701336768608958,-0.0002632505520861472,0.05376833259013661,0.33764293859830546,0.403309213457385,0.372691906605362
35M,OTC_HUMAN_Lo_2023,head,3,17,0.0033636831815275214,0.0007889813132158641,0.001097552301774607,0.03037468017193309,0.33764293859830546,0.403309213457385,0.372691906605362
35M,OTC_HUMAN_Lo_2023,head,3,18,-0.0031445507267048867,-0.0009873537576817193,-0.001000352097927426,0.022362436641726578,0.33764293859830546,0.403309213457385,0.372691906605362
35M,OTC_HUMAN_Lo_2023,head,3,19,0.017935991427233178,0.02127995313359471,0.017202411076707058,0.12813616870788105,0.33764293859830546,0.403309213457385,0.372691906605362
35M,OTC_HUMAN_Lo_2023,head,4,0,-0.0008911386496120444,0.002709587252815726,0.00019845041618804515,0.020912193676881623,0.33764293859830546,0.403309213457385,0.372691906605362
35M,OTC_HUMAN_Lo_2023,head,4,1,-0.0243163980701524,-0.016275557375482586,-0.020998787788426454,0.1890880282510791,0.33764293859830546,0.403309213457385,0.372691906605362
35M,OTC_HUMAN_Lo_2023,head,4,2,0.002045236245011295,0.005270395172282172,0.004200365058959321,0.06684096131408424,0.33764293859830546,0.403309213457385,0.372691906605362
35M,OTC_HUMAN_Lo_2023,head,4,3,0.0005368745143154996,0.007970965495804117,0.002525686546842043,0.05270476691555558,0.33764293859830546,0.403309213457385,0.372691906605362
35M,OTC_HUMAN_Lo_2023,head,4,4,0.022818992962197693,0.01396271501159807,0.016925997997016606,0.14918551842371622,0.33764293859830546,0.403309213457385,0.372691906605362
35M,OTC_HUMAN_Lo_2023,head,4,5,-0.0022388032467712815,0.0029936205255733928,0.0004419571768677355,0.02254041349678709,0.33764293859830546,0.403309213457385,0.372691906605362
35M,OTC_HUMAN_Lo_2023,head,4,6,-0.0034440317482957727,-0.014431595334880754,-0.008402248871103746,0.13687612900608465,0.33764293859830546,0.403309213457385,0.372691906605362
35M,OTC_HUMAN_Lo_2023,head,4,7,0.0017055809400361999,-0.00021189783840663834,-0.00011289398676000983,0.027010558990010043,0.33764293859830546,0.403309213457385,0.372691906605362
35M,OTC_HUMAN_Lo_2023,head,4,8,0.0060042292621403925,0.010473163374860261,0.008005348038727766,0.16452379210999138,0.33764293859830546,0.403309213457385,0.372691906605362
35M,OTC_HUMAN_Lo_2023,head,4,9,0.007340937236558487,-0.04351570077234268,-0.017102679617551297,0.26118836381979155,0.33764293859830546,0.403309213457385,0.372691906605362
35M,OTC_HUMAN_Lo_2023,head,4,10,0.0017567118461615516,-0.0016996911718994423,-0.00015086281638782006,0.013139222274746811,0.33764293859830546,0.403309213457385,0.372691906605362
35M,OTC_HUMAN_Lo_2023,head,4,11,-0.04405292783451159,-0.012767971880156936,-0.030380632463927748,0.59786353482489,0.33764293859830546,0.403309213457385,0.372691906605362
35M,OTC_HUMAN_Lo_2023,head,4,12,0.011643237766242986,-0.010833840546616236,-0.0017445411586324844,0.07662790673866607,0.33764293859830546,0.403309213457385,0.372691906605362
35M,OTC_HUMAN_Lo_2023,head,4,13,-0.0005040046460920156,-0.000852099818273222,-0.0005143510786914107,0.04204236180113073,0.33764293859830546,0.403309213457385,0.372691906605362
35M,OTC_HUMAN_Lo_2023,head,4,14,0.004901262572866438,-0.0011902346667943542,0.0011243836080449543,0.051679688587523344,0.33764293859830546,0.403309213457385,0.372691906605362
35M,OTC_HUMAN_Lo_2023,head,4,15,0.00476247868481211,-0.002276774646708779,-0.0004146196195357055,0.03905436370456428,0.33764293859830546,0.403309213457385,0.372691906605362
35M,OTC_HUMAN_Lo_2023,head,4,16,-0.005741270316353186,0.006077410344085932,8.454392730461446e-05,0.06383685114090903,0.33764293859830546,0.403309213457385,0.372691906605362
35M,OTC_HUMAN_Lo_2023,head,4,17,0.005507529031209046,0.008602150546376808,0.00685413312441252,0.06744833029153054,0.33764293859830546,0.403309213457385,0.372691906605362
35M,OTC_HUMAN_Lo_2023,head,4,18,0.0011467931802385256,-0.0004373210707540043,0.0006748326652516456,0.023852702556994922,0.33764293859830546,0.403309213457385,0.372691906605362
35M,OTC_HUMAN_Lo_2023,head,4,19,0.00039809062626117164,-0.006925001697712263,-0.00295650620035226,0.05023319810106043,0.33764293859830546,0.403309213457385,0.372691906605362
35M,OTC_HUMAN_Lo_2023,head,5,0,0.00396264522470946,0.0008250490303914337,-0.0016964473077705766,0.34926581879456836,0.33764293859830546,0.403309213457385,0.372691906605362
35M,OTC_HUMAN_Lo_2023,head,5,1,0.003827513544235439,0.008218931051386213,0.006822745558586862,0.09902265877054449,0.33764293859830546,0.403309213457385,0.372691906605362
35M,OTC_HUMAN_Lo_2023,head,5,2,-0.0013695778426414673,-0.0008881675354488472,-0.004384640445419641,0.08076100757247523,0.33764293859830546,0.403309213457385,0.372691906605362
35M,OTC_HUMAN_Lo_2023,head,5,3,-0.005069264121563721,-0.0025833502427012878,-0.0031463503484913113,0.030000646647654082,0.33764293859830546,0.403309213457385,0.372691906605362
35M,OTC_HUMAN_Lo_2023,head,5,4,-0.0009495739708980655,0.012006041354822583,0.005463967708972894,0.13834384292886967,0.33764293859830546,0.403309213457385,0.372691906605362
35M,OTC_HUMAN_Lo_2023,head,5,5,0.008177292772464928,0.0032325691518617083,0.002937774911069224,0.06695223612743512,0.33764293859830546,0.403309213457385,0.372691906605362
35M,OTC_HUMAN_Lo_2023,head,5,6,0.03109489533933274,-0.0081287617584474,0.015317132122920796,0.2824243019547379,0.33764293859830546,0.403309213457385,0.372691906605362
35M,OTC_HUMAN_Lo_2023,head,5,7,-0.018418082827842963,-0.027997565457547446,-0.021965727316281436,0.24368587528404437,0.33764293859830546,0.403309213457385,0.372691906605362
35M,OTC_HUMAN_Lo_2023,head,5,8,0.0014097521260256762,-0.0006537273738075888,-0.003033456361731246,0.11649365984556968,0.33764293859830546,0.403309213457385,0.372691906605362
35M,OTC_HUMAN_Lo_2023,head,5,9,0.01720554991115769,-0.006041342626910418,0.004611440921063081,0.10003833185162461,0.33764293859830546,0.403309213457385,0.372691906605362
35M,OTC_HUMAN_Lo_2023,head,5,10,0.01136566999013433,-0.031112914528588553,-0.007960291694236066,0.11453208458005336,0.33764293859830546,0.403309213457385,0.372691906605362
35M,OTC_HUMAN_Lo_2023,head,5,11,-0.010364965113110913,-0.006690561536070949,-0.00723432767175225,0.10105618912922709,0.33764293859830546,0.403309213457385,0.372691906605362
35M,OTC_HUMAN_Lo_2023,head,5,12,-0.004758826477231692,-0.0006402019798666947,-0.0019045164941310366,0.12783799934805484,0.33764293859830546,0.403309213457385,0.372691906605362
35M,OTC_HUMAN_Lo_2023,head,5,13,0.00680041051466268,-0.002127995313359554,0.0029195498728478153,0.05436223666918905,0.33764293859830546,0.403309213457385,0.372691906605362
35M,OTC_HUMAN_Lo_2023,head,5,14,-0.00046383036270786215,0.0017402673537218472,0.0011193210974279055,0.026873309884155004,0.33764293859830546,0.403309213457385,0.372691906605362
35M,OTC_HUMAN_Lo_2023,head,5,15,0.017903121559009805,-0.00446788846512558,0.006398000917817115,0.11031888268495861,0.33764293859830546,0.403309213457385,0.372691906605362
35M,OTC_HUMAN_Lo_2023,head,5,16,0.004576216098212849,0.0037690764448484737,0.000459169712965668,0.09410552549780461,0.33764293859830546,0.403309213457385,0.372691906605362
35M,OTC_HUMAN_Lo_2023,head,5,17,0.005949446148434734,-0.0014607425456112377,0.0006955889587815234,0.03436713914076487,0.33764293859830546,0.403309213457385,0.372691906605362
35M,OTC_HUMAN_Lo_2023,head,5,18,0.0011906196712030415,-0.014990644951102361,-0.007627178495634712,0.0479854672101506,0.33764293859830546,0.403309213457385,0.372691906605362
35M,OTC_HUMAN_Lo_2023,head,5,19,0.005295700991547192,0.0019341313335405896,0.0058659310519660335,0.09090438119152136,0.33764293859830546,0.403309213457385,0.372691906605362
35M,OTC_HUMAN_Lo_2023,head,6,0,4.7478698544933806e-05,-0.004382227636833547,-0.0024816427044737077,0.024984492021694518,0.33764293859830546,0.403309213457385,0.372691906605362
35M,OTC_HUMAN_Lo_2023,head,6,1,0.01158480244495702,0.0027997565457546503,0.0059621187536897935,0.10582025218428227,0.33764293859830546,0.403309213457385,0.372691906605362
35M,OTC_HUMAN_Lo_2023,head,6,2,0.002691676986738112,-0.003318229980153853,-0.0008408830134905565,0.06866418504924104,0.33764293859830546,0.403309213457385,0.372691906605362
35M,OTC_HUMAN_Lo_2023,head,6,3,-0.0004017428338414786,-0.0025788417780543416,-0.0011132460846873804,0.018704738010439956,0.33764293859830546,0.403309213457385,0.372691906605362
35M,OTC_HUMAN_Lo_2023,head,6,4,-0.005043698668501073,-0.010157570849574027,-0.010595328470406173,0.06733167040766332,0.33764293859830546,0.403309213457385,0.372691906605362
35M,OTC_HUMAN_Lo_2023,head,6,5,0.01018235473409207,-0.00816032101097608,0.0011532399185620879,0.13781292919527022,0.33764293859830546,0.403309213457385,0.372691906605362
35M,OTC_HUMAN_Lo_2023,head,6,6,-0.031456463889790065,-0.010987128344612462,-0.024171463192126375,0.32463923985497994,0.33764293859830546,0.403309213457385,0.372691906605362
35M,OTC_HUMAN_Lo_2023,head,6,7,0.0028560263278551434,-0.014562340809642249,-0.0038788956347771686,0.11685760423802492,0.33764293859830546,0.403309213457385,0.372691906605362
35M,OTC_HUMAN_Lo_2023,head,6,8,-0.008042161091990907,-0.007709474546281236,-0.012257856957042568,0.20541536703444363,0.33764293859830546,0.403309213457385,0.372691906605362
35M,OTC_HUMAN_Lo_2023,head,6,9,0.005540398899432475,0.0027050787881687244,0.0042818714798937285,0.06833445110864807,0.33764293859830546,0.403309213457385,0.372691906605362
35M,OTC_HUMAN_Lo_2023,head,6,10,0.013714039464316985,0.00037420256569664634,0.005438655155887706,0.3074795049533509,0.33764293859830546,0.403309213457385,0.372691906605362
35M,OTC_HUMAN_Lo_2023,head,6,11,-0.002994810215909416,0.000712337414217723,-0.002014879225582522,0.019423200111640126,0.33764293859830546,0.403309213457385,0.372691906605362
35M,OTC_HUMAN_Lo_2023,head,6,12,-0.024469790788528234,0.02056310725473004,-0.002321667368975211,0.22765120262639565,0.33764293859830546,0.403309213457385,0.372691906605362
35M,OTC_HUMAN_Lo_2023,head,6,13,0.010690011587764503,-0.03366470551876116,-0.009906827026488485,0.19231598785049037,0.33764293859830546,0.403309213457385,0.372691906605362
35M,OTC_HUMAN_Lo_2023,head,6,14,0.00541257163411929,-0.03140145626599322,-0.011478230322018224,0.13787848593895896,0.33764293859830546,0.403309213457385,0.372691906605362
35M,OTC_HUMAN_Lo_2023,head,6,15,0.005145960480751666,-0.010378485617274502,-0.005879599830632021,0.16477859229372258,0.33764293859830546,0.403309213457385,0.372691906605362
35M,OTC_HUMAN_Lo_2023,head,6,16,2.191324548228568e-05,-0.00041027028287232703,-0.00308610647214852,0.04501003236101385,0.33764293859830546,0.403309213457385,0.372691906605362
35M,OTC_HUMAN_Lo_2023,head,6,17,-0.014988659909868585,-0.0018845382224243479,-0.012154581740454973,0.15412997336764084,0.33764293859830546,0.403309213457385,0.372691906605362
35M,OTC_HUMAN_Lo_2023,head,6,18,0.04853053432805421,-0.004147787475192288,0.019220327808659787,0.26755445568185104,0.33764293859830546,0.403309213457385,0.372691906605362
35M,OTC_HUMAN_Lo_2023,head,6,19,-0.019645224574849685,-0.0831541219483099,-0.048283188758971696,0.4761806391833121,0.33764293859830546,0.403309213457385,0.372691906605362
35M,OTC_HUMAN_Lo_2023,head,7,0,0.01318446936516221,-0.03361060394299775,-0.014476755360491922,0.23265334310238822,0.33764293859830546,0.403309213457385,0.372691906605362
35M,OTC_HUMAN_Lo_2023,head,7,1,-0.0004820914006097854,0.007745542263456695,0.0021768795653278605,0.08797314214079004,0.33764293859830546,0.403309213457385,0.372691906605362
35M,OTC_HUMAN_Lo_2023,head,7,2,-0.00011321843499167983,0.015968981779489966,0.007532003296034373,0.09712503955029604,0.33764293859830546,0.403309213457385,0.372691906605362
35M,OTC_HUMAN_Lo_2023,head,7,3,0.026613636638209814,-0.014620950850052605,0.004878235230581229,0.33128356724454644,0.33764293859830546,0.403309213457385,0.372691906605362
35M,OTC_HUMAN_Lo_2023,head,7,4,-0.011296278046107111,0.005748292424858692,-0.004978472940798617,0.06582251452563102,0.33764293859830546,0.403309213457385,0.372691906605362
35M,OTC_HUMAN_Lo_2023,head,7,5,0.027044597132694304,-0.00980140214246511,0.007345702905327267,0.14459286447156938,0.33764293859830546,0.403309213457385,0.372691906605362
35M,OTC_HUMAN_Lo_2023,head,7,6,0.04438893093190632,0.012145803758877971,0.027261619672768578,0.3657435921200535,0.33764293859830546,0.403309213457385,0.372691906605362
35M,OTC_HUMAN_Lo_2023,head,7,7,-0.0007048760630128381,0.002610401030582854,0.0005513074061958001,0.04383168853165811,0.33764293859830546,0.403309213457385,0.372691906605362
35M,OTC_HUMAN_Lo_2023,head,7,8,0.007625809427827923,-0.01121706004160683,-0.0009051768983270314,0.21743746990697427,0.33764293859830546,0.403309213457385,0.372691906605362
35M,OTC_HUMAN_Lo_2023,head,7,9,-0.00014608830321505284,-0.0867744190598092,-0.04497331931755,0.36177392774506617,0.33764293859830546,0.403309213457385,0.372691906605362
35M,OTC_HUMAN_Lo_2023,head,7,10,-0.06251483715331907,-0.05673001065254746,-0.057456964248112585,0.3667821434506199,0.33764293859830546,0.403309213457385,0.372691906605362
35M,OTC_HUMAN_Lo_2023,head,7,11,0.01218011228055843,-0.004891684141938635,0.002771724562830258,0.08956839850074366,0.33764293859830546,0.403309213457385,0.372691906605362
35M,OTC_HUMAN_Lo_2023,head,7,12,-0.014415263319749405,-0.04001262374166398,-0.026927493972043803,0.19039504439161534,0.33764293859830546,0.403309213457385,0.372691906605362
35M,OTC_HUMAN_Lo_2023,head,7,13,0.02038662271366637,-0.06996686285598691,-0.026625768339268108,0.5306613832189325,0.33764293859830546,0.403309213457385,0.372691906605362
35M,OTC_HUMAN_Lo_2023,head,7,14,-0.016223106072036142,-0.011726516546711974,-0.01643999697778059,0.13196643742552974,0.33764293859830546,0.403309213457385,0.372691906605362
35M,OTC_HUMAN_Lo_2023,head,7,15,-0.005671878372326022,-0.010725637395089471,-0.005538386615043411,0.0766738051908058,0.33764293859830546,0.403309213457385,0.372691906605362
35M,OTC_HUMAN_Lo_2023,head,7,16,0.027070162585756896,0.01949460113340329,0.024638226671017616,0.16763400142652946,0.33764293859830546,0.403309213457385,0.372691906605362
35M,OTC_HUMAN_Lo_2023,head,7,17,0.0035755112211894313,-0.037560018973724296,-0.014546618007007073,0.3298785963602233,0.33764293859830546,0.403309213457385,0.372691906605362
35M,OTC_HUMAN_Lo_2023,head,7,18,0.004612738174016584,0.0018033858587791496,0.005373348768927921,0.055982774025515505,0.33764293859830546,0.403309213457385,0.372691906605362
35M,OTC_HUMAN_Lo_2023,head,7,19,0.015865189729159235,0.005162192020755463,0.01658073477293437,0.2589821744906275,0.33764293859830546,0.403309213457385,0.372691906605362
35M,OTC_HUMAN_Lo_2023,head,8,0,-0.0016434934111698163,0.009864520647522246,0.0006302825718216831,0.0812336384204396,0.33764293859830546,0.403309213457385,0.372691906605362
35M,OTC_HUMAN_Lo_2023,head,8,1,0.0014097521260256762,0.017763350708975223,0.009637501461661924,0.11679805187802565,0.33764293859830546,0.403309213457385,0.372691906605362
35M,OTC_HUMAN_Lo_2023,head,8,2,0.010934709495649841,-0.005540903051099222,0.0006854639375474259,0.18038587272167206,0.33764293859830546,0.403309213457385,0.372691906605362
35M,OTC_HUMAN_Lo_2023,head,8,3,0.030587238485660306,-0.045923220893812955,-0.0061818317144693435,0.32042722247148814,0.33764293859830546,0.403309213457385,0.372691906605362
35M,OTC_HUMAN_Lo_2023,head,8,4,-0.009499391916561462,-0.006586866849191186,-0.00995087086885682,0.06918643571828541,0.33764293859830546,0.403309213457385,0.372691906605362
35M,OTC_HUMAN_Lo_2023,head,8,5,-0.07128378755380504,0.00125335317185149,-0.03730057822636185,0.39315376469963476,0.33764293859830546,0.403309213457385,0.372691906605362
35M,OTC_HUMAN_Lo_2023,head,8,6,-0.006877106873850569,-0.002470638626527577,-0.0050351730597094635,0.2639389210625699,0.33764293859830546,0.403309213457385,0.372691906605362
35M,OTC_HUMAN_Lo_2023,head,8,7,0.03277125861872593,0.00616307117237791,0.015924127145904077,0.18346758866519258,0.33764293859830546,0.403309213457385,0.372691906605362
35M,OTC_HUMAN_Lo_2023,head,8,8,-0.0125124631703728,0.006316358970374136,-0.004908104043221728,0.29830749986464516,0.33764293859830546,0.403309213457385,0.372691906605362
35M,OTC_HUMAN_Lo_2023,head,8,9,0.05985237782722397,0.012447870890223534,0.03660448301651864,0.301862070173548,0.33764293859830546,0.403309213457385,0.372691906605362
35M,OTC_HUMAN_Lo_2023,head,8,10,0.01925443836374935,0.015279186688506863,0.015600126466413455,0.17599586436623021,0.33764293859830546,0.403309213457385,0.372691906605362
35M,OTC_HUMAN_Lo_2023,head,8,11,-0.002056192867752382,0.012506480930633834,0.005062004365979866,0.1368112498730944,0.33764293859830546,0.403309213457385,0.372691906605362
35M,OTC_HUMAN_Lo_2023,head,8,12,0.0015375793913388613,-0.00037420256569675736,-0.000708751486385828,0.030902247679860967,0.33764293859830546,0.403309213457385,0.372691906605362
35M,OTC_HUMAN_Lo_2023,head,8,13,-0.014112130090578046,-0.00310633214174727,-0.007328996620290962,0.19591583938975082,0.33764293859830546,0.403309213457385,0.372691906605362
35M,OTC_HUMAN_Lo_2023,head,8,14,0.010186006941672432,0.002790739616460758,0.004650928503876106,0.0993899512186385,0.33764293859830546,0.403309213457385,0.372691906605362
35M,OTC_HUMAN_Lo_2023,head,8,15,0.010554879907290537,-0.031126439922529447,-0.007201421352741544,0.33913725980541165,0.33764293859830546,0.403309213457385,0.372691906605362
35M,OTC_HUMAN_Lo_2023,head,8,16,0.015985712579311695,-0.015684948506732355,-0.0007355827926561198,0.3145822840824462,0.33764293859830546,0.403309213457385,0.372691906605362
35M,OTC_HUMAN_Lo_2023,head,8,17,0.0632051043860104,0.00873740448578525,0.03482602303675203,0.3039307403459884,0.33764293859830546,0.403309213457385,0.372691906605362
35M,OTC_HUMAN_Lo_2023,head,8,18,0.013761518162861863,-0.0048420910308223375,0.00411987114014839,0.1540877068774742,0.33764293859830546,0.403309213457385,0.372691906605362
35M,OTC_HUMAN_Lo_2023,head,8,19,0.004967002309313184,-0.008611167475670811,-0.0033554320369751367,0.13388801248450027,0.33764293859830546,0.403309213457385,0.372691906605362
35M,OTC_HUMAN_Lo_2023,head,9,0,-0.04274178531315609,-0.022826356507498036,-0.03365303932678343,0.3759855693369581,0.33764293859830546,0.403309213457385,0.372691906605362
35M,OTC_HUMAN_Lo_2023,head,9,1,0.0031701161797675903,-0.004260499091365999,0.0012423401054219574,0.1577490887098145,0.33764293859830546,0.403309213457385,0.372691906605362
35M,OTC_HUMAN_Lo_2023,head,9,2,-0.016606587867975753,0.0199229052748634,-0.0010059208596061575,0.2775477712091647,0.33764293859830546,0.403309213457385,0.372691906605362
35M,OTC_HUMAN_Lo_2023,head,9,3,-0.013407254027565263,0.006609409172425806,-0.0016691097504385466,0.1327873546826212,0.33764293859830546,0.403309213457385,0.372691906605362
35M,OTC_HUMAN_Lo_2023,head,9,4,0.04245326091430629,-0.007858253879630517,0.014094029557843557,0.16241208189412168,0.33764293859830546,0.403309213457385,0.372691906605362
35M,OTC_HUMAN_Lo_2023,head,9,5,-0.016113539844624825,0.003971957353961164,-0.010117427468157414,0.1543254956864474,0.33764293859830546,0.403309213457385,0.372691906605362
35M,OTC_HUMAN_Lo_2023,head,9,6,0.004032037168736624,-0.008358693455441768,-0.0043522403774706175,0.11361672036480486,0.33764293859830546,0.403309213457385,0.372691906605362
35M,OTC_HUMAN_Lo_2023,head,9,7,-0.06118178138648134,0.00982394446569973,-0.025670472585832382,0.21571103130516253,0.33764293859830546,0.403309213457385,0.372691906605362
35M,OTC_HUMAN_Lo_2023,head,9,8,0.024214136257901864,-0.005567953838980899,0.006922477017742568,0.1610686585568545,0.33764293859830546,0.403309213457385,0.372691906605362
35M,OTC_HUMAN_Lo_2023,head,9,9,-0.0013147947289358086,0.0035842293943236236,-0.0010393334296786017,0.057381131147083486,0.33764293859830546,0.403309213457385,0.372691906605362
35M,OTC_HUMAN_Lo_2023,head,9,10,0.002118280396618877,-0.001122607697090161,0.0012524651266561104,0.11381842195987701,0.33764293859830546,0.403309213457385,0.372691906605362
35M,OTC_HUMAN_Lo_2023,head,9,11,0.011248799347562288,-0.022407069295331872,-0.009807095567332835,0.2178117465554622,0.33764293859830546,0.403309213457385,0.372691906605362
35M,OTC_HUMAN_Lo_2023,head,9,12,0.005138656065590996,0.0005049480404580864,0.0032227942588086145,0.179146363024126,0.33764293859830546,0.403309213457385,0.372691906605362
35M,OTC_HUMAN_Lo_2023,head,9,13,-0.007808419806846767,-0.0028583665861651175,-0.0060051500939346525,0.08561659199103974,0.33764293859830546,0.403309213457385,0.372691906605362
35M,OTC_HUMAN_Lo_2023,head,9,14,0.007512590992836243,0.0023894862628823788,0.006869320656263667,0.12832126884084,0.33764293859830546,0.403309213457385,0.372691906605362
35M,OTC_HUMAN_Lo_2023,head,9,15,0.004700391155945671,-0.003787110303436425,0.000820632971022417,0.06013183687862597,0.33764293859830546,0.403309213457385,0.372691906605362
35M,OTC_HUMAN_Lo_2023,head,9,16,0.02366995732842564,0.011347805516368159,0.016739191355247762,0.19188359510480313,0.33764293859830546,0.403309213457385,0.372691906605362
35M,OTC_HUMAN_Lo_2023,head,9,17,0.0060407513379441835,-0.003201009899333196,-0.00037310703247595,0.08469477975577638,0.33764293859830546,0.403309213457385,0.372691906605362
35M,OTC_HUMAN_Lo_2023,head,9,18,0.01359351661416447,0.001970199050716215,0.0062765006630080555,0.09738178969475261,0.33764293859830546,0.403309213457385,0.372691906605362
35M,OTC_HUMAN_Lo_2023,head,9,19,0.002881591780917736,-0.030819864326536994,-0.012650707780924975,0.18389859560288882,0.33764293859830546,0.403309213457385,0.372691906605362
35M,OTC_HUMAN_Lo_2023,head,10,0,0.02505779620896903,0.0050810396571103755,0.015160194293792562,0.1319394650166495,0.33764293859830546,0.403309213457385,0.372691906605362
35M,OTC_HUMAN_Lo_2023,head,10,1,-0.00024835011546564534,-0.001821419717367101,-0.0012129775438430856,0.10313897462267625,0.33764293859830546,0.403309213457385,0.372691906605362
35M,OTC_HUMAN_Lo_2023,head,10,2,0.0023812393424060274,-0.002786231151813978,-0.0007932954136904424,0.05753379223639505,0.33764293859830546,0.403309213457385,0.372691906605362
35M,OTC_HUMAN_Lo_2023,head,10,3,-0.010240790055378035,-0.027524176669617928,-0.016221296519124406,0.31263963564446096,0.33764293859830546,0.403309213457385,0.372691906605362
35M,OTC_HUMAN_Lo_2023,head,10,4,-0.016931634342629343,-0.035531209882597614,-0.026099773486157496,0.3784693035117367,0.33764293859830546,0.403309213457385,0.372691906605362
35M,OTC_HUMAN_Lo_2023,head,10,5,0.02056923309268527,0.0023218592931781856,0.004884310243321699,0.3099347360824284,0.33764293859830546,0.403309213457385,0.372691906605362
35M,OTC_HUMAN_Lo_2023,head,10,6,-0.02551432215651611,-0.05075629499534129,-0.040570960084970686,0.32296736538410187,0.33764293859830546,0.403309213457385,0.372691906605362
35M,OTC_HUMAN_Lo_2023,head,10,7,0.013801692446246017,0.004887175677291633,0.006554432495883666,0.14520331772795894,0.33764293859830546,0.403309213457385,0.372691906605362
35M,OTC_HUMAN_Lo_2023,head,10,8,0.022552381808830124,0.025756858528014237,0.022792435300044322,0.19134351506567837,0.33764293859830546,0.403309213457385,0.372691906605362
35M,OTC_HUMAN_Lo_2023,head,10,9,0.04141238175389883,0.00043281260610694705,0.022623347445435094,0.22251634195185543,0.33764293859830546,0.403309213457385,0.372691906605362
35M,OTC_HUMAN_Lo_2023,head,10,10,0.019353047968419634,-0.03919208317591949,-0.009716476627287751,0.1863590353413632,0.33764293859830546,0.403309213457385,0.372691906605362
35M,OTC_HUMAN_Lo_2023,head,10,11,-0.03833357076364058,-0.04064380879223678,-0.03894336292159184,0.30773068154067323,0.33764293859830546,0.403309213457385,0.372691906605362
35M,OTC_HUMAN_Lo_2023,head,10,12,-0.002826808667212022,-0.002709587252815837,-0.003390869611294367,0.1297746230112879,0.33764293859830546,0.403309213457385,0.372691906605362
35M,OTC_HUMAN_Lo_2023,head,10,13,-0.0016982765248754195,0.0009467775758589814,-0.0010418646849870705,0.07059548795223236,0.33764293859830546,0.403309213457385,0.372691906605362
35M,OTC_HUMAN_Lo_2023,head,10,14,0.007943551487320732,-0.01715470798163743,-0.006031475149143262,0.2933655687068638,0.33764293859830546,0.403309213457385,0.372691906605362
35M,OTC_HUMAN_Lo_2023,head,10,15,-0.0012125329166852716,-0.024850657133977716,-0.014661536998013924,0.12189407071523499,0.33764293859830546,0.403309213457385,0.372691906605362
35M,OTC_HUMAN_Lo_2023,head,10,16,0.03647824931280902,0.014372985294470286,0.023215661187629022,0.16340116372233943,0.33764293859830546,0.403309213457385,0.372691906605362
35M,OTC_HUMAN_Lo_2023,head,10,17,-0.00030313322917130403,0.006356935152196652,0.0033053131818664427,0.09699911375840505,0.33764293859830546,0.403309213457385,0.372691906605362
35M,OTC_HUMAN_Lo_2023,head,10,18,0.008955212987085293,-0.020527039537554526,-0.008612343061710992,0.25932862805692775,0.33764293859830546,0.403309213457385,0.372691906605362
35M,OTC_HUMAN_Lo_2023,head,10,19,0.0018443648280905833,-0.006370460546137657,-0.0016939160524620522,0.09636520163009041,0.33764293859830546,0.403309213457385,0.372691906605362
35M,OTC_HUMAN_Lo_2023,head,11,0,-0.010441661472298802,0.004535515434829718,-0.0052174234419229415,0.14611936242956863,0.33764293859830546,0.403309213457385,0.372691906605362
35M,OTC_HUMAN_Lo_2023,head,11,1,0.005237265670261115,0.013904104971187714,0.011144104621293505,0.14037071116137922,0.33764293859830546,0.403309213457385,0.372691906605362
35M,OTC_HUMAN_Lo_2023,head,11,2,-0.007972769147963743,-0.01210071911240862,-0.007361396688240096,0.17751572477190117,0.33764293859830546,0.403309213457385,0.372691906605362
35M,OTC_HUMAN_Lo_2023,head,11,3,-0.025755367856821032,0.011410924021425461,-0.006404075930557529,0.2517636345143904,0.33764293859830546,0.403309213457385,0.372691906605362
35M,OTC_HUMAN_Lo_2023,head,11,4,0.00042365607932376426,-0.0009287437172713631,-0.0016853097844130582,0.05101194664051658,0.33764293859830546,0.403309213457385,0.372691906605362
35M,OTC_HUMAN_Lo_2023,head,11,5,0.01793964363481354,-0.023281711436839825,-0.005830493477646692,0.3270723686406487,0.33764293859830546,0.403309213457385,0.372691906605362
35M,OTC_HUMAN_Lo_2023,head,11,6,-0.000613570873503333,0.006573341455250181,0.004496521930056285,0.06617857777235801,0.33764293859830546,0.403309213457385,0.372691906605362
35M,OTC_HUMAN_Lo_2023,head,11,7,0.009229128555613586,-0.005247852849047607,-0.00018073162902837447,0.08436092682052077,0.33764293859830546,0.403309213457385,0.372691906605362
35M,OTC_HUMAN_Lo_2023,head,11,8,0.01885269552990787,0.008809539920136444,0.012237606914574484,0.17624656333212266,0.33764293859830546,0.403309213457385,0.372691906605362
35M,OTC_HUMAN_Lo_2023,head,11,9,0.003560902390867926,0.008205405657445375,0.005539905368228515,0.046025938370771576,0.33764293859830546,0.403309213457385,0.372691906605362
35M,OTC_HUMAN_Lo_2023,head,11,10,0.02281534075461733,0.019179008608116943,0.019746828912832137,0.19160041605171405,0.33764293859830546,0.403309213457385,0.372691906605362
35M,OTC_HUMAN_Lo_2023,head,11,11,0.006431537549044519,0.0037059579397912823,0.004145689944295372,0.0422148968566928,0.33764293859830546,0.403309213457385,0.372691906605362
35M,OTC_HUMAN_Lo_2023,head,11,12,-0.0008180944980045179,4.0576181822460367e-05,-0.0005467511466404895,0.05739941121193401,0.33764293859830546,0.403309213457385,0.372691906605362
35M,OTC_HUMAN_Lo_2023,head,11,13,-0.008549817945663396,0.01965239739604646,0.002043735536099711,0.24184550815506986,0.33764293859830546,0.403309213457385,0.372691906605362
35M,OTC_HUMAN_Lo_2023,head,11,14,0.024681618828190144,0.0006717612323952071,0.011021591864361135,0.15884575509188467,0.33764293859830546,0.403309213457385,0.372691906605362
35M,OTC_HUMAN_Lo_2023,head,11,15,0.019301917062294283,-0.008002524748332851,0.006389394649768121,0.14117435849549478,0.33764293859830546,0.403309213457385,0.372691906605362
35M,OTC_HUMAN_Lo_2023,head,11,16,-0.0064132765111426515,0.01851175584036857,0.006638976423188281,0.19537675772842608,0.33764293859830546,0.403309213457385,0.372691906605362
35M,OTC_HUMAN_Lo_2023,head,11,17,0.004795348553035483,-0.004999887293465455,-0.002535305317014347,0.13835818229014413,0.33764293859830546,0.403309213457385,0.372691906605362
35M,OTC_HUMAN_Lo_2023,head,11,18,0.017954252465135045,-0.0031108406063942162,0.007170540037977624,0.3747025892922753,0.33764293859830546,0.403309213457385,0.372691906605362
35M,OTC_HUMAN_Lo_2023,head,11,19,-0.004609085966436222,0.0001532877979962266,-0.0036470326485166793,0.19096336866679944,0.33764293859830546,0.403309213457385,0.372691906605362
35M,OTC_HUMAN_Lo_2023,attn_layer,0,-1,0.042537261688655015,0.02093280135577974,0.027672695534872338,0.2632502918703514,0.33764293859830546,0.403309213457385,0.372691906605362
35M,OTC_HUMAN_Lo_2023,mlp,0,-1,-0.3409737519116096,-0.2959671786781989,-0.3142801528548753,2.637077964450184,0.33764293859830546,0.403309213457385,0.372691906605362
35M,OTC_HUMAN_Lo_2023,attn_layer,1,-1,-0.36913957677147974,-0.436721444955917,-0.40301786395462574,2.0593283270534717,0.33764293859830546,0.403309213457385,0.372691906605362
35M,OTC_HUMAN_Lo_2023,mlp,1,-1,0.024984752057361448,0.010725637395089305,0.018072656651776486,0.34247209366999176,0.33764293859830546,0.403309213457385,0.372691906605362
35M,OTC_HUMAN_Lo_2023,attn_layer,2,-1,0.04233639027173425,-0.10780189817317493,-0.03429192816665405,1.1359494082760393,0.33764293859830546,0.403309213457385,0.372691906605362
35M,OTC_HUMAN_Lo_2023,mlp,2,-1,0.00803120446924982,-0.026784788467518472,-0.01101450434949719,0.3828076027464448,0.33764293859830546,0.403309213457385,0.372691906605362
35M,OTC_HUMAN_Lo_2023,attn_layer,3,-1,0.019064523569569725,-0.02771804064943667,-0.003691582741946642,0.5390761217527222,0.33764293859830546,0.403309213457385,0.372691906605362
35M,OTC_HUMAN_Lo_2023,mlp,3,-1,-0.007103543743833929,-0.2720317398675517,-0.14170119092417702,1.5826200257267868,0.33764293859830546,0.403309213457385,0.372691906605362
35M,OTC_HUMAN_Lo_2023,attn_layer,4,-1,-0.03927218811179761,-0.1912084941417139,-0.11779955954793891,1.4266993931510992,0.33764293859830546,0.403309213457385,0.372691906605362
35M,OTC_HUMAN_Lo_2023,mlp,4,-1,0.0032541169541162596,-0.189030905717238,-0.09466489853018262,1.390583049832729,0.33764293859830546,0.403309213457385,0.372691906605362
35M,OTC_HUMAN_Lo_2023,attn_layer,5,-1,-0.002297238568057358,-0.14154324759093417,-0.07424222444997547,0.8286263686523103,0.33764293859830546,0.403309213457385,0.372691906605362
35M,OTC_HUMAN_Lo_2023,mlp,5,-1,0.05918767604759534,-0.12977615486239974,-0.03726514065204256,1.2563580175240834,0.33764293859830546,0.403309213457385,0.372691906605362
35M,OTC_HUMAN_Lo_2023,attn_layer,6,-1,0.051145514955604376,-0.16995559179600078,-0.06377295249393361,1.1167906504451184,0.33764293859830546,0.403309213457385,0.372691906605362
35M,OTC_HUMAN_Lo_2023,mlp,6,-1,0.07449407801695679,-0.10049818544511907,-0.0225615848159072,1.1149959229586417,0.33764293859830546,0.403309213457385,0.372691906605362
35M,OTC_HUMAN_Lo_2023,attn_layer,7,-1,-0.0018516692432512527,-0.21143797501256983,-0.10419304976251642,1.6071829764466536,0.33764293859830546,0.403309213457385,0.372691906605362
35M,OTC_HUMAN_Lo_2023,mlp,7,-1,0.06792375657985794,-0.2049728367088463,-0.0789037842261473,1.4186697665013766,0.33764293859830546,0.403309213457385,0.372691906605362
35M,OTC_HUMAN_Lo_2023,attn_layer,8,-1,-0.016960852003272353,-0.2220869685086611,-0.11989138893490048,1.5214721434994747,0.33764293859830546,0.403309213457385,0.372691906605362
35M,OTC_HUMAN_Lo_2023,mlp,8,-1,0.0541147597184512,-0.19568539953613334,-0.06890836326386057,1.2072897752126057,0.33764293859830546,0.403309213457385,0.372691906605362
35M,OTC_HUMAN_Lo_2023,attn_layer,9,-1,-0.08362459696790009,-0.08414598417063857,-0.0835881253000958,1.12372250044555,0.33764293859830546,0.403309213457385,0.372691906605362
35M,OTC_HUMAN_Lo_2023,mlp,9,-1,0.0977915101721839,-0.12735510934698863,-0.017871674980279917,1.3326607895524878,0.33764293859830546,0.403309213457385,0.372691906605362
35M,OTC_HUMAN_Lo_2023,attn_layer,10,-1,-0.12196912435428192,-0.15612362225916418,-0.138063270794771,1.2647835309045357,0.33764293859830546,0.403309213457385,0.372691906605362
35M,OTC_HUMAN_Lo_2023,mlp,10,-1,0.027333121531544047,-0.05520614960187897,-0.018142519298291693,0.9772529774590543,0.33764293859830546,0.403309213457385,0.372691906605362
35M,OTC_HUMAN_Lo_2023,attn_layer,11,-1,0.006194144056320017,-0.020905750567898174,-0.006365094598806242,1.0423483859028733,0.33764293859830546,0.403309213457385,0.372691906605362
35M,OTC_HUMAN_Lo_2023,mlp,11,-1,0.08057500363828513,-0.10347828057675174,-0.009915433294537479,0.8077382570818851,0.33764293859830546,0.403309213457385,0.372691906605362
35M,HEM3_HUMAN_Loggerenberg_2023,head,0,0,-0.0005854203360778354,5.259296501097799e-05,-0.000484365774670259,0.015275382364782906,0.380590519954759,0.39768379733879355,0.39765804102658203
35M,HEM3_HUMAN_Loggerenberg_2023,head,0,1,0.003738572870239598,-0.005679135395981083,-0.00018223156242258565,0.15458630876592896,0.380590519954759,0.39768379733879355,0.39765804102658203
35M,HEM3_HUMAN_Loggerenberg_2023,head,0,2,-0.00019805137302159048,-0.0006670823820101868,-0.00039777944847879665,0.01386333344911138,0.380590519954759,0.39768379733879355,0.39765804102658203
35M,HEM3_HUMAN_Loggerenberg_2023,head,0,3,-0.00028770108662007354,0.0003854555371127222,9.04687162084361e-05,0.006021490414074674,0.380590519954759,0.39768379733879355,0.39765804102658203
35M,HEM3_HUMAN_Loggerenberg_2023,head,0,4,-0.0007485365771525698,0.0008753052821934837,-3.292507502733466e-05,0.017265535112637193,0.380590519954759,0.39768379733879355,0.39765804102658203
35M,HEM3_HUMAN_Loggerenberg_2023,head,0,5,-0.0008196912208969787,0.000549115795974886,-0.0001613750020990068,0.007075740653753604,0.380590519954759,0.39768379733879355,0.39765804102658203
35M,HEM3_HUMAN_Loggerenberg_2023,head,0,6,0.00029771924945770634,0.0004818194213909721,0.00016829709282684124,0.00837962533596251,0.380590519954759,0.39768379733879355,0.39765804102658203
35M,HEM3_HUMAN_Loggerenberg_2023,head,0,7,0.002840277602462582,-0.00027303100545478243,0.0009378530054849343,0.04409753499878634,0.380590519954759,0.39768379733879355,0.39765804102658203
35M,HEM3_HUMAN_Loggerenberg_2023,head,0,8,-0.0008564244846351321,8.267840306031005e-05,-0.00042543771534359065,0.023521647686227207,0.380590519954759,0.39768379733879355,0.39765804102658203
35M,HEM3_HUMAN_Loggerenberg_2023,head,0,9,-0.0003167280712522702,0.00039020586943627755,-6.314150585684519e-05,0.008496426339065366,0.380590519954759,0.39768379733879355,0.39765804102658203
35M,HEM3_HUMAN_Loggerenberg_2023,head,0,10,-0.0002584172260176598,-0.0006725113332371468,-0.00031814530906171257,0.022548217867252137,0.380590519954759,0.39768379733879355,0.39765804102658203
35M,HEM3_HUMAN_Loggerenberg_2023,head,0,11,-0.00046725738978742326,-0.0001299555199948954,-0.0002479914243372905,0.008406133874947536,0.380590519954759,0.39768379733879355,0.39765804102658203
35M,HEM3_HUMAN_Loggerenberg_2023,head,0,12,0.0009262947485285111,0.0009335534047325011,0.0008336905880539924,0.026343354133932045,0.380590519954759,0.39768379733879355,0.39765804102658203
35M,HEM3_HUMAN_Loggerenberg_2023,head,0,13,-0.00035140632722879817,0.0004973145530178247,7.177907124317207e-05,0.011260644066446996,0.380590519954759,0.39768379733879355,0.39765804102658203
35M,HEM3_HUMAN_Loggerenberg_2023,head,0,14,3.570575985728519e-05,-0.0014936402063117638,-0.0007934220776459333,0.042339335384006575,0.380590519954759,0.39768379733879355,0.39765804102658203
35M,HEM3_HUMAN_Loggerenberg_2023,head,0,15,-0.0003675895133511964,-0.0002035856710102535,-0.0005131977873542026,0.01626119652467311,0.380590519954759,0.39768379733879355,0.39765804102658203
35M,HEM3_HUMAN_Loggerenberg_2023,head,0,16,-0.0003300856217025583,7.453497621984218e-05,-0.00022550967749501716,0.014842511517383673,0.380590519954759,0.39768379733879355,0.39765804102658203
35M,HEM3_HUMAN_Loggerenberg_2023,head,0,17,-0.00039404773828144446,-0.00010145352605345215,-0.00034791029919156724,0.006581707595970123,0.380590519954759,0.39768379733879355,0.39765804102658203
35M,HEM3_HUMAN_Loggerenberg_2023,head,0,18,-0.0005561364754754772,-0.0001612850927003584,-0.00023547146893382331,0.00704845482814587,0.380590519954759,0.39768379733879355,0.39765804102658203
35M,HEM3_HUMAN_Loggerenberg_2023,head,0,19,-0.0004932018627772927,0.0001932932843092261,-0.00022776688099318543,0.017031999828048767,0.380590519954759,0.39768379733879355,0.39765804102658203
35M,HEM3_HUMAN_Loggerenberg_2023,head,1,0,-0.00121528021499967,-0.0017958518246113941,-0.0018016396401818735,0.0730993040057665,0.380590519954759,0.39768379733879355,0.39765804102658203
35M,HEM3_HUMAN_Loggerenberg_2023,head,1,1,0.000283077319156555,-0.005154110571075787,-0.002767361584858019,0.09928223882957261,0.380590519954759,0.39768379733879355,0.39765804102658203
35M,HEM3_HUMAN_Loggerenberg_2023,head,1,2,0.0028377088427606334,-0.002035178091199019,0.0004249862746438793,0.0698185376266935,0.380590519954759,0.39768379733879355,0.39765804102658203
35M,HEM3_HUMAN_Loggerenberg_2023,head,1,3,-0.0032255915577573124,-0.001731496131942123,-0.002723812605365805,0.0745322551462026,0.380590519954759,0.39768379733879355,0.39765804102658203
35M,HEM3_HUMAN_Loggerenberg_2023,head,1,4,-4.623767463518558e-06,5.304537761319228e-05,-0.00022824841773955162,0.013908387362714377,0.380590519954759,0.39768379733879355,0.39765804102658203
35M,HEM3_HUMAN_Loggerenberg_2023,head,1,5,-0.004732939750870302,-0.009279887297248823,-0.007846189840027995,0.2068351080977286,0.380590519954759,0.39768379733879355,0.39765804102658203
35M,HEM3_HUMAN_Loggerenberg_2023,head,1,6,-0.0010490814622824973,0.0007948889421444116,-0.0008768483189398601,0.1430285475956051,0.380590519954759,0.39768379733879355,0.39765804102658203
35M,HEM3_HUMAN_Loggerenberg_2023,head,1,7,-0.006928715544109898,-0.005691350536241702,-0.006793520416600585,0.19474001695860677,0.380590519954759,0.39768379733879355,0.39765804102658203
35M,HEM3_HUMAN_Loggerenberg_2023,head,1,8,0.0019129553500532581,-0.000518917254775042,0.0012280691832620705,0.050598858331242925,0.380590519954759,0.39768379733879355,0.39765804102658203
35M,HEM3_HUMAN_Loggerenberg_2023,head,1,9,-0.0007595822438710709,-0.003669292410507785,-0.0010710581079263481,0.18498881094491304,0.380590519954759,0.39768379733879355,0.39765804102658203
35M,HEM3_HUMAN_Loggerenberg_2023,head,1,10,-0.0007539309725266841,0.0005962798097589039,-4.333830716574116e-05,0.014921307725531114,0.380590519954759,0.39768379733879355,0.39765804102658203
35M,HEM3_HUMAN_Loggerenberg_2023,head,1,11,0.0026928307955698116,0.00033512463511292667,0.0012522664047629473,0.040818886646907394,0.380590519954759,0.39768379733879355,0.39765804102658203
35M,HEM3_HUMAN_Loggerenberg_2023,head,1,12,0.0006786663132590798,-0.0024666666105901403,-0.0011796446442137731,0.09910393335440751,0.380590519954759,0.39768379733879355,0.39765804102658203
35M,HEM3_HUMAN_Loggerenberg_2023,head,1,13,-0.0005992916384684466,-0.0014791630030399072,-0.0014592068214792642,0.05978675807347291,0.380590519954759,0.39768379733879355,0.39765804102658203
35M,HEM3_HUMAN_Loggerenberg_2023,head,1,14,0.00017698754346534562,-0.0009576443758019804,-0.0007905629532147795,0.05015872170190798,0.380590519954759,0.39768379733879355,0.39765804102658203
35M,HEM3_HUMAN_Loggerenberg_2023,head,1,15,0.0001921432257069866,7.611842032773097e-05,0.00024248384780151122,0.01744584086145119,0.380590519954759,0.39768379733879355,0.39765804102658203
35M,HEM3_HUMAN_Loggerenberg_2023,head,1,16,-0.008674701513535443,-0.002864224184812858,-0.006245531599327281,0.177446104212079,0.380590519954759,0.39768379733879355,0.39765804102658203
35M,HEM3_HUMAN_Loggerenberg_2023,head,1,17,0.0027411234779667337,-0.007188723146522025,-0.00259045406201458,0.18732340114249305,0.380590519954759,0.39768379733879355,0.39765804102658203
35M,HEM3_HUMAN_Loggerenberg_2023,head,1,18,0.0011428411914041203,0.0002458862493201486,0.0004063869178185797,0.01015101731066141,0.380590519954759,0.39768379733879355,0.39765804102658203
35M,HEM3_HUMAN_Loggerenberg_2023,head,1,19,0.0008582226164264295,0.0010246014409343585,0.00047939992697415557,0.018904464377477018,0.380590519954759,0.39768379733879355,0.39765804102658203
35M,HEM3_HUMAN_Loggerenberg_2023,head,2,0,0.0002183445746669621,3.630611133015327e-05,-1.2008322610557176e-05,0.016935384338228804,0.380590519954759,0.39768379733879355,0.39765804102658203
35M,HEM3_HUMAN_Loggerenberg_2023,head,2,1,0.0001877763342136296,-0.0012770476729870306,-0.0005403143253793763,0.046629793446617177,0.380590519954759,0.39768379733879355,0.39765804102658203
35M,HEM3_HUMAN_Loggerenberg_2023,head,2,2,0.0017999299231667987,-0.0023134118415796268,-0.0002984624945573944,0.06638728787811672,0.380590519954759,0.39768379733879355,0.39765804102658203
35M,HEM3_HUMAN_Loggerenberg_2023,head,2,3,0.0019430098385662675,0.00402579354107685,0.00233804147949751,0.05150661523500647,0.380590519954759,0.39768379733879355,0.39765804102658203
35M,HEM3_HUMAN_Loggerenberg_2023,head,2,4,0.002907065354713634,0.00019250156225525394,0.0015480804472156051,0.04264076424097918,0.380590519954759,0.39768379733879355,0.39765804102658203
35M,HEM3_HUMAN_Loggerenberg_2023,head,2,5,0.002249976622951011,0.0007357359944009101,0.0016971762622843278,0.07609777033248136,0.380590519954759,0.39768379733879355,0.39765804102658203
35M,HEM3_HUMAN_Loggerenberg_2023,head,2,6,-0.010309460187865882,-0.00044076297773715245,-0.006858557973395796,0.21991196197926433,0.380590519954759,0.39768379733879355,0.39765804102658203
35M,HEM3_HUMAN_Loggerenberg_2023,head,2,7,-0.004328103221840629,0.0003154446869153005,-0.0016487517232360305,0.12226030339702984,0.380590519954759,0.39768379733879355,0.39765804102658203
35M,HEM3_HUMAN_Loggerenberg_2023,head,2,8,0.0012139958351485847,0.0021654729206455614,0.0007179712887122047,0.04471853282428985,0.380590519954759,0.39768379733879355,0.39765804102658203
35M,HEM3_HUMAN_Loggerenberg_2023,head,2,9,-0.0005535677157734731,-0.0030536719620029573,-0.0023749091366351283,0.13132588575458914,0.380590519954759,0.39768379733879355,0.39765804102658203
35M,HEM3_HUMAN_Loggerenberg_2023,head,2,10,-0.002586741019878658,-0.012122848089756222,-0.0077981264535393335,0.16230261511847963,0.380590519954759,0.39768379733879355,0.39765804102658203
35M,HEM3_HUMAN_Loggerenberg_2023,head,2,11,-3.9045147469884967e-05,-0.0009677105562019284,0.0001919525854881532,0.15047030759472374,0.380590519954759,0.39768379733879355,0.39765804102658203
35M,HEM3_HUMAN_Loggerenberg_2023,head,2,12,0.0011102179431892178,-0.0026607516169532275,-0.0018576784790308443,0.17745502493274745,0.380590519954759,0.39768379733879355,0.39765804102658203
35M,HEM3_HUMAN_Loggerenberg_2023,head,2,13,-0.0010490814622824973,-0.0028111788071996657,-0.0018479273599185664,0.040058128626731554,0.380590519954759,0.39768379733879355,0.39765804102658203
35M,HEM3_HUMAN_Loggerenberg_2023,head,2,14,0.0015928878911883326,0.0032637045125952224,0.002217807773159275,0.06351162563994264,0.380590519954759,0.39768379733879355,0.39765804102658203
35M,HEM3_HUMAN_Loggerenberg_2023,head,2,15,0.00047367928904235024,0.0004481146825237037,0.0006438146297841341,0.03411864223441405,0.380590519954759,0.39768379733879355,0.39765804102658203
35M,HEM3_HUMAN_Loggerenberg_2023,head,2,16,0.0008636170118005992,-0.00474479026919461,-0.0018223457202721782,0.07498702402839505,0.380590519954759,0.39768379733879355,0.39765804102658203
35M,HEM3_HUMAN_Loggerenberg_2023,head,2,17,0.00437357026856533,0.0018285386351236665,0.002950255260306678,0.068243915384466,0.380590519954759,0.39768379733879355,0.39765804102658203
35M,HEM3_HUMAN_Loggerenberg_2023,head,2,18,-0.000524797607111438,-0.0009872774012490981,-0.0006479377881742354,0.023859210383131838,0.380590519954759,0.39768379733879355,0.39765804102658203
35M,HEM3_HUMAN_Loggerenberg_2023,head,2,19,0.0014259185105606753,-0.0016945114017085094,7.478867590754446e-05,0.09026174499998262,0.380590519954759,0.39768379733879355,0.39765804102658203
35M,HEM3_HUMAN_Loggerenberg_2023,head,3,0,0.0017303165352435257,3.641921448072072e-05,0.0010836081593763036,0.040756270309639756,0.380590519954759,0.39768379733879355,0.39765804102658203
35M,HEM3_HUMAN_Loggerenberg_2023,head,3,1,-0.001491935634901298,0.0008775673452047217,-0.00026039099555413836,0.028828139140130382,0.380590519954759,0.39768379733879355,0.39765804102658203
35M,HEM3_HUMAN_Loggerenberg_2023,head,3,2,-0.0004857524596414975,0.0016025585403022236,0.00024901468992299947,0.051712108758281985,0.380590519954759,0.39768379733879355,0.39765804102658203
35M,HEM3_HUMAN_Loggerenberg_2023,head,3,3,-0.002742664733787925,-0.0007833524207871423,-0.0012936785649435012,0.11170108120994619,0.380590519954759,0.39768379733879355,0.39765804102658203
35M,HEM3_HUMAN_Loggerenberg_2023,head,3,4,-0.0005833653283162099,-0.005858516992771179,-0.0034161721583850224,0.08872895510905147,0.380590519954759,0.39768379733879355,0.39765804102658203
35M,HEM3_HUMAN_Loggerenberg_2023,head,3,5,-0.0008890477328500346,0.0001802864219946354,-0.0006082711986989398,0.028737555203638375,0.380590519954759,0.39768379733879355,0.39765804102658203
35M,HEM3_HUMAN_Loggerenberg_2023,head,3,6,0.0006891982280371467,0.0021353874825962293,0.0013325626572061045,0.05542441972075195,0.380590519954759,0.39768379733879355,0.39765804102658203
35M,HEM3_HUMAN_Loggerenberg_2023,head,3,7,-0.0003768370482783445,-0.000986259472893991,-0.00025277669575346495,0.024612379931368368,0.380590519954759,0.39768379733879355,0.39765804102658203
35M,HEM3_HUMAN_Loggerenberg_2023,head,3,8,-0.00016953814032971692,-0.0026682164248902907,-0.001340568205613124,0.06746280524915077,0.380590519954759,0.39768379733879355,0.39765804102658203
35M,HEM3_HUMAN_Loggerenberg_2023,head,3,9,-0.00014410741928022608,-0.00021127668524839605,-5.862709886034212e-05,0.02159425951894297,0.380590519954759,0.39768379733879355,0.39765804102658203
35M,HEM3_HUMAN_Loggerenberg_2023,head,3,10,-0.0005499714521907118,0.0008181881911600852,0.00027273037467762107,0.03963384448754092,0.380590519954759,0.39768379733879355,0.39765804102658203
35M,HEM3_HUMAN_Loggerenberg_2023,head,3,11,-0.0006778956853485396,-0.0008146819934926608,-0.001003311906933202,0.04779729825347217,0.380590519954759,0.39768379733879355,0.39765804102658203
35M,HEM3_HUMAN_Loggerenberg_2023,head,3,12,0.0011441255712552056,-0.0022384244527575148,-0.0002825115898366093,0.09151336579018726,0.380590519954759,0.39768379733879355,0.39765804102658203
35M,HEM3_HUMAN_Loggerenberg_2023,head,3,13,0.0007218214762521047,0.0007051981437493637,0.0004166496697238231,0.030989379863402576,0.380590519954759,0.39768379733879355,0.39765804102658203
35M,HEM3_HUMAN_Loggerenberg_2023,head,3,14,-0.0004094602964931915,-0.00012463967191850278,-0.00012516945798773937,0.02172386678620627,0.380590519954759,0.39768379733879355,0.39765804102658203
35M,HEM3_HUMAN_Loggerenberg_2023,head,3,15,-0.00011122729509516205,-0.0038734435972708203,-0.001753335485320029,0.04392697327496077,0.380590519954759,0.39768379733879355,0.39765804102658203
35M,HEM3_HUMAN_Loggerenberg_2023,head,3,16,-0.000625236111458316,-0.0003529949329016402,-0.0008716417028706847,0.03164745193970575,0.380590519954759,0.39768379733879355,0.39765804102658203
35M,HEM3_HUMAN_Loggerenberg_2023,head,3,17,0.0008900752367308473,6.299845486262834e-05,0.00011827746330644873,0.021641451193163807,0.380590519954759,0.39768379733879355,0.39765804102658203
35M,HEM3_HUMAN_Loggerenberg_2023,head,3,18,-0.0007500778329737612,-0.0005925474057902891,-0.0005711627731882496,0.027013685923256738,0.380590519954759,0.39768379733879355,0.39765804102658203
35M,HEM3_HUMAN_Loggerenberg_2023,head,3,19,0.0016476024728402372,-0.0034835770372863006,-0.000808319620734077,0.0671333728845925,0.380590519954759,0.39768379733879355,0.39765804102658203
35M,HEM3_HUMAN_Loggerenberg_2023,head,4,0,0.0004970550023301601,-0.00015517752256999362,0.00042814635954135927,0.03483575946440367,0.380590519954759,0.39768379733879355,0.39765804102658203
35M,HEM3_HUMAN_Loggerenberg_2023,head,4,1,0.000520430715618081,-0.0020472801283090702,-0.00104854626503742,0.09108025797995331,0.380590519954759,0.39768379733879355,0.39765804102658203
35M,HEM3_HUMAN_Loggerenberg_2023,head,4,2,-0.00018007005510783936,0.001015666292039974,7.241108822264586e-05,0.0191131099108278,0.380590519954759,0.39768379733879355,0.39765804102658203
35M,HEM3_HUMAN_Loggerenberg_2023,head,4,3,-0.0005718059096573858,0.0017325140602970635,0.0002070307048562814,0.03773762777023108,0.380590519954759,0.39768379733879355,0.39765804102658203
35M,HEM3_HUMAN_Loggerenberg_2023,head,4,4,-0.0075475297563132315,-0.0033035168215927446,-0.006638886928949483,0.16513280896027668,0.380590519954759,0.39768379733879355,0.39765804102658203
35M,HEM3_HUMAN_Loggerenberg_2023,head,4,5,-0.00022836273750476144,-0.002814345695415388,-0.0012254809232508657,0.03167939776481411,0.380590519954759,0.39768379733879355,0.39765804102658203
35M,HEM3_HUMAN_Loggerenberg_2023,head,4,6,-0.0022024545684646846,-0.00938224564850676,-0.004797761275572243,0.10183033545272807,0.380590519954759,0.39768379733879355,0.39765804102658203
35M,HEM3_HUMAN_Loggerenberg_2023,head,4,7,-0.0014243772547395395,-0.00015042719024643825,-0.001406809604274084,0.048291259171034294,0.380590519954759,0.39768379733879355,0.39765804102658203
35M,HEM3_HUMAN_Loggerenberg_2023,head,4,8,0.0008361312829895384,-0.0005863267325094679,-0.00022626207866105474,0.051543580143228476,0.380590519954759,0.39768379733879355,0.39765804102658203
35M,HEM3_HUMAN_Loggerenberg_2023,head,4,9,-0.0007896367323840248,0.0004248154335080301,-9.179294226169255e-06,0.10266641490009779,0.380590519954759,0.39768379733879355,0.39765804102658203
35M,HEM3_HUMAN_Loggerenberg_2023,head,4,10,-0.000982036834061173,0.00047367599455050424,-0.0004329617270042996,0.019592026357249617,0.380590519954759,0.39768379733879355,0.39765804102658203
35M,HEM3_HUMAN_Loggerenberg_2023,head,4,11,0.002524320159120852,-0.003827184408691342,-0.0006040276561223301,0.09664300977779373,0.380590519954759,0.39768379733879355,0.39765804102658203
35M,HEM3_HUMAN_Loggerenberg_2023,head,4,12,-0.0001533549542073187,-2.612682777969333e-05,2.5641831739697807e-05,0.023343620905235632,0.380590519954759,0.39768379733879355,0.39765804102658203
35M,HEM3_HUMAN_Loggerenberg_2023,head,4,13,-0.0005615308708495914,-0.00021387805771128088,-0.00036202534506701856,0.02912708385019807,0.380590519954759,0.39768379733879355,0.39765804102658203
35M,HEM3_HUMAN_Loggerenberg_2023,head,4,14,0.0007346652747619586,-0.0012095250921018708,0.0003152861846306143,0.03134627258114446,0.380590519954759,0.39768379733879355,0.39765804102658203
35M,HEM3_HUMAN_Loggerenberg_2023,head,4,15,0.00023889465228271733,-0.0011833982643222885,-8.529219618597095e-05,0.029610667170468955,0.380590519954759,0.39768379733879355,0.39765804102658203
35M,HEM3_HUMAN_Loggerenberg_2023,head,4,16,-0.005132125008555644,-0.002751686550004462,-0.004308339365065972,0.1001806131373267,0.380590519954759,0.39768379733879355,0.39765804102658203
35M,HEM3_HUMAN_Loggerenberg_2023,head,4,17,-0.00042281784694347957,-0.003852632617567575,-0.0017544490390458134,0.05316841950086596,0.380590519954759,0.39768379733879355,0.39765804102658203
35M,HEM3_HUMAN_Loggerenberg_2023,head,4,18,-0.0001641437449556027,-0.000395861026964317,-0.0003568488250444424,0.017292417050054958,0.380590519954759,0.39768379733879355,0.39765804102658203
35M,HEM3_HUMAN_Loggerenberg_2023,head,4,19,0.0010670627801961374,-0.001109428803855228,-0.00019977755761535487,0.053800385713253775,0.380590519954759,0.39768379733879355,0.39765804102658203
35M,HEM3_HUMAN_Loggerenberg_2023,head,5,0,7.346652747619586e-05,-0.02257606747092733,-0.01178961463954925,0.29281009068482605,0.380590519954759,0.39768379733879355,0.39765804102658203
35M,HEM3_HUMAN_Loggerenberg_2023,head,5,1,-0.005303975032617092,-0.001334164764020429,-0.0021672163187527183,0.20687002477361194,0.380590519954759,0.39768379733879355,0.39765804102658203
35M,HEM3_HUMAN_Loggerenberg_2023,head,5,2,-0.00017698754346540113,0.0008180750880094623,0.0002660490523229142,0.019334286896150504,0.380590519954759,0.39768379733879355,0.39765804102658203
35M,HEM3_HUMAN_Loggerenberg_2023,head,5,3,0.0005813103205546399,0.0005223103492918435,0.00045628616315240844,0.018846022710709592,0.380590519954759,0.39768379733879355,0.39765804102658203
35M,HEM3_HUMAN_Loggerenberg_2023,head,5,4,0.012674003493524433,-0.01437439250797884,-0.0009514263225208763,0.23083798128358382,0.380590519954759,0.39768379733879355,0.39765804102658203
35M,HEM3_HUMAN_Loggerenberg_2023,head,5,5,-0.0004307810020195424,-0.003164965462155167,-0.0017698582149269781,0.04820828230765976,0.380590519954759,0.39768379733879355,0.39765804102658203
35M,HEM3_HUMAN_Loggerenberg_2023,head,5,6,-0.009090840585253723,-0.005585146677864694,-0.00612433481949648,0.18997080727218774,0.380590519954759,0.39768379733879355,0.39765804102658203
35M,HEM3_HUMAN_Loggerenberg_2023,head,5,7,-0.0024863025155317797,-0.003703562665127891,-0.003175494073381968,0.0992039526172053,0.380590519954759,0.39768379733879355,0.39765804102658203
35M,HEM3_HUMAN_Loggerenberg_2023,head,5,8,-1.7724441943534064e-05,-0.0010942729816799668,0.0003216364504722291,0.11981106572752892,0.380590519954759,0.39768379733879355,0.39765804102658203
35M,HEM3_HUMAN_Loggerenberg_2023,head,5,9,0.0013622132699519507,-0.0037551377017838172,-0.001830321172632543,0.13012451766465705,0.380590519954759,0.39768379733879355,0.39765804102658203
35M,HEM3_HUMAN_Loggerenberg_2023,head,5,10,0.0011621068891689568,-0.013055044256681969,-0.0052387887430768165,0.4634184259896039,0.380590519954759,0.39768379733879355,0.39765804102658203
35M,HEM3_HUMAN_Loggerenberg_2023,head,5,11,0.000498596258151407,0.00023604627522133548,0.0011628811462336408,0.06951877608228085,0.380590519954759,0.39768379733879355,0.39765804102658203
35M,HEM3_HUMAN_Loggerenberg_2023,head,5,12,-0.0012502153469463595,0.010188331802556683,0.003126166652934248,0.19987643048106574,0.380590519954759,0.39768379733879355,0.39765804102658203
35M,HEM3_HUMAN_Loggerenberg_2023,head,5,13,-0.005629436886856076,-0.004137087041229115,-0.0063632372377475654,0.16297621748017166,0.380590519954759,0.39768379733879355,0.39765804102658203
35M,HEM3_HUMAN_Loggerenberg_2023,head,5,14,0.0002103814195908993,0.000970764341267194,0.0002615045492797563,0.015769274134487116,0.380590519954759,0.39768379733879355,0.39765804102658203
35M,HEM3_HUMAN_Loggerenberg_2023,head,5,15,0.0014097353244383881,0.0017554739998610902,0.0005329708899984853,0.06711621394474439,0.380590519954759,0.39768379733879355,0.39765804102658203
35M,HEM3_HUMAN_Loggerenberg_2023,head,5,16,2.9283860602413725e-05,-0.0001270148380802527,-1.3844181455668902e-06,0.019449516099699478,0.380590519954759,0.39768379733879355,0.39765804102658203
35M,HEM3_HUMAN_Loggerenberg_2023,head,5,17,-0.0009856330976439898,0.0008936279925843005,-0.0005830206155656437,0.025601431424129285,0.380590519954759,0.39768379733879355,0.39765804102658203
35M,HEM3_HUMAN_Loggerenberg_2023,head,5,18,0.0010503658421333606,-0.000744897349596374,0.0001895449017567108,0.03026804679769674,0.380590519954759,0.39768379733879355,0.39765804102658203
35M,HEM3_HUMAN_Loggerenberg_2023,head,5,19,0.0016278230231351332,-0.0021301847376704597,0.0003385805247322349,0.08973967123225715,0.380590519954759,0.39768379733879355,0.39765804102658203
35M,HEM3_HUMAN_Loggerenberg_2023,head,6,0,-0.0020496133661978,-0.0005976370475656023,-0.0011113868104277724,0.020816092251760825,0.380590519954759,0.39768379733879355,0.39765804102658203
35M,HEM3_HUMAN_Loggerenberg_2023,head,6,1,0.005313479443514291,-0.0015002001890442873,0.001679720555231523,0.168179371382844,0.380590519954759,0.39768379733879355,0.39765804102658203
35M,HEM3_HUMAN_Loggerenberg_2023,head,6,2,0.00037349766066568924,-0.0028276918671816254,-0.001065189378830933,0.08900490164595025,0.380590519954759,0.39768379733879355,0.39765804102658203
35M,HEM3_HUMAN_Loggerenberg_2023,head,6,3,-0.001914753481844611,0.0017968697529664457,-0.0007280534643375192,0.02417926508503659,0.380590519954759,0.39768379733879355,0.39765804102658203
35M,HEM3_HUMAN_Loggerenberg_2023,head,6,4,-0.006417275487448693,-0.008394855144107094,-0.007604307913159358,0.1288768855331711,0.380590519954759,0.39768379733879355,0.39765804102658203
35M,HEM3_HUMAN_Loggerenberg_2023,head,6,5,0.0022445822275768967,-0.00045659741881570737,-0.0007645599689153904,0.15973929286488361,0.380590519954759,0.39768379733879355,0.39765804102658203
35M,HEM3_HUMAN_Loggerenberg_2023,head,6,6,-0.018216102550513757,-0.01742749895422907,-0.02390462773540114,0.4294045494725293,0.380590519954759,0.39768379733879355,0.39765804102658203
35M,HEM3_HUMAN_Loggerenberg_2023,head,6,7,0.005994971392445592,-0.016064832196267143,-0.0038831123220490205,0.1748813596962265,0.380590519954759,0.39768379733879355,0.39765804102658203
35M,HEM3_HUMAN_Loggerenberg_2023,head,6,8,-0.08607502759732,-0.05510000944631821,-0.07620619970439707,0.6047487819372718,0.380590519954759,0.39768379733879355,0.39765804102658203
35M,HEM3_HUMAN_Loggerenberg_2023,head,6,9,0.0012900311223267846,0.0012845124809240382,0.0007714820596431138,0.06219180290216992,0.380590519954759,0.39768379733879355,0.39765804102658203
35M,HEM3_HUMAN_Loggerenberg_2023,head,6,10,0.009657765851477373,-0.0046398305454739,0.0001309178028964797,0.31841966319763515,0.380590519954759,0.39768379733879355,0.39765804102658203
35M,HEM3_HUMAN_Loggerenberg_2023,head,6,11,-0.0008813414537441888,-0.0006428783077900291,-0.0007608882512250004,0.018067375937504553,0.380590519954759,0.39768379733879355,0.39765804102658203
35M,HEM3_HUMAN_Loggerenberg_2023,head,6,12,-0.00664101445748988,-0.0282312249989895,-0.015977389241763895,0.34739090387015686,0.380590519954759,0.39768379733879355,0.39765804102658203
35M,HEM3_HUMAN_Loggerenberg_2023,head,6,13,0.016675103605304997,-0.004010977028353291,0.00823915392104374,0.3232989519066209,0.380590519954759,0.39768379733879355,0.39765804102658203
35M,HEM3_HUMAN_Loggerenberg_2023,head,6,14,0.0029217072850148407,0.002127130952605305,0.0013225105776273338,0.18515695225108753,0.380590519954759,0.39768379733879355,0.39765804102658203
35M,HEM3_HUMAN_Loggerenberg_2023,head,6,15,-0.0048618914879089425,-0.00821558665046751,-0.006548448308787758,0.12869780924135826,0.380590519954759,0.39768379733879355,0.39765804102658203
35M,HEM3_HUMAN_Loggerenberg_2023,head,6,16,-0.000771141662529895,-1.7530988337066677e-05,-0.00038396536306972706,0.028464395042352146,0.380590519954759,0.39768379733879355,0.39765804102658203
35M,HEM3_HUMAN_Loggerenberg_2023,head,6,17,0.00033959003259970144,-0.001196857539239038,-0.0003798422046796257,0.14762900787907346,0.380590519954759,0.39768379733879355,0.39765804102658203
35M,HEM3_HUMAN_Loggerenberg_2023,head,6,18,0.00025122469885213716,-0.015228547501017264,-0.006202373868441413,0.22544845983163633,0.380590519954759,0.39768379733879355,0.39765804102658203
35M,HEM3_HUMAN_Loggerenberg_2023,head,6,19,0.01121674611459983,-0.01056315564351662,0.00027236922211781867,0.42174907706000586,0.380590519954759,0.39768379733879355,0.39765804102658203
35M,HEM3_HUMAN_Loggerenberg_2023,head,7,0,-0.003305993736428814,-0.011977171231833339,-0.00653758363594964,0.2121502762733677,0.380590519954759,0.39768379733879355,0.39765804102658203
35M,HEM3_HUMAN_Loggerenberg_2023,head,7,1,0.0032620679455251933,-0.014492245990863684,-0.004530628765570255,0.1945905297226304,0.380590519954759,0.39768379733879355,0.39765804102658203
35M,HEM3_HUMAN_Loggerenberg_2023,head,7,2,-0.0019635599161819672,-0.009918354582167055,-0.006218595637581925,0.22719936762283097,0.380590519954759,0.39768379733879355,0.39765804102658203
35M,HEM3_HUMAN_Loggerenberg_2023,head,7,3,0.020835980570547752,0.00755020081571578,0.013974286665354718,0.48755303288088403,0.380590519954759,0.39768379733879355,0.39765804102658203
35M,HEM3_HUMAN_Loggerenberg_2023,head,7,4,-0.0038870471810132368,-0.0070091153434307385,-0.005677408526849892,0.10467240097079543,0.380590519954759,0.39768379733879355,0.39765804102658203
35M,HEM3_HUMAN_Loggerenberg_2023,head,7,5,0.0052841955829119325,-0.0022176134730542696,0.0010050574776384602,0.1927984207262016,0.380590519954759,0.39768379733879355,0.39765804102658203
35M,HEM3_HUMAN_Loggerenberg_2023,head,7,6,-0.010400137405345233,0.005528142689981808,-0.0027158371530055514,0.35970890982988896,0.380590519954759,0.39768379733879355,0.39765804102658203
35M,HEM3_HUMAN_Loggerenberg_2023,head,7,7,0.0026298961828716827,0.0006390328006710688,0.0013830036313795535,0.0622862064692835,0.380590519954759,0.39768379733879355,0.39765804102658203
35M,HEM3_HUMAN_Loggerenberg_2023,head,7,8,0.00124148156395959,-0.016641545160978932,-0.0068704760078663885,0.23364699048620713,0.380590519954759,0.39768379733879355,0.39765804102658203
35M,HEM3_HUMAN_Loggerenberg_2023,head,7,9,-0.008911798034026808,-0.02039781389426837,-0.012636637776266058,0.38820667643721746,0.380590519954759,0.39768379733879355,0.39765804102658203
35M,HEM3_HUMAN_Loggerenberg_2023,head,7,10,-0.01385177981687541,0.008464752891154004,-0.004778710478047343,0.27521846915520676,0.380590519954759,0.39768379733879355,0.39765804102658203
35M,HEM3_HUMAN_Loggerenberg_2023,head,7,11,-0.00010737415554218366,0.0003525425202994259,3.891418830914706e-05,0.05763829749183706,0.380590519954759,0.39768379733879355,0.39765804102658203
35M,HEM3_HUMAN_Loggerenberg_2023,head,7,12,0.005930495523926327,-0.009934302126396177,-0.0013592277545317333,0.2848390685331223,0.380590519954759,0.39768379733879355,0.39765804102658203
35M,HEM3_HUMAN_Loggerenberg_2023,head,7,13,-0.0211044159594031,-0.07986733735621909,-0.042088177580273556,0.6903839125076822,0.380590519954759,0.39768379733879355,0.39765804102658203
35M,HEM3_HUMAN_Loggerenberg_2023,head,7,14,-0.0042823792991456555,-0.0017950601025574775,-0.0034463283971211123,0.10769658318368194,0.380590519954759,0.39768379733879355,0.39765804102658203
35M,HEM3_HUMAN_Loggerenberg_2023,head,7,15,0.001457257378924659,-0.006374154256179931,-0.0016063162974696565,0.1172914504196136,0.380590519954759,0.39768379733879355,0.39765804102658203
35M,HEM3_HUMAN_Loggerenberg_2023,head,7,16,0.016067591935790326,-0.004657927049563637,0.004880976844539697,0.19307868977252954,0.380590519954759,0.39768379733879355,0.39765804102658203
35M,HEM3_HUMAN_Loggerenberg_2023,head,7,17,0.005730389143143222,0.004325290683763083,0.006232500011130793,0.2925009709685596,0.380590519954759,0.39768379733879355,0.39765804102658203
35M,HEM3_HUMAN_Loggerenberg_2023,head,7,18,5.086144209881516e-05,-0.0006707016828281787,-0.0010449347394402841,0.12658875404251801,0.380590519954759,0.39768379733879355,0.39765804102658203
35M,HEM3_HUMAN_Loggerenberg_2023,head,7,19,-0.06857715025947564,-0.02856114688917666,-0.05660792499498357,0.7528061395260826,0.380590519954759,0.39768379733879355,0.39765804102658203
35M,HEM3_HUMAN_Loggerenberg_2023,head,8,0,0.00035962635827507805,-0.00016422577461489007,-0.0005136793241004023,0.14457954245959403,0.380590519954759,0.39768379733879355,0.39765804102658203
35M,HEM3_HUMAN_Loggerenberg_2023,head,8,1,0.002097906048594722,-0.006201558848423494,-0.0021936105516584536,0.12117361634201401,0.380590519954759,0.39768379733879355,0.39765804102658203
35M,HEM3_HUMAN_Loggerenberg_2023,head,8,2,-0.0023414244683410135,0.0030963118497645548,0.00222521140063342,0.3211850274045885,0.380590519954759,0.39768379733879355,0.39765804102658203
35M,HEM3_HUMAN_Loggerenberg_2023,head,8,3,-0.0014228359989184036,-0.0053471776490838785,-0.003476905980510203,0.3137979070722976,0.380590519954759,0.39768379733879355,0.39765804102658203
35M,HEM3_HUMAN_Loggerenberg_2023,head,8,4,-0.003893725956238381,-0.004431381438989468,-0.005297114881470666,0.07674915245462467,0.380590519954759,0.39768379733879355,0.39765804102658203
35M,HEM3_HUMAN_Loggerenberg_2023,head,8,5,-0.03181640079256681,-0.02670274902230485,-0.027626425247444353,0.5318897763618459,0.380590519954759,0.39768379733879355,0.39765804102658203
35M,HEM3_HUMAN_Loggerenberg_2023,head,8,6,0.006694187783320427,-0.005320032892949134,-0.00018879250059072872,0.3376149498785529,0.380590519954759,0.39768379733879355,0.39765804102658203
35M,HEM3_HUMAN_Loggerenberg_2023,head,8,7,-0.0015101738287852107,-0.009398080089585314,-0.005060198802298077,0.26033344820364196,0.380590519954759,0.39768379733879355,0.39765804102658203
35M,HEM3_HUMAN_Loggerenberg_2023,head,8,8,0.0018834146134805718,-0.00015506441941942617,0.00160905503771408,0.3224700551828827,0.380590519954759,0.39768379733879355,0.39765804102658203
35M,HEM3_HUMAN_Loggerenberg_2023,head,8,9,0.002827176927982511,-0.013412337109304895,-0.005329829284171417,0.4373683533966137,0.380590519954759,0.39768379733879355,0.39765804102658203
35M,HEM3_HUMAN_Loggerenberg_2023,head,8,10,-0.007031722808158669,-0.015033670772600316,-0.008845438780664405,0.2778163923499057,0.380590519954759,0.39768379733879355,0.39765804102658203
35M,HEM3_HUMAN_Loggerenberg_2023,head,8,11,0.0019722936991686257,0.005668729906129433,0.0022245191915606366,0.11817803546240405,0.380590519954759,0.39768379733879355,0.39765804102658203
35M,HEM3_HUMAN_Loggerenberg_2023,head,8,12,-0.0005738609174190112,0.0007795069136681265,-1.264033959058608e-06,0.05127602791365646,0.380590519954759,0.39768379733879355,0.39765804102658203
35M,HEM3_HUMAN_Loggerenberg_2023,head,8,13,-0.009323827090221892,-0.003940966178155869,-0.006648216703408816,0.18555533109558808,0.380590519954759,0.39768379733879355,0.39765804102658203
35M,HEM3_HUMAN_Loggerenberg_2023,head,8,14,0.002687950152136076,0.0008995093564135859,0.0022864267595050225,0.13659523704482224,0.380590519954759,0.39768379733879355,0.39765804102658203
35M,HEM3_HUMAN_Loggerenberg_2023,head,8,15,-0.004762994239383311,-0.006719684381144508,-0.005244988528685268,0.41575633686950764,0.380590519954759,0.39768379733879355,0.39765804102658203
35M,HEM3_HUMAN_Loggerenberg_2023,head,8,16,0.0027025920824372274,-0.004032240420658861,-0.0009171168293480303,0.3135877520937771,0.380590519954759,0.39768379733879355,0.39765804102658203
35M,HEM3_HUMAN_Loggerenberg_2023,head,8,17,-0.013379641783654306,-0.007002668463848727,-0.010075915647657918,0.4562230156267029,0.380590519954759,0.39768379733879355,0.39765804102658203
35M,HEM3_HUMAN_Loggerenberg_2023,head,8,18,0.0052317928849918705,-0.002731893498656268,0.004386498798197469,0.20072079861342018,0.380590519954759,0.39768379733879355,0.39765804102658203
35M,HEM3_HUMAN_Loggerenberg_2023,head,8,19,-0.008219260418377061,0.0064063886540898785,-0.002270385566644384,0.22606236818202316,0.380590519954759,0.39768379733879355,0.39765804102658203
35M,HEM3_HUMAN_Loggerenberg_2023,head,9,0,-0.007387496026880824,0.002434997728432975,-0.0024850305713013388,0.39793031793112993,0.380590519954759,0.39768379733879355,0.39765804102658203
35M,HEM3_HUMAN_Loggerenberg_2023,head,9,1,0.0007575272361094454,-0.007663756378879172,-0.0038023947249528067,0.15254574908977286,0.380590519954759,0.39768379733879355,0.39765804102658203
35M,HEM3_HUMAN_Loggerenberg_2023,head,9,2,-0.0081951140771786,-0.023527038760846275,-0.016938205530837358,0.4307564136292912,0.380590519954759,0.39768379733879355,0.39765804102658203
35M,HEM3_HUMAN_Loggerenberg_2023,head,9,3,-0.0004307810020195424,-0.0038783070327449987,-0.004209714620217353,0.17734909550952782,0.380590519954759,0.39768379733879355,0.39765804102658203
35M,HEM3_HUMAN_Loggerenberg_2023,head,9,4,0.00032751686200044317,-0.002813780179662606,-0.003439195634066694,0.23343512128780786,0.380590519954759,0.39768379733879355,0.39765804102658203
35M,HEM3_HUMAN_Loggerenberg_2023,head,9,5,-0.012666297214418643,-0.020683625555736607,-0.016763166923562445,0.30905988137142953,0.380590519954759,0.39768379733879355,0.39765804102658203
35M,HEM3_HUMAN_Loggerenberg_2023,head,9,6,0.004765562999085204,0.0024620293814171523,0.004171191680514386,0.13324737945114096,0.380590519954759,0.39768379733879355,0.39765804102658203
35M,HEM3_HUMAN_Loggerenberg_2023,head,9,7,-0.003049631518172724,-0.007262240194386815,-0.005175857909546611,0.16769529974120928,0.380590519954759,0.39768379733879355,0.39765804102658203
35M,HEM3_HUMAN_Loggerenberg_2023,head,9,8,-0.0021788219792066577,6.220673280932232e-06,-0.002070878873448867,0.19772342684472755,0.380590519954759,0.39768379733879355,0.39765804102658203
35M,HEM3_HUMAN_Loggerenberg_2023,head,9,9,-0.001426689138471271,-0.002232090676326126,-0.0019213617137271988,0.04938196100729291,0.380590519954759,0.39768379733879355,0.39765804102658203
35M,HEM3_HUMAN_Loggerenberg_2023,head,9,10,0.00023632589258071324,0.0031948246939034752,0.0013080042831454808,0.09673636076084795,0.380590519954759,0.39768379733879355,0.39765804102658203
35M,HEM3_HUMAN_Loggerenberg_2023,head,9,11,-0.006899945435447863,0.0014833478196106809,-0.0012492267040520866,0.24514081002575733,0.380590519954759,0.39768379733879355,0.39765804102658203
35M,HEM3_HUMAN_Loggerenberg_2023,head,9,12,-0.007625363175282784,-0.007214623768000528,-0.008739320120201732,0.20672785952747919,0.380590519954759,0.39768379733879355,0.39765804102658203
35M,HEM3_HUMAN_Loggerenberg_2023,head,9,13,0.00427338864018878,0.004284121136958696,0.003985468976681283,0.0944396855873201,0.380590519954759,0.39768379733879355,0.39765804102658203
35M,HEM3_HUMAN_Loggerenberg_2023,head,9,14,-0.00038788271499679006,0.001903526023945723,0.0014310369218215047,0.14719185884157385,0.380590519954759,0.39768379733879355,0.39765804102658203
35M,HEM3_HUMAN_Loggerenberg_2023,head,9,15,0.001450321727729409,-0.001435844496374905,0.00010488472255032466,0.06070522448424568,0.380590519954759,0.39768379733879355,0.39765804102658203
35M,HEM3_HUMAN_Loggerenberg_2023,head,9,16,-0.003940734258784273,-0.013888840682619474,-0.00952467645734717,0.25027242517212517,0.380590519954759,0.39768379733879355,0.39765804102658203
35M,HEM3_HUMAN_Loggerenberg_2023,head,9,17,-0.002019045125744412,-0.00048555182535942043,-0.0018703790107140739,0.0918089290486909,0.380590519954759,0.39768379733879355,0.39765804102658203
35M,HEM3_HUMAN_Loggerenberg_2023,head,9,18,-0.011718168008423402,-0.009523963896159948,-0.012140925792011426,0.18019655294301876,0.380590519954759,0.39768379733879355,0.39765804102658203
35M,HEM3_HUMAN_Loggerenberg_2023,head,9,19,-0.002826406300071971,0.0007823344924320907,-0.0028134988243616044,0.22896964862194605,0.380590519954759,0.39768379733879355,0.39765804102658203
35M,HEM3_HUMAN_Loggerenberg_2023,head,10,0,0.004895799115974875,0.007359282697568359,0.00574374021365065,0.13499505581331706,0.380590519954759,0.39768379733879355,0.39765804102658203
35M,HEM3_HUMAN_Loggerenberg_2023,head,10,1,0.0011341074084174618,0.001112935001522597,-0.000643995206064063,0.11786214604953574,0.380590519954759,0.39768379733879355,0.39765804102658203
35M,HEM3_HUMAN_Loggerenberg_2023,head,10,2,0.0009686792836109404,-0.0001297293136937605,-0.0004020530871020056,0.07167992485103322,0.380590519954759,0.39768379733879355,0.39765804102658203
35M,HEM3_HUMAN_Loggerenberg_2023,head,10,3,-0.005854203360778021,0.016792764073279343,0.003652365932438062,0.33834994187025075,0.380590519954759,0.39768379733879355,0.39765804102658203
35M,HEM3_HUMAN_Loggerenberg_2023,head,10,4,-0.014023629840936913,-0.018410139126305125,-0.015955629800041116,0.5122747917026483,0.380590519954759,0.39768379733879355,0.39765804102658203
35M,HEM3_HUMAN_Loggerenberg_2023,head,10,5,-0.024745889712908475,-0.003357806333862179,-0.016965592933282425,0.49153722917693926,0.380590519954759,0.39768379733879355,0.39765804102658203
35M,HEM3_HUMAN_Loggerenberg_2023,head,10,6,-0.01450039164162159,0.008729074954015592,-0.004502037521259494,0.338516718577821,0.380590519954759,0.39768379733879355,0.39765804102658203
35M,HEM3_HUMAN_Loggerenberg_2023,head,10,7,-0.000581567196524857,-0.013134555771526502,-0.008433122941657156,0.1873698722232472,0.380590519954759,0.39768379733879355,0.39765804102658203
35M,HEM3_HUMAN_Loggerenberg_2023,head,10,8,0.004487880075302819,0.00011084108754999544,0.0027752768451250742,0.2322969775510449,0.380590519954759,0.39768379733879355,0.39765804102658203
35M,HEM3_HUMAN_Loggerenberg_2023,head,10,9,-0.003010843246673056,-0.0019062404995591753,-0.0024555063495447227,0.24144690905367827,0.380590519954759,0.39768379733879355,0.39765804102658203
35M,HEM3_HUMAN_Loggerenberg_2023,head,10,10,-0.005178105807220834,-0.00784200694416376,-0.007183083644345778,0.209516437681268,0.380590519954759,0.39768379733879355,0.39765804102658203
35M,HEM3_HUMAN_Loggerenberg_2023,head,10,11,-0.0025420446010644415,-0.04827004949337649,-0.02301255081685999,0.39177695171480426,0.380590519954759,0.39768379733879355,0.39765804102658203
35M,HEM3_HUMAN_Loggerenberg_2023,head,10,12,0.00957787742474625,0.004824641093490956,0.0065761366716990954,0.17047100871033066,0.380590519954759,0.39768379733879355,0.39765804102658203
35M,HEM3_HUMAN_Loggerenberg_2023,head,10,13,-0.01012553699320523,0.007439472831316296,-0.003475160409804945,0.18355326219038529,0.380590519954759,0.39768379733879355,0.39765804102658203
35M,HEM3_HUMAN_Loggerenberg_2023,head,10,14,-0.010839395314381217,-0.02125366543456525,-0.012885712658282422,0.43683270473169666,0.380590519954759,0.39768379733879355,0.39765804102658203
35M,HEM3_HUMAN_Loggerenberg_2023,head,10,15,0.002330121925652351,-0.003717813662098557,-0.0006346955276513855,0.12384555815356396,0.380590519954759,0.39768379733879355,0.39765804102658203
35M,HEM3_HUMAN_Loggerenberg_2023,head,10,16,0.001256894122171337,0.002088110365661644,0.0020275706623297807,0.2021289216291306,0.380590519954759,0.39768379733879355,0.39765804102658203
35M,HEM3_HUMAN_Loggerenberg_2023,head,10,17,0.0009786974464485731,0.0015038194898622792,0.0010819227807642995,0.0893817605448222,0.380590519954759,0.39768379733879355,0.39765804102658203
35M,HEM3_HUMAN_Loggerenberg_2023,head,10,18,-0.004185793934351811,0.004070695491849685,0.0018376345119666126,0.31921385918090595,0.380590519954759,0.39768379733879355,0.39765804102658203
35M,HEM3_HUMAN_Loggerenberg_2023,head,10,19,-0.0004916606069561014,0.0024882693123473576,0.0010410824454699652,0.11909373175337648,0.380590519954759,0.39768379733879355,0.39765804102658203
35M,HEM3_HUMAN_Loggerenberg_2023,head,11,0,0.0008369019109000786,-0.0011044522652304822,-0.0007092735312324017,0.17177936107203304,0.380590519954759,0.39768379733879355,0.39765804102658203
35M,HEM3_HUMAN_Loggerenberg_2023,head,11,1,-0.0040776491508990875,-0.014583972645968835,-0.008813506875176347,0.19930911039885543,0.380590519954759,0.39768379733879355,0.39765804102658203
35M,HEM3_HUMAN_Loggerenberg_2023,head,11,2,0.0011335936564770832,0.00410519195277087,0.0003296419988792487,0.23026637201231565,0.380590519954759,0.39768379733879355,0.39765804102658203
35M,HEM3_HUMAN_Loggerenberg_2023,head,11,3,-0.002127446785167353,-0.003071089847189401,-0.00203939840866052,0.36506790375612486,0.380590519954759,0.39768379733879355,0.39765804102658203
35M,HEM3_HUMAN_Loggerenberg_2023,head,11,4,-0.0012497015950059809,-0.0018218655492404645,-0.002149850899839767,0.08473879058454868,0.380590519954759,0.39768379733879355,0.39765804102658203
35M,HEM3_HUMAN_Loggerenberg_2023,head,11,5,0.034145495214338295,0.008622531786186938,0.021734100851517668,0.41226472306283873,0.380590519954759,0.39768379733879355,0.39765804102658203
35M,HEM3_HUMAN_Loggerenberg_2023,head,11,6,0.0030822547663876265,0.0014906995243971766,0.001200079859884129,0.11306927995086526,0.380590519954759,0.39768379733879355,0.39765804102658203
35M,HEM3_HUMAN_Loggerenberg_2023,head,11,7,-0.0026609781752654493,-0.0015965640733225372,-0.003115873804982461,0.09109952969014079,0.380590519954759,0.39768379733879355,0.39765804102658203
35M,HEM3_HUMAN_Loggerenberg_2023,head,11,8,-0.005356634606507371,-0.010076133477199933,-0.0065580188516201066,0.18317800485295227,0.380590519954759,0.39768379733879355,0.39765804102658203
35M,HEM3_HUMAN_Loggerenberg_2023,head,11,9,-0.0038795977778775526,0.0017853332316092319,-0.0004670906438972722,0.07676455892086675,0.380590519954759,0.39768379733879355,0.39765804102658203
35M,HEM3_HUMAN_Loggerenberg_2023,head,11,10,-0.0029892656651765437,-0.016207568372275494,-0.007662603955506553,0.19693583638244277,0.380590519954759,0.39768379733879355,0.39765804102658203
35M,HEM3_HUMAN_Loggerenberg_2023,head,11,11,0.0018687726831794205,0.0017632781172498002,0.0009397189603767564,0.06822839658328281,0.380590519954759,0.39768379733879355,0.39765804102658203
35M,HEM3_HUMAN_Loggerenberg_2023,head,11,12,0.0013313881535284011,0.0025733228815694176,0.00039970559546381734,0.11097502942971653,0.380590519954759,0.39768379733879355,0.39765804102658203
35M,HEM3_HUMAN_Loggerenberg_2023,head,11,13,-0.006932568683662876,-0.004999498564258631,-0.005410245920801193,0.18350979245016338,0.380590519954759,0.39768379733879355,0.39765804102658203
35M,HEM3_HUMAN_Loggerenberg_2023,head,11,14,0.00665565638779092,0.0001578919981834459,0.003994798751140616,0.16456832709435368,0.380590519954759,0.39768379733879355,0.39765804102658203
35M,HEM3_HUMAN_Loggerenberg_2023,head,11,15,-0.010716865476597448,-0.007821422170761594,-0.009935427301929034,0.19872229393657545,0.380590519954759,0.39768379733879355,0.39765804102658203
35M,HEM3_HUMAN_Loggerenberg_2023,head,11,16,0.0015800440926785897,0.00043318506664957734,-0.0014024456775108551,0.31768536511075707,0.380590519954759,0.39768379733879355,0.39765804102658203
35M,HEM3_HUMAN_Loggerenberg_2023,head,11,17,0.0025530902677828315,-0.011740785647160246,-0.003861593648699313,0.16103526015779865,0.380590519954759,0.39768379733879355,0.39765804102658203
35M,HEM3_HUMAN_Loggerenberg_2023,head,11,18,-0.005156271349754105,0.006072960566235408,0.0017910759278100818,0.46027514520461393,0.380590519954759,0.39768379733879355,0.39765804102658203
35M,HEM3_HUMAN_Loggerenberg_2023,head,11,19,0.00729373629775909,-0.006966814765120843,0.0011148478557915786,0.3092941310221337,0.380590519954759,0.39768379733879355,0.39765804102658203
35M,HEM3_HUMAN_Loggerenberg_2023,attn_layer,0,-1,0.005681582708805921,-0.00615507345354277,-0.00031546676091054326,0.21018351094855384,0.380590519954759,0.39768379733879355,0.39765804102658203
35M,HEM3_HUMAN_Loggerenberg_2023,mlp,0,-1,-0.31639927001041823,-0.31748190086321426,-0.3166357214581606,4.174374780062904,0.380590519954759,0.39768379733879355,0.39765804102658203
35M,HEM3_HUMAN_Loggerenberg_2023,attn_layer,1,-1,-0.3319695500679082,-0.24897645359977533,-0.29703922241549896,3.6665674448822054,0.380590519954759,0.39768379733879355,0.39765804102658203
35M,HEM3_HUMAN_Loggerenberg_2023,mlp,1,-1,-0.0004634042502345004,-0.009484490896614128,-0.005004912364615144,0.42685674254250494,0.380590519954759,0.39768379733879355,0.39765804102658203
35M,HEM3_HUMAN_Loggerenberg_2023,attn_layer,2,-1,-0.22459000013040203,-0.18153926559338732,-0.19661798435062633,3.3096701462362645,0.380590519954759,0.39768379733879355,0.39765804102658203
35M,HEM3_HUMAN_Loggerenberg_2023,mlp,2,-1,-0.022088250925255626,-0.0007631069568367344,-0.01389311762755896,0.6127010064662068,0.380590519954759,0.39768379733879355,0.39765804102658203
35M,HEM3_HUMAN_Loggerenberg_2023,attn_layer,3,-1,-0.00411027239911399,-0.01223244504265003,-0.006208694038236429,0.2992640191049718,0.380590519954759,0.39768379733879355,0.39765804102658203
35M,HEM3_HUMAN_Loggerenberg_2023,mlp,3,-1,-0.36796480914363144,-0.30342193511379567,-0.33286010895472246,2.955218276709035,0.380590519954759,0.39768379733879355,0.39765804102658203
35M,HEM3_HUMAN_Loggerenberg_2023,attn_layer,4,-1,-0.017527674950387206,-0.03410014748161233,-0.024408917092949012,0.40059497576393943,0.380590519954759,0.39768379733879355,0.39765804102658203
35M,HEM3_HUMAN_Loggerenberg_2023,mlp,4,-1,-0.2737650514849667,-0.29333460442469017,-0.2806555666401031,3.275644022784369,0.380590519954759,0.39768379733879355,0.39765804102658203
35M,HEM3_HUMAN_Loggerenberg_2023,attn_layer,5,-1,-0.03114775264214542,-0.04595957833371139,-0.03402011968439439,1.301641479114341,0.380590519954759,0.39768379733879355,0.39765804102658203
35M,HEM3_HUMAN_Loggerenberg_2023,mlp,5,-1,-0.27573220766473144,-0.21396480782778993,-0.2629692636778641,3.0844279957108776,0.380590519954759,0.39768379733879355,0.39765804102658203
35M,HEM3_HUMAN_Loggerenberg_2023,attn_layer,6,-1,-0.16995993067274473,-0.20780475783562244,-0.1828409170789223,2.4686295927137016,0.380590519954759,0.39768379733879355,0.39765804102658203
35M,HEM3_HUMAN_Loggerenberg_2023,mlp,6,-1,-0.29795120845881706,-0.3110832032233626,-0.2987545164978624,2.538746740552755,0.380590519954759,0.39768379733879355,0.39765804102658203
35M,HEM3_HUMAN_Loggerenberg_2023,attn_layer,7,-1,-0.1489338618842516,-0.2515162979487786,-0.19308877144105085,2.6192240185297653,0.380590519954759,0.39768379733879355,0.39765804102658203
35M,HEM3_HUMAN_Loggerenberg_2023,mlp,7,-1,-0.19403177783985764,-0.23446237870085335,-0.2105848372924603,2.42100296496051,0.380590519954759,0.39768379733879355,0.39765804102658203
35M,HEM3_HUMAN_Loggerenberg_2023,attn_layer,8,-1,-0.08635527928080439,-0.09122357229147121,-0.09476552878765232,2.2572734506353433,0.380590519954759,0.39768379733879355,0.39765804102658203
35M,HEM3_HUMAN_Loggerenberg_2023,mlp,8,-1,-0.25760626857975666,-0.228051465920741,-0.2453396917635469,2.6679071945768844,0.380590519954759,0.39768379733879355,0.39765804102658203
35M,HEM3_HUMAN_Loggerenberg_2023,attn_layer,9,-1,-0.06827866038210734,-0.08214727066523259,-0.07671398020335551,1.6936863531412878,0.380590519954759,0.39768379733879355,0.39765804102658203
35M,HEM3_HUMAN_Loggerenberg_2023,mlp,9,-1,-0.02232688870156818,-0.17097090720494484,-0.09905042333238345,2.451301794847931,0.380590519954759,0.39768379733879355,0.39765804102658203
35M,HEM3_HUMAN_Loggerenberg_2023,attn_layer,10,-1,-0.07125354099295289,-0.07216410797779405,-0.06593778974241149,2.010437540315708,0.380590519954759,0.39768379733879355,0.39765804102658203
35M,HEM3_HUMAN_Loggerenberg_2023,mlp,10,-1,-0.08033436341536893,-0.15517797498262687,-0.11796882834813471,1.7560403308195531,0.380590519954759,0.39768379733879355,0.39765804102658203
35M,HEM3_HUMAN_Loggerenberg_2023,attn_layer,11,-1,0.012223443041799842,-0.04628248782856381,-0.018058260002698168,1.3944319454268166,0.380590519954759,0.39768379733879355,0.39765804102658203
35M,HEM3_HUMAN_Loggerenberg_2023,mlp,11,-1,-0.046580860931550394,-0.07862320270004541,-0.06978975265618503,1.3965286009185511,0.380590519954759,0.39768379733879355,0.39765804102658203
35M,P53_HUMAN_Kotler_2018,head,0,0,0.001984570661896251,0.0029376924899313026,0.0027685938419401424,0.009158291744188665,0.04013305008944544,0.033818376787740495,0.036944269268014654
35M,P53_HUMAN_Kotler_2018,head,0,1,-0.0070382379248658256,-0.07695856556814923,-0.03990812252792341,0.2551368901031552,0.04013305008944544,0.033818376787740495,0.036944269268014654
35M,P53_HUMAN_Kotler_2018,head,0,2,0.0018951252236136043,0.0012419107470168014,0.0012084974787787348,0.00792104980338209,0.04013305008944544,0.033818376787740495,0.036944269268014654
35M,P53_HUMAN_Kotler_2018,head,0,3,-9.503577817530917e-05,0.004099801743163885,0.0010376454880561894,0.014837725080917996,0.04013305008944544,0.033818376787740495,0.036944269268014654
35M,P53_HUMAN_Kotler_2018,head,0,4,0.004695885509839001,0.004942705021259625,0.004901275255090598,0.009070255003954522,0.04013305008944544,0.033818376787740495,0.036944269268014654
35M,P53_HUMAN_Kotler_2018,head,0,5,0.00594812164579607,-0.004234466763924732,0.001996791412807432,0.014400657138896985,0.04013305008944544,0.033818376787740495,0.036944269268014654
35M,P53_HUMAN_Kotler_2018,head,0,6,-0.0054729427549194964,-0.008179653112881703,-0.009266246770963337,0.04061856151986938,0.04013305008944544,0.033818376787740495,0.036944269268014654
35M,P53_HUMAN_Kotler_2018,head,0,7,0.011135957066189632,-0.020843152657763812,-0.004504819477390808,0.07552728906783768,0.04013305008944544,0.033818376787740495,0.036944269268014654
35M,P53_HUMAN_Kotler_2018,head,0,8,0.004410778175313067,-0.0009326799586029666,0.002089143840225016,0.019836241754742176,0.04013305008944544,0.033818376787740495,0.036944269268014654
35M,P53_HUMAN_Kotler_2018,head,0,9,-0.0011124776386404259,-0.010618586266661675,-0.006386830016122093,0.027357728762318425,0.04013305008944544,0.033818376787740495,0.036944269268014654
35M,P53_HUMAN_Kotler_2018,head,0,10,0.0013808139534883732,-0.0038055337348345958,-0.001998110733199117,0.015151303077378653,0.04013305008944544,0.033818376787740495,0.036944269268014654
35M,P53_HUMAN_Kotler_2018,head,0,11,-0.00016211985688729946,0.0002842928216062607,0.0008318315069541365,0.0027816862207855108,0.04013305008944544,0.033818376787740495,0.036944269268014654
35M,P53_HUMAN_Kotler_2018,head,0,12,-0.009978756708407869,0.006453945809798134,-0.002497473501449937,0.04336710483855621,0.04013305008944544,0.033818376787740495,0.036944269268014654
35M,P53_HUMAN_Kotler_2018,head,0,13,0.005713327370304125,0.0031222334443072944,0.0039737930197396715,0.007700281904677474,0.04013305008944544,0.033818376787740495,0.036944269268014654
35M,P53_HUMAN_Kotler_2018,head,0,14,-0.008553220035778172,-0.006134739834661278,-0.006590005356440786,0.05293931027329014,0.04013305008944544,0.033818376787740495,0.036944269268014654
35M,P53_HUMAN_Kotler_2018,head,0,15,-0.0038126118067978512,-0.001122208506340476,-0.0009261629149592485,0.00663830617534797,0.04013305008944544,0.033818376787740495,0.036944269268014654
35M,P53_HUMAN_Kotler_2018,head,0,16,-0.0018671735241502646,-0.002104764398558577,-0.0005699464092056919,0.006466589953056307,0.04013305008944544,0.033818376787740495,0.036944269268014654
35M,P53_HUMAN_Kotler_2018,head,0,17,0.005310822898032204,0.0011521340665095609,0.002901845201499796,0.008956849801676355,0.04013305008944544,0.033818376787740495,0.036944269268014654
35M,P53_HUMAN_Kotler_2018,head,0,18,-0.0015652951699463291,0.0011421588797865326,0.0006794500017151123,0.005041539442403235,0.04013305008944544,0.033818376787740495,0.036944269268014654
35M,P53_HUMAN_Kotler_2018,head,0,19,-0.002633050089445435,-0.0019252110375441028,-0.0014301433045809456,0.008323014009134851,0.04013305008944544,0.033818376787740495,0.036944269268014654
35M,P53_HUMAN_Kotler_2018,head,1,0,0.01530635062611807,-0.01584558410952755,-0.0002176878646271696,0.04866293809259799,0.04013305008944544,0.033818376787740495,0.036944269268014654
35M,P53_HUMAN_Kotler_2018,head,1,1,0.024977638640429345,-0.01804012518859337,0.003787109184316975,0.0568928482867919,0.04013305008944544,0.033818376787740495,0.036944269268014654
35M,P53_HUMAN_Kotler_2018,head,1,2,0.027403846153846154,-0.005356675270265211,0.010090162355567402,0.031035466339198355,0.04013305008944544,0.033818376787740495,0.036944269268014654
35M,P53_HUMAN_Kotler_2018,head,1,3,0.006015205724508053,0.00456364792578462,0.006420472686109922,0.029053125544645942,0.04013305008944544,0.033818376787740495,0.036944269268014654
35M,P53_HUMAN_Kotler_2018,head,1,4,-0.005679785330948116,-0.0017057569296375225,-0.00430692141863883,0.01423395042637002,0.04013305008944544,0.033818376787740495,0.036944269268014654
35M,P53_HUMAN_Kotler_2018,head,1,5,0.04541592128801432,-0.04364642950660233,0.0033497544744751084,0.16772647683611389,0.04013305008944544,0.033818376787740495,0.036944269268014654
35M,P53_HUMAN_Kotler_2018,head,1,6,0.044465563506261185,0.012005137221162372,0.027310591767968476,0.08819934034528841,0.04013305008944544,0.033818376787740495,0.036944269268014654
35M,P53_HUMAN_Kotler_2018,head,1,7,0.05112924865831843,0.0429930547762441,0.04531931511439827,0.09059868928597455,0.04013305008944544,0.033818376787740495,0.036944269268014654
35M,P53_HUMAN_Kotler_2018,head,1,8,-0.0027001341681574254,-0.008448983154403417,-0.004880825789019556,0.045718205745682514,0.04013305008944544,0.033818376787740495,0.036944269268014654
35M,P53_HUMAN_Kotler_2018,head,1,9,-0.003874105545617172,0.024075113156024404,0.007396110115757172,0.07422450558767572,0.04013305008944544,0.033818376787740495,0.036944269268014654
35M,P53_HUMAN_Kotler_2018,head,1,10,-0.002029293381037564,0.0002144665145450697,-0.0014512524308478228,0.004848427192339879,0.04013305008944544,0.033818376787740495,0.036944269268014654
35M,P53_HUMAN_Kotler_2018,head,1,11,0.0066525044722719195,0.016399206972655525,0.013017734304704959,0.030873637235663238,0.04013305008944544,0.033818376787740495,0.036944269268014654
35M,P53_HUMAN_Kotler_2018,head,1,12,-0.003907647584973167,-0.0056958316188481135,-0.0032211207362863245,0.057427456623701086,0.04013305008944544,0.033818376787740495,0.036944269268014654
35M,P53_HUMAN_Kotler_2018,head,1,13,0.009123434704830062,-0.0013715881744161343,0.0035568877759688394,0.019386817293928604,0.04013305008944544,0.033818376787740495,0.036944269268014654
35M,P53_HUMAN_Kotler_2018,head,1,14,0.01232110912343471,-0.007266923527724779,0.004140687049287162,0.03718476603692929,0.04013305008944544,0.033818376787740495,0.036944269268014654
35M,P53_HUMAN_Kotler_2018,head,1,15,0.0019622093023255877,-0.009092382698038623,-0.004808922827673014,0.015101879721811968,0.04013305008944544,0.033818376787740495,0.036944269268014654
35M,P53_HUMAN_Kotler_2018,head,1,16,0.03747204830053669,0.09265452187683137,0.0679179541034822,0.16960517217904442,0.04013305008944544,0.033818376787740495,0.036944269268014654
35M,P53_HUMAN_Kotler_2018,head,1,17,0.012991949910554565,0.058674048304841714,0.03553853339067978,0.11220429832037863,0.04013305008944544,0.033818376787740495,0.036944269268014654
35M,P53_HUMAN_Kotler_2018,head,1,18,0.0001453488372093123,0.00044389580917467836,0.0007777393708952585,0.016490479839165403,0.04013305008944544,0.033818376787740495,0.036944269268014654
35M,P53_HUMAN_Kotler_2018,head,1,19,0.0039411896243291625,0.0005985112033815923,0.0015020462659274952,0.02417374699741262,0.04013305008944544,0.033818376787740495,0.036944269268014654
35M,P53_HUMAN_Kotler_2018,head,2,0,-0.01137634168157424,-0.011157246349705104,-0.007828847204228159,0.02855604184444413,0.04013305008944544,0.033818376787740495,0.036944269268014654
35M,P53_HUMAN_Kotler_2018,head,2,1,-0.014965339892665474,0.004518759585530996,-0.0056117292860101975,0.05655157339436926,0.04013305008944544,0.033818376787740495,0.036944269268014654
35M,P53_HUMAN_Kotler_2018,head,2,2,0.003315071556350635,-0.004324243444431969,-0.0005903958752767266,0.01805594937429682,0.04013305008944544,0.033818376787740495,0.036944269268014654
35M,P53_HUMAN_Kotler_2018,head,2,3,-0.002649821109123429,0.013262010748263699,0.0053590794310034995,0.029876256170381612,0.04013305008944544,0.033818376787740495,0.036944269268014654
35M,P53_HUMAN_Kotler_2018,head,2,4,-0.012924865831842571,0.025391837803463886,0.004253488942775795,0.04543323208623966,0.04013305008944544,0.033818376787740495,0.036944269268014654
35M,P53_HUMAN_Kotler_2018,head,2,5,0.023993738819320223,-0.004773126846968161,0.009084840217107364,0.0687126954698744,0.04013305008944544,0.033818376787740495,0.036944269268014654
35M,P53_HUMAN_Kotler_2018,head,2,6,0.008474955277280864,-0.019451614109901618,-0.004567487195995604,0.036333014756554434,0.04013305008944544,0.033818376787740495,0.036944269268014654
35M,P53_HUMAN_Kotler_2018,head,2,7,-0.007848837209302323,-0.007501340415715901,-0.00627666676341683,0.033806423270657034,0.04013305008944544,0.033818376787740495,0.036944269268014654
35M,P53_HUMAN_Kotler_2018,head,2,8,0.0030299642218246867,0.026668661704011276,0.013668159257803111,0.04789660412095799,0.04013305008944544,0.033818376787740495,0.036944269268014654
35M,P53_HUMAN_Kotler_2018,head,2,9,0.008955724508050093,0.010902879088267939,0.010239905220023056,0.07752661423991389,0.04013305008944544,0.033818376787740495,0.036944269268014654
35M,P53_HUMAN_Kotler_2018,head,2,10,0.0005254919499105629,-0.003680843900796763,-0.00022164582580221776,0.06344720301972596,0.04013305008944544,0.033818376787740495,0.036944269268014654
35M,P53_HUMAN_Kotler_2018,head,2,11,0.033385509838998226,-0.08577663063130464,-0.025945095162579847,0.22611318024392363,0.04013305008944544,0.033818376787740495,0.036944269268014654
35M,P53_HUMAN_Kotler_2018,head,2,12,-0.01866614490161002,0.044893327846980635,0.012511774934495741,0.06782984733581543,0.04013305008944544,0.033818376787740495,0.036944269268014654
35M,P53_HUMAN_Kotler_2018,head,2,13,0.00900044722719142,-0.0048678911208369195,0.0044078494286023395,0.021438357947897096,0.04013305008944544,0.033818376787740495,0.036944269268014654
35M,P53_HUMAN_Kotler_2018,head,2,14,0.021220930232558152,-0.03201536178755346,-0.0069264320563191505,0.0687653542471476,0.04013305008944544,0.033818376787740495,0.036944269268014654
35M,P53_HUMAN_Kotler_2018,head,2,15,0.004673524150268345,-0.003680843900796763,-0.0010363261676645114,0.025607637579450136,0.04013305008944544,0.033818376787740495,0.036944269268014654
35M,P53_HUMAN_Kotler_2018,head,2,16,0.030763640429338115,-0.012912879212957768,0.008833509682492344,0.07786880246586672,0.04013305008944544,0.033818376787740495,0.036944269268014654
35M,P53_HUMAN_Kotler_2018,head,2,17,0.002817531305903405,-4.488834025360988e-05,0.001592419712757566,0.030889904544380682,0.04013305008944544,0.033818376787740495,0.036944269268014654
35M,P53_HUMAN_Kotler_2018,head,2,18,-0.0014031753130590296,7.481390042270164e-05,0.00021175092286461472,0.00483585627813303,0.04013305008944544,0.033818376787740495,0.036944269268014654
35M,P53_HUMAN_Kotler_2018,head,2,19,0.006199686940966016,0.0018753351039289823,0.005943538364517671,0.051522965666912356,0.04013305008944544,0.033818376787740495,0.036944269268014654
35M,P53_HUMAN_Kotler_2018,head,3,0,0.000620527728085872,-0.002089801618474045,-0.0006253578656562481,0.009516808469939141,0.04013305008944544,0.033818376787740495,0.036944269268014654
35M,P53_HUMAN_Kotler_2018,head,3,1,0.0027783989266547474,0.015326874399930177,0.008382302108537847,0.03963065600667163,0.04013305008944544,0.033818376787740495,0.036944269268014654
35M,P53_HUMAN_Kotler_2018,head,3,2,-0.01595483005366726,0.025466651703886595,0.006175738753453314,0.05328759902330406,0.04013305008944544,0.033818376787740495,0.036944269268014654
35M,P53_HUMAN_Kotler_2018,head,3,3,-0.007055008944543827,0.016498958839885794,0.004054931223827982,0.033936340545973394,0.04013305008944544,0.033818376787740495,0.036944269268014654
35M,P53_HUMAN_Kotler_2018,head,3,4,0.020069320214669062,-0.062310003865384864,-0.021038542625922533,0.1414803912431115,0.04013305008944544,0.033818376787740495,0.036944269268014654
35M,P53_HUMAN_Kotler_2018,head,3,5,-0.001347271914132378,-0.002344168879911221,-0.0022758276756477194,0.013615107808276274,0.04013305008944544,0.033818376787740495,0.036944269268014654
35M,P53_HUMAN_Kotler_2018,head,3,6,0.010006708407871205,-0.00857367298844125,-0.000718369953269668,0.03169674293169957,0.04013305008944544,0.033818376787740495,0.036944269268014654
35M,P53_HUMAN_Kotler_2018,head,3,7,-0.0008273703041144845,-0.001571091908876665,-0.00019459975777277871,0.018218887622818748,0.04013305008944544,0.033818376787740495,0.036944269268014654
35M,P53_HUMAN_Kotler_2018,head,3,8,0.002543604651162795,-0.012618611204628486,-0.007394790795365494,0.062104301307591196,0.04013305008944544,0.033818376787740495,0.036944269268014654
35M,P53_HUMAN_Kotler_2018,head,3,9,0.0016603309481216522,-0.016334368258955848,-0.005479797246842208,0.03051514815921566,0.04013305008944544,0.033818376787740495,0.036944269268014654
35M,P53_HUMAN_Kotler_2018,head,3,10,0.019297853309481222,-0.009980174316387983,0.004535823506595281,0.038105311955789194,0.04013305008944544,0.033818376787740495,0.036944269268014654
35M,P53_HUMAN_Kotler_2018,head,3,11,-0.0011180679785330952,0.015062531951769972,0.006333397540259057,0.025756331451038898,0.04013305008944544,0.033818376787740495,0.036944269268014654
35M,P53_HUMAN_Kotler_2018,head,3,12,-0.00865943649373882,0.006209553735083979,-0.0014591683531978983,0.035039899920329395,0.04013305008944544,0.033818376787740495,0.036944269268014654
35M,P53_HUMAN_Kotler_2018,head,3,13,-0.000603756708407864,-0.00043890821581316075,-0.0007770797106994229,0.009105179699654815,0.04013305008944544,0.033818376787740495,0.036944269268014654
35M,P53_HUMAN_Kotler_2018,head,3,14,-0.0007770572450804952,-0.006897841618972805,-0.0035793162226274017,0.011428969894525217,0.04013305008944544,0.033818376787740495,0.036944269268014654
35M,P53_HUMAN_Kotler_2018,head,3,15,0.002554785330948127,0.0036359555605431568,0.0025588218996630413,0.009336659663530356,0.04013305008944544,0.033818376787740495,0.036944269268014654
35M,P53_HUMAN_Kotler_2018,head,3,16,0.0070997316636851535,-0.0028080150625319454,-0.00023945665108989628,0.018520575512498052,0.04013305008944544,0.033818376787740495,0.036944269268014654
35M,P53_HUMAN_Kotler_2018,head,3,17,-0.0015373434704829964,0.0007581141909500169,-0.0002539691753983761,0.010749848169972235,0.04013305008944544,0.033818376787740495,0.036944269268014654
35M,P53_HUMAN_Kotler_2018,head,3,18,0.0009615384615384651,-0.00027930522824473614,0.0007948905359871014,0.013814347325169089,0.04013305008944544,0.033818376787740495,0.036944269268014654
35M,P53_HUMAN_Kotler_2018,head,3,19,0.0361583184257603,-0.053013129839524185,-0.00928801555742606,0.10558478732526076,0.04013305008944544,0.033818376787740495,0.036944269268014654
35M,P53_HUMAN_Kotler_2018,head,4,0,0.004818872987477643,-0.011132308382897537,-0.00393157476720591,0.032644093716552504,0.04013305008944544,0.033818376787740495,0.036944269268014654
35M,P53_HUMAN_Kotler_2018,head,4,1,-0.006792262969588542,-0.018668561952144037,-0.015702551301773428,0.055287536106182145,0.04013305008944544,0.033818376787740495,0.036944269268014654
35M,P53_HUMAN_Kotler_2018,head,4,2,-0.00045840787119856563,-0.001740670083168118,-0.0022712100542768426,0.023045300077576148,0.04013305008944544,0.033818376787740495,0.036944269268014654
35M,P53_HUMAN_Kotler_2018,head,4,3,-0.0009391771019677947,0.004379106971408628,0.0029453827744252356,0.014749529697142626,0.04013305008944544,0.033818376787740495,0.036944269268014654
35M,P53_HUMAN_Kotler_2018,head,4,4,0.019555008944543838,-0.01467848726293345,0.002044946607103748,0.03425372916029433,0.04013305008944544,0.033818376787740495,0.036944269268014654
35M,P53_HUMAN_Kotler_2018,head,4,5,-0.0019063059033989221,0.00618960336163793,0.0018483678687434488,0.01846307130820851,0.04013305008944544,0.033818376787740495,0.036944269268014654
35M,P53_HUMAN_Kotler_2018,head,4,6,0.034022808586762085,-0.10021571341288546,-0.03244076911101553,0.2253405676141891,0.04013305008944544,0.033818376787740495,0.036944269268014654
35M,P53_HUMAN_Kotler_2018,head,4,7,-0.001548524150268328,0.005516278257833643,0.001993493111828233,0.014867450347871382,0.04013305008944544,0.033818376787740495,0.036944269268014654
35M,P53_HUMAN_Kotler_2018,head,4,8,0.0026386404293381044,-0.006753201411488916,-0.001455210392022864,0.018163909476972804,0.04013305008944544,0.033818376787740495,0.036944269268014654
35M,P53_HUMAN_Kotler_2018,head,4,9,0.005422629695885514,-0.008618561328694867,-0.0022085423356720535,0.012130882803478168,0.04013305008944544,0.033818376787740495,0.036944269268014654
35M,P53_HUMAN_Kotler_2018,head,4,10,0.008268112701252245,-0.011885434980486036,-0.002486259278120656,0.014457893462235484,0.04013305008944544,0.033818376787740495,0.036944269268014654
35M,P53_HUMAN_Kotler_2018,head,4,11,0.00479651162790698,-0.005072382448658961,-7.8499563304954e-05,0.008604663859755368,0.04013305008944544,0.033818376787740495,0.036944269268014654
35M,P53_HUMAN_Kotler_2018,head,4,12,-0.002633050089445435,-0.0032269729048990635,-0.0020871648596375095,0.020648907345963974,0.04013305008944544,0.033818376787740495,0.036944269268014654
35M,P53_HUMAN_Kotler_2018,head,4,13,0.002990831842576036,0.005346700083542197,0.002216458258022122,0.024102969314662222,0.04013305008944544,0.033818376787740495,0.036944269268014654
35M,P53_HUMAN_Kotler_2018,head,4,14,-0.003466010733452589,0.006932754772503401,0.0016761965576292323,0.01645797740370602,0.04013305008944544,0.033818376787740495,0.036944269268014654
35M,P53_HUMAN_Kotler_2018,head,4,15,0.010733452593917718,-0.006703325477873782,0.001512600829060927,0.015013892840976498,0.04013305008944544,0.033818376787740495,0.036944269268014654
35M,P53_HUMAN_Kotler_2018,head,4,16,0.0035722271914132436,-0.0006284367635506632,0.0036221941353569848,0.030067970544213125,0.04013305008944544,0.033818376787740495,0.036944269268014654
35M,P53_HUMAN_Kotler_2018,head,4,17,0.005327593917710205,0.004164640456863558,0.007339379338914931,0.0480023649708853,0.04013305008944544,0.033818376787740495,0.036944269268014654
35M,P53_HUMAN_Kotler_2018,head,4,18,0.03547629695885511,0.0013815633611391695,0.019444803592773285,0.0644277021458847,0.04013305008944544,0.033818376787740495,0.036944269268014654
35M,P53_HUMAN_Kotler_2018,head,4,19,-0.004695885509838994,-0.013187196847840994,-0.007617755941559386,0.03189071004381651,0.04013305008944544,0.033818376787740495,0.036944269268014654
35M,P53_HUMAN_Kotler_2018,head,5,0,-0.0022361359570661904,-0.00018952854773749556,-0.0002229651461938889,0.010961053036011671,0.04013305008944544,0.033818376787740495,0.036944269268014654
35M,P53_HUMAN_Kotler_2018,head,5,1,-0.0012913685152057194,-0.007391613361762611,-0.0039408100099476776,0.020038016395423804,0.04013305008944544,0.033818376787740495,0.036944269268014654
35M,P53_HUMAN_Kotler_2018,head,5,2,-0.002722495527728082,-0.002458883527226015,-0.002426230200299223,0.010124854261884218,0.04013305008944544,0.033818376787740495,0.036944269268014654
35M,P53_HUMAN_Kotler_2018,head,5,3,0.0006708407871198613,-0.0019052606640980532,0.000511236651775937,0.007100161944052112,0.04013305008944544,0.033818376787740495,0.036944269268014654
35M,P53_HUMAN_Kotler_2018,head,5,4,0.0005478533094812194,0.0014663524482848925,0.0015561384019863664,0.0077804191030930205,0.04013305008944544,0.033818376787740495,0.036944269268014654
35M,P53_HUMAN_Kotler_2018,head,5,5,0.0034939624329159286,0.002438933153779979,0.0018800315581437646,0.0302510451907894,0.04013305008944544,0.033818376787740495,0.036944269268014654
35M,P53_HUMAN_Kotler_2018,head,5,6,0.008670617173524159,0.02224965398571055,0.013661562655844721,0.04655938094106464,0.04013305008944544,0.033818376787740495,0.036944269268014654
35M,P53_HUMAN_Kotler_2018,head,5,7,0.008983676207513426,0.0021247147720046475,0.005788518218495284,0.024460135757243224,0.04013305008944544,0.033818376787740495,0.036944269268014654
35M,P53_HUMAN_Kotler_2018,head,5,8,-0.011163908765652947,0.020419207222035198,0.004541100788162,0.027394096207709367,0.04013305008944544,0.033818376787740495,0.036944269268014654
35M,P53_HUMAN_Kotler_2018,head,5,9,-0.004858005366726294,-0.007172159253856031,-0.005399318702949733,0.023879765104431617,0.04013305008944544,0.033818376787740495,0.036944269268014654
35M,P53_HUMAN_Kotler_2018,head,5,10,-0.001391994633273698,0.002892804149677679,0.0017131375285962674,0.014962466497385004,0.04013305008944544,0.033818376787740495,0.036944269268014654
35M,P53_HUMAN_Kotler_2018,head,5,11,0.014635509838998216,-0.038369555730121324,-0.014434024745173267,0.08627444845641974,0.04013305008944544,0.033818376787740495,0.036944269268014654
35M,P53_HUMAN_Kotler_2018,head,5,12,-0.00039691413237924467,0.00017456576765296355,0.00045648485552122336,0.01151801832728513,0.04013305008944544,0.033818376787740495,0.036944269268014654
35M,P53_HUMAN_Kotler_2018,head,5,13,0.0007882379248658339,-0.0006583623237197411,0.0005402617003928897,0.006155340843780866,0.04013305008944544,0.033818376787740495,0.036944269268014654
35M,P53_HUMAN_Kotler_2018,head,5,14,-0.0004975402504472232,0.002399032406887873,0.0008714111187045279,0.008752941178731592,0.04013305008944544,0.033818376787740495,0.036944269268014654
35M,P53_HUMAN_Kotler_2018,head,5,15,-0.002990831842576022,0.006005062407261938,0.0006748323803442355,0.011266205700631377,0.04013305008944544,0.033818376787740495,0.036944269268014654
35M,P53_HUMAN_Kotler_2018,head,5,16,1.6771019678001042e-05,-0.0016758313694684446,-0.0008938395653630901,0.0067395153154438435,0.04013305008944544,0.033818376787740495,0.036944269268014654
35M,P53_HUMAN_Kotler_2018,head,5,17,0.00594812164579607,0.00865846207558698,0.00691257919220651,0.028075384549768254,0.04013305008944544,0.033818376787740495,0.036944269268014654
35M,P53_HUMAN_Kotler_2018,head,5,18,-0.004539355992844364,0.0038204965149191417,-0.0002730993210777258,0.02800464448820049,0.04013305008944544,0.033818376787740495,0.036944269268014654
35M,P53_HUMAN_Kotler_2018,head,5,19,-0.004617620751341679,0.011067469669197874,0.0017019233052669863,0.03399628242159071,0.04013305008944544,0.033818376787740495,0.036944269268014654
35M,P53_HUMAN_Kotler_2018,head,6,0,-0.0016491502683363135,0.0074714148555468304,0.003926957145835033,0.029465932809807954,0.04013305008944544,0.033818376787740495,0.036944269268014654
35M,P53_HUMAN_Kotler_2018,head,6,1,-0.0008385509838998162,-0.0037706205813040003,-0.0034111028726882195,0.018762826013021143,0.04013305008944544,0.033818376787740495,0.036944269268014654
35M,P53_HUMAN_Kotler_2018,head,6,2,0.011599955277280867,-0.010892903901544904,0.0006636181570149544,0.030841575375981204,0.04013305008944544,0.033818376787740495,0.036944269268014654
35M,P53_HUMAN_Kotler_2018,head,6,3,-0.006831395348837206,0.012788189378919936,0.0036584754461281913,0.035460659306312245,0.04013305008944544,0.033818376787740495,0.036944269268014654
35M,P53_HUMAN_Kotler_2018,head,6,4,-0.001855992844364933,0.013925360665344964,0.005196143362631037,0.042411672298445904,0.04013305008944544,0.033818376787740495,0.036944269268014654
35M,P53_HUMAN_Kotler_2018,head,6,5,0.0013528622540250473,0.0031920597513684715,0.00218941218999269,0.006832804969961652,0.04013305008944544,0.033818376787740495,0.036944269268014654
35M,P53_HUMAN_Kotler_2018,head,6,6,0.007899150268336319,-0.017566303819249614,-0.00668301744405422,0.04530947561953004,0.04013305008944544,0.033818376787740495,0.036944269268014654
35M,P53_HUMAN_Kotler_2018,head,6,7,0.0028454830053667307,-0.017182259130413095,-0.0073420179796982975,0.04330580180135517,0.04013305008944544,0.033818376787740495,0.036944269268014654
35M,P53_HUMAN_Kotler_2018,head,6,8,0.003918828264758499,0.004982605768151724,0.00298760102695899,0.013455024690229177,0.04013305008944544,0.033818376787740495,0.036944269268014654
35M,P53_HUMAN_Kotler_2018,head,6,9,0.025424865831842586,-0.01184553423359393,0.008018169680434208,0.04632916423304453,0.04013305008944544,0.033818376787740495,0.036944269268014654
35M,P53_HUMAN_Kotler_2018,head,6,10,-0.006311493738819313,0.004339206224516522,-0.0019875561700656783,0.022485225372894636,0.04013305008944544,0.033818376787740495,0.036944269268014654
35M,P53_HUMAN_Kotler_2018,head,6,11,-0.0014646690518783506,0.01825459170313845,0.008427159001854957,0.030891917504285226,0.04013305008944544,0.033818376787740495,0.036944269268014654
35M,P53_HUMAN_Kotler_2018,head,6,12,-0.002107558139534879,0.006184615768276412,0.0007407983999282303,0.02144396713024763,0.04013305008944544,0.033818376787740495,0.036944269268014654
35M,P53_HUMAN_Kotler_2018,head,6,13,0.010319767441860472,-0.0027232259753862224,0.00499296802231234,0.022582041446700295,0.04013305008944544,0.033818376787740495,0.036944269268014654
35M,P53_HUMAN_Kotler_2018,head,6,14,0.0025100626118068,-0.04483347672664248,-0.023296559476282577,0.10553007842016764,0.04013305008944544,0.033818376787740495,0.036944269268014654
35M,P53_HUMAN_Kotler_2018,head,6,15,-0.0008273703041144845,0.020284542201274333,0.008865833032088509,0.028837035817338486,0.04013305008944544,0.033818376787740495,0.036944269268014654
35M,P53_HUMAN_Kotler_2018,head,6,16,-0.002834302325581392,0.004419007718300727,0.0010514983521688268,0.010862199979136651,0.04013305008944544,0.033818376787740495,0.036944269268014654
35M,P53_HUMAN_Kotler_2018,head,6,17,-0.007882379248658318,-0.000673325103804287,-0.005087959090513294,0.01596982352180626,0.04013305008944544,0.033818376787740495,0.036944269268014654
35M,P53_HUMAN_Kotler_2018,head,6,18,0.009162567084078713,-0.010833052781206744,-0.0015205167514110163,0.025567334414434977,0.04013305008944544,0.033818376787740495,0.036944269268014654
35M,P53_HUMAN_Kotler_2018,head,6,19,-0.007658765652951698,0.004404044938216195,-0.0009307805363301253,0.016528225217028715,0.04013305008944544,0.033818376787740495,0.036944269268014654
35M,P53_HUMAN_Kotler_2018,head,7,0,-0.01308698568872987,0.0006433995436352091,-0.008711472546261971,0.031766708359518885,0.04013305008944544,0.033818376787740495,0.036944269268014654
35M,P53_HUMAN_Kotler_2018,head,7,1,0.0017162343470483038,-0.0011072457262559302,0.0006049083995851995,0.008268217170193168,0.04013305008944544,0.033818376787740495,0.036944269268014654
35M,P53_HUMAN_Kotler_2018,head,7,2,-0.011544051878354201,-0.004164640456863555,-0.006100537491127572,0.03584144686564746,0.04013305008944544,0.033818376787740495,0.036944269268014654
35M,P53_HUMAN_Kotler_2018,head,7,3,-0.005299642218246865,-0.004803052407137243,-0.009973402500903734,0.0680700753578215,0.04013305008944544,0.033818376787740495,0.036944269268014654
35M,P53_HUMAN_Kotler_2018,head,7,4,-0.001855992844364933,-0.0028130026558934595,-0.0020198795196618366,0.01397545210762169,0.04013305008944544,0.033818376787740495,0.036944269268014654
35M,P53_HUMAN_Kotler_2018,head,7,5,-0.008100402504472269,0.006773151784934976,0.0010033431578725105,0.025557938184121717,0.04013305008944544,0.033818376787740495,0.036944269268014654
35M,P53_HUMAN_Kotler_2018,head,7,6,0.01818537567084079,0.0058853601665856195,0.011848156777480773,0.028183307031261602,0.04013305008944544,0.033818376787740495,0.036944269268014654
35M,P53_HUMAN_Kotler_2018,head,7,7,0.0033094812164579657,-0.0009077419917954063,0.0003298300979199531,0.02527807420650816,0.04013305008944544,0.033818376787740495,0.036944269268014654
35M,P53_HUMAN_Kotler_2018,head,7,8,0.006999105545617182,-0.002513747054202667,0.004185543942604286,0.016381335802404598,0.04013305008944544,0.033818376787740495,0.036944269268014654
35M,P53_HUMAN_Kotler_2018,head,7,9,0.010985017889087664,0.005406551203880353,0.008789312449371076,0.031234674580650185,0.04013305008944544,0.033818376787740495,0.036944269268014654
35M,P53_HUMAN_Kotler_2018,head,7,10,-0.004528175313059032,0.01654384718013941,0.0026458970455139133,0.025468633655359535,0.04013305008944544,0.033818376787740495,0.036944269268014654
35M,P53_HUMAN_Kotler_2018,head,7,11,-0.0010789355992844307,0.002413995186972412,0.0009175873324133235,0.013183413349630262,0.04013305008944544,0.033818376787740495,0.036944269268014654
35M,P53_HUMAN_Kotler_2018,head,7,12,-0.0038796958855098346,-0.00033915634858289884,-0.0004822116031589774,0.02706347944165364,0.04013305008944544,0.033818376787740495,0.036944269268014654
35M,P53_HUMAN_Kotler_2018,head,7,13,0.0121925313059034,-0.0006683375104427694,0.00486895190549444,0.05304151433502313,0.04013305008944544,0.033818376787740495,0.036944269268014654
35M,P53_HUMAN_Kotler_2018,head,7,14,0.003672853309481222,-0.0033815882991059705,0.0014156307802724588,0.01918499596671913,0.04013305008944544,0.033818376787740495,0.036944269268014654
35M,P53_HUMAN_Kotler_2018,head,7,15,-0.017894677996422182,-0.04648437012930336,-0.03488744877738579,0.09353052617932454,0.04013305008944544,0.033818376787740495,0.036944269268014654
35M,P53_HUMAN_Kotler_2018,head,7,16,0.0025044722719141377,0.0007531265975884993,-0.0004749553410047444,0.0322641410755114,0.04013305008944544,0.033818376787740495,0.036944269268014654
35M,P53_HUMAN_Kotler_2018,head,7,17,-0.002571556350626114,0.006214541328445497,0.003106339862210178,0.047400865264718525,0.04013305008944544,0.033818376787740495,0.036944269268014654
35M,P53_HUMAN_Kotler_2018,head,7,18,0.008821556350626127,-0.004972630581428692,0.00429966515648459,0.018581820984756994,0.04013305008944544,0.033818376787740495,0.036944269268014654
35M,P53_HUMAN_Kotler_2018,head,7,19,0.0002906976744186107,-0.004882853900921455,-0.0007559705844325526,0.02098458438771759,0.04013305008944544,0.033818376787740495,0.036944269268014654
35M,P53_HUMAN_Kotler_2018,head,8,0,0.009324686940966012,0.007167171660494527,0.007591369533725786,0.020784050792795623,0.04013305008944544,0.033818376787740495,0.036944269268014654
35M,P53_HUMAN_Kotler_2018,head,8,1,0.010599284436493744,-0.010174690457487,-0.002453276268328662,0.019823670840535327,0.04013305008944544,0.033818376787740495,0.036944269268014654
35M,P53_HUMAN_Kotler_2018,head,8,2,0.009347048300536676,-0.009341762366114288,-0.0007309034969906342,0.024743653975512137,0.04013305008944544,0.033818376787740495,0.036944269268014654
35M,P53_HUMAN_Kotler_2018,head,8,3,-0.006781082289803217,0.007366675394955051,-0.0019361026747901564,0.03989752934459498,0.04013305008944544,0.033818376787740495,0.036944269268014654
35M,P53_HUMAN_Kotler_2018,head,8,4,-0.0030411449016100114,0.0023092557263806324,-0.0004815519429631418,0.01968416424305267,0.04013305008944544,0.033818376787740495,0.036944269268014654
35M,P53_HUMAN_Kotler_2018,head,8,5,0.019761851520572457,-0.005142208755720145,0.006928411036906661,0.07519189395832018,0.04013305008944544,0.033818376787740495,0.036944269268014654
35M,P53_HUMAN_Kotler_2018,head,8,6,0.0005199016100178935,0.0023790820334418164,0.0031155751049519384,0.04035522865251896,0.04013305008944544,0.033818376787740495,0.036944269268014654
35M,P53_HUMAN_Kotler_2018,head,8,7,0.00043604651162790914,0.002847915809424062,0.003015966415380107,0.043459780315935836,0.04013305008944544,0.033818376787740495,0.036944269268014654
35M,P53_HUMAN_Kotler_2018,head,8,8,-0.0020348837209302265,-0.0016159802491302888,-0.0009004361673214945,0.05321910490101281,0.04013305008944544,0.033818376787740495,0.036944269268014654
35M,P53_HUMAN_Kotler_2018,head,8,9,0.0046847048300536764,0.007650968216561305,0.002517922967520965,0.046889961445739516,0.04013305008944544,0.033818376787740495,0.036944269268014654
35M,P53_HUMAN_Kotler_2018,head,8,10,0.005277280858676209,-0.0011022581328944195,0.0017355659752548228,0.03658698856150696,0.04013305008944544,0.033818376787740495,0.036944269268014654
35M,P53_HUMAN_Kotler_2018,head,8,11,0.00026274597495527796,-0.0025785857679023368,-0.0015739492272740518,0.006712656057379545,0.04013305008944544,0.033818376787740495,0.036944269268014654
35M,P53_HUMAN_Kotler_2018,head,8,12,-0.0035666368515205674,-0.0019451614109901594,-0.0030199243765551484,0.01936246007114309,0.04013305008944544,0.033818376787740495,0.036944269268014654
35M,P53_HUMAN_Kotler_2018,head,8,13,0.011057692307692317,-0.019780795271761492,-0.0025957628706300834,0.03453924356757915,0.04013305008944544,0.033818376787740495,0.036944269268014654
35M,P53_HUMAN_Kotler_2018,head,8,14,-0.007312164579606435,-0.004194566017032629,-0.0033326033093832724,0.014444920046701178,0.04013305008944544,0.033818376787740495,0.036944269268014654
35M,P53_HUMAN_Kotler_2018,head,8,15,0.0054282200357781765,-0.005451439544133966,0.00024605325304828674,0.03626949614898334,0.04013305008944544,0.033818376787740495,0.036944269268014654
35M,P53_HUMAN_Kotler_2018,head,8,16,0.006205277280858686,-0.00480804000049876,-0.00023154072873981385,0.03298653894504214,0.04013305008944544,0.033818376787740495,0.036944269268014654
35M,P53_HUMAN_Kotler_2018,head,8,17,-0.006071109123434698,-0.0012518859337398158,-0.0039823686022855895,0.032223870545739004,0.04013305008944544,0.033818376787740495,0.036944269268014654
35M,P53_HUMAN_Kotler_2018,head,8,18,-0.007580500894454376,-0.023730969214079974,-0.01910969621328661,0.06306720210572159,0.04013305008944544,0.033818376787740495,0.036944269268014654
35M,P53_HUMAN_Kotler_2018,head,8,19,-0.0006484794275491909,-0.0008229529046496833,0.0010574352939313886,0.009079376554307829,0.04013305008944544,0.033818376787740495,0.036944269268014654
35M,P53_HUMAN_Kotler_2018,head,9,0,-0.0209358228980322,-0.0018853102906520036,-0.013639134209186162,0.08032967926431518,0.04013305008944544,0.033818376787740495,0.036944269268014654
35M,P53_HUMAN_Kotler_2018,head,9,1,-0.007351296958855093,0.0032319604982605846,-0.004083956272444934,0.016935965407483933,0.04013305008944544,0.033818376787740495,0.036944269268014654
35M,P53_HUMAN_Kotler_2018,head,9,2,0.03484458855098392,-0.03157146597837878,0.0030509284057596286,0.07241516104215905,0.04013305008944544,0.033818376787740495,0.036944269268014654
35M,P53_HUMAN_Kotler_2018,head,9,3,-0.005322003577817529,-0.0040200002493796655,-0.005991033898618145,0.023032308531351416,0.04013305008944544,0.033818376787740495,0.036944269268014654
35M,P53_HUMAN_Kotler_2018,head,9,4,-0.012667710196779963,-0.0030025312036309655,-0.009930524588174141,0.04039656254728484,0.04013305008944544,0.033818376787740495,0.036944269268014654
35M,P53_HUMAN_Kotler_2018,head,9,5,0.016273479427549198,0.011461489544757418,0.014965051202824396,0.041069460459081844,0.04013305008944544,0.033818376787740495,0.036944269268014654
35M,P53_HUMAN_Kotler_2018,head,9,6,0.0025491949910554576,-0.014673499669571939,-0.007405345358498929,0.0336750600727792,0.04013305008944544,0.033818376787740495,0.036944269268014654
35M,P53_HUMAN_Kotler_2018,head,9,7,-0.011303667262969587,-0.014808164690332797,-0.0141503708609621,0.04445625847283425,0.04013305008944544,0.033818376787740495,0.036944269268014654
35M,P53_HUMAN_Kotler_2018,head,9,8,0.00343805903398927,0.017057569296375273,0.010221434734539535,0.03714277581116999,0.04013305008944544,0.033818376787740495,0.036944269268014654
35M,P53_HUMAN_Kotler_2018,head,9,9,0.011532871198568884,-0.010119826930510351,0.0002816749036236438,0.03870958203145306,0.04013305008944544,0.033818376787740495,0.036944269268014654
35M,P53_HUMAN_Kotler_2018,head,9,10,0.01009056350626119,0.004179603236948097,0.007305736668927101,0.017457554548865488,0.04013305008944544,0.033818376787740495,0.036944269268014654
35M,P53_HUMAN_Kotler_2018,head,9,11,-0.014182692307692306,-0.01015972767740246,-0.012816537944973783,0.0515445983001941,0.04013305008944544,0.033818376787740495,0.036944269268014654
35M,P53_HUMAN_Kotler_2018,head,9,12,0.014182692307692313,-0.008688387635756054,0.0027784887448777384,0.02433614359155807,0.04013305008944544,0.033818376787740495,0.036944269268014654
35M,P53_HUMAN_Kotler_2018,head,9,13,0.004399597495527735,-0.0008678412449033002,0.0008700917983128567,0.012004781585229213,0.04013305008944544,0.033818376787740495,0.036944269268014654
35M,P53_HUMAN_Kotler_2018,head,9,14,-0.006350626118067977,-0.0008179653112881657,-0.0037112482617953843,0.0180309321943798,0.04013305008944544,0.033818376787740495,0.036944269268014654
35M,P53_HUMAN_Kotler_2018,head,9,15,0.0008273703041144914,-0.0010074938590256682,-1.781082528768546e-05,0.014286223473204407,0.04013305008944544,0.033818376787740495,0.036944269268014654
35M,P53_HUMAN_Kotler_2018,head,9,16,0.013886404293381047,-0.010853003154652797,0.003141961512785535,0.02744571020394677,0.04013305008944544,0.033818376787740495,0.036944269268014654
35M,P53_HUMAN_Kotler_2018,head,9,17,0.0026554114490161054,-0.002568610581179312,0.0020429676265162275,0.01055826524364631,0.04013305008944544,0.033818376787740495,0.036944269268014654
35M,P53_HUMAN_Kotler_2018,head,9,18,0.007619633273703047,-8.977668050723364e-05,0.0026511743270806326,0.013972687177331728,0.04013305008944544,0.033818376787740495,0.036944269268014654
35M,P53_HUMAN_Kotler_2018,head,9,19,0.007681127012522368,-0.016344343445678873,-0.005591939480134991,0.03743633117965872,0.04013305008944544,0.033818376787740495,0.036944269268014654
35M,P53_HUMAN_Kotler_2018,head,10,0,-0.004131261180679781,-0.007466427262185309,-0.005512780256634202,0.027170892450746022,0.04013305008944544,0.033818376787740495,0.036944269268014654
35M,P53_HUMAN_Kotler_2018,head,10,1,-0.0021299194991055426,0.0038803476352573044,0.001308106168350559,0.012794112977872783,0.04013305008944544,0.033818376787740495,0.036944269268014654
35M,P53_HUMAN_Kotler_2018,head,10,2,-0.04355433810375671,0.017471539545380874,-0.015335780232886436,0.06325175508346847,0.04013305008944544,0.033818376787740495,0.036944269268014654
35M,P53_HUMAN_Kotler_2018,head,10,3,-0.020387969588550985,-0.002568610581179312,-0.009978020122274611,0.04660258524318158,0.04013305008944544,0.033818376787740495,0.036944269268014654
35M,P53_HUMAN_Kotler_2018,head,10,4,-0.00162678890876565,0.005745707552463251,-0.0015548190815946883,0.08578801109763606,0.04013305008944544,0.033818376787740495,0.036944269268014654
35M,P53_HUMAN_Kotler_2018,head,10,5,0.004399597495527735,0.004922754647813561,0.005725850499890495,0.0501718729621104,0.04013305008944544,0.033818376787740495,0.036944269268014654
35M,P53_HUMAN_Kotler_2018,head,10,6,0.014976520572450809,-0.00782054639085275,-0.00045648485552122336,0.050949286598669714,0.04013305008944544,0.033818376787740495,0.036944269268014654
35M,P53_HUMAN_Kotler_2018,head,10,7,-0.009252012522361356,0.0017506452698911462,-0.005302348654161265,0.03690525152837369,0.04013305008944544,0.033818376787740495,0.036944269268014654
35M,P53_HUMAN_Kotler_2018,head,10,8,0.015177772808586773,-0.008379156847342233,0.0063202043363422625,0.07291194331963252,0.04013305008944544,0.033818376787740495,0.036944269268014654
35M,P53_HUMAN_Kotler_2018,head,10,9,-0.0055512075134168115,0.01934687464930985,0.0048649939443193985,0.032838407124856576,0.04013305008944544,0.033818376787740495,0.036944269268014654
35M,P53_HUMAN_Kotler_2018,head,10,10,0.005344364937388199,-0.00616965298819187,0.001022473303551874,0.02724938428900541,0.04013305008944544,0.033818376787740495,0.036944269268014654
35M,P53_HUMAN_Kotler_2018,head,10,11,-0.012578264758497316,-0.005027494108405341,-0.013558655665293694,0.0613919886346099,0.04013305008944544,0.033818376787740495,0.036944269268014654
35M,P53_HUMAN_Kotler_2018,head,10,12,-0.003466010733452589,0.002708263195301687,-0.001176833789378419,0.02030290079660742,0.04013305008944544,0.033818376787740495,0.036944269268014654
35M,P53_HUMAN_Kotler_2018,head,10,13,0.0017385957066189672,-0.004289330290901384,-0.0019354430145943208,0.007953301582046334,0.04013305008944544,0.033818376787740495,0.036944269268014654
35M,P53_HUMAN_Kotler_2018,head,10,14,0.02985800536672631,-0.01318220925447948,0.01068451619201917,0.057705784478568306,0.04013305008944544,0.033818376787740495,0.036944269268014654
35M,P53_HUMAN_Kotler_2018,head,10,15,-0.00045840787119856563,-0.0013017618673549503,-0.0036413242810363552,0.035360828551956006,0.04013305008944544,0.033818376787740495,0.036944269268014654
35M,P53_HUMAN_Kotler_2018,head,10,16,0.0035386851520572485,0.009446501826706075,0.005071467585617294,0.03023062096802454,0.04013305008944544,0.033818376787740495,0.036944269268014654
35M,P53_HUMAN_Kotler_2018,head,10,17,0.0016044275491949936,0.0032768488385142014,0.0012460981099416055,0.013873357736565768,0.04013305008944544,0.033818376787740495,0.036944269268014654
35M,P53_HUMAN_Kotler_2018,head,10,18,-0.01626788908765653,-0.01969600618461577,-0.017804888345915253,0.04305757406546589,0.04013305008944544,0.033818376787740495,0.036944269268014654
35M,P53_HUMAN_Kotler_2018,head,10,19,-0.0006876118067978484,0.0050424568884898865,0.0023602641807152283,0.021447375700047715,0.04013305008944544,0.033818376787740495,0.036944269268014654
35M,P53_HUMAN_Kotler_2018,head,11,0,0.001967799642218257,0.002653399668325049,0.0014070551977265477,0.02608144555255034,0.04013305008944544,0.033818376787740495,0.036944269268014654
35M,P53_HUMAN_Kotler_2018,head,11,1,0.005092799642218253,-0.007750720083791567,-0.0011999218962328098,0.042684289892363454,0.04013305008944544,0.033818376787740495,0.036944269268014654
35M,P53_HUMAN_Kotler_2018,head,11,2,-0.013606887298747764,0.013965261412237064,-0.0009255032547634129,0.04555080916038484,0.04013305008944544,0.033818376787740495,0.036944269268014654
35M,P53_HUMAN_Kotler_2018,head,11,3,-0.026140429338103757,-0.0601404007531266,-0.040121852431375546,0.09325243221036382,0.04013305008944544,0.033818376787740495,0.036944269268014654
35M,P53_HUMAN_Kotler_2018,head,11,4,0.004455500894454387,0.0034963029464207818,0.003230355979028078,0.01207306720458056,0.04013305008944544,0.033818376787740495,0.036944269268014654
35M,P53_HUMAN_Kotler_2018,head,11,5,0.014216234347048301,-0.013326849461963365,0.0008127013612747799,0.09659504006570736,0.04013305008944544,0.033818376787740495,0.036944269268014654
35M,P53_HUMAN_Kotler_2018,head,11,6,-0.0019733899821109124,-0.002738188755470765,0.0006741727201483999,0.027239264644144154,0.04013305008944544,0.033818376787740495,0.036944269268014654
35M,P53_HUMAN_Kotler_2018,head,11,7,0.0056462432915921346,-0.0022095038591503566,0.0023615835011069064,0.022219369619971445,0.04013305008944544,0.033818376787740495,0.036944269268014654
35M,P53_HUMAN_Kotler_2018,head,11,8,-0.019879248658318423,-0.01257871045773638,-0.015503993582825611,0.06314725748939659,0.04013305008944544,0.033818376787740495,0.036944269268014654
35M,P53_HUMAN_Kotler_2018,head,11,9,-0.013847271914132379,-0.005236973029588893,-0.007967375845354539,0.025996999595555063,0.04013305008944544,0.033818376787740495,0.036944269268014654
35M,P53_HUMAN_Kotler_2018,head,11,10,0.005042486583184264,0.013621117470292654,0.007328824775781492,0.03912793366174734,0.04013305008944544,0.033818376787740495,0.036944269268014654
35M,P53_HUMAN_Kotler_2018,head,11,11,0.005735688729874781,-0.002962630456738863,0.00248098199655393,0.019945655938790326,0.04013305008944544,0.033818376787740495,0.036944269268014654
35M,P53_HUMAN_Kotler_2018,head,11,12,0.0036001788908765694,0.007261935934363271,0.005015396468970902,0.021803399909131882,0.04013305008944544,0.033818376787740495,0.036944269268014654
35M,P53_HUMAN_Kotler_2018,head,11,13,-0.015999552772808585,0.00983054651554259,-0.006419153365718248,0.058013657879920064,0.04013305008944544,0.033818376787740495,0.036944269268014654
35M,P53_HUMAN_Kotler_2018,head,11,14,0.006015205724508053,0.001795533610144777,0.0031571336972898503,0.0354814175870482,0.04013305008944544,0.033818376787740495,0.036944269268014654
35M,P53_HUMAN_Kotler_2018,head,11,15,-0.006881708407871195,-0.0020149877180513434,-0.00397709132071887,0.02304885550596868,0.04013305008944544,0.033818376787740495,0.036944269268014654
35M,P53_HUMAN_Kotler_2018,head,11,16,0.019773032200357782,0.0397910198381526,0.027918138808337045,0.08577629867162088,0.04013305008944544,0.033818376787740495,0.036944269268014654
35M,P53_HUMAN_Kotler_2018,head,11,17,-0.010129695885509837,0.010917841868352478,0.0011161450513611365,0.051202824813784756,0.04013305008944544,0.033818376787740495,0.036944269268014654
35M,P53_HUMAN_Kotler_2018,head,11,18,-0.006741949910554559,-0.0017755832366987065,-0.0036868408345493084,0.10027423104405857,0.04013305008944544,0.033818376787740495,0.036944269268014654
35M,P53_HUMAN_Kotler_2018,head,11,19,0.00339333631484795,-0.024115013902916496,-0.009149486916299673,0.05645943095928816,0.04013305008944544,0.033818376787740495,0.036944269268014654
35M,P53_HUMAN_Kotler_2018,attn_layer,0,-1,-0.044068649373881934,-0.2553348545493086,-0.143926640508941,0.48252259143858356,0.04013305008944544,0.033818376787740495,0.036944269268014654
35M,P53_HUMAN_Kotler_2018,mlp,0,-1,0.21740272808586764,-0.0421651142782329,0.09694234306024278,1.7242722552085556,0.04013305008944544,0.033818376787740495,0.036944269268014654
35M,P53_HUMAN_Kotler_2018,attn_layer,1,-1,-0.11580389087656531,-0.20210227060187785,-0.1532087191246045,0.4728297756651962,0.04013305008944544,0.033818376787740495,0.036944269268014654
35M,P53_HUMAN_Kotler_2018,mlp,1,-1,-0.04492956171735242,-0.05028990386413796,-0.04832472696664493,0.35484223175411445,0.04013305008944544,0.033818376787740495,0.036944269268014654
35M,P53_HUMAN_Kotler_2018,attn_layer,2,-1,-0.03597942754919499,-0.13098916445342212,-0.07976413190037546,0.4813927312314284,0.04013305008944544,0.033818376787740495,0.036944269268014654
35M,P53_HUMAN_Kotler_2018,mlp,2,-1,-0.04115608228980322,-0.09936283494806669,-0.06639479871128783,0.26668639509396863,0.04013305008944544,0.033818376787740495,0.036944269268014654
35M,P53_HUMAN_Kotler_2018,attn_layer,3,-1,0.07309928443649376,-0.02526714796942605,0.018944781164326623,0.2731480942932825,0.04013305008944544,0.033818376787740495,0.036944269268014654
35M,P53_HUMAN_Kotler_2018,mlp,3,-1,-0.017346824686940966,-0.12753276225389343,-0.06898924226152622,0.25186110993301913,0.04013305008944544,0.033818376787740495,0.036944269268014654
35M,P53_HUMAN_Kotler_2018,attn_layer,4,-1,0.004008273703041146,-0.07895859050611603,-0.033066786636867615,0.2763852610787511,0.04013305008944544,0.033818376787740495,0.036944269268014654
35M,P53_HUMAN_Kotler_2018,mlp,4,-1,-0.028957960644007158,-0.076868788887642,-0.04855758701577642,0.2470591313032143,0.04013305008944544,0.033818376787740495,0.036944269268014654
35M,P53_HUMAN_Kotler_2018,attn_layer,5,-1,0.022238372093023255,0.018319430416838117,0.01879371897947929,0.11961468317662809,0.04013305008944544,0.033818376787740495,0.036944269268014654
35M,P53_HUMAN_Kotler_2018,mlp,5,-1,0.07260174418604654,-0.12297410192147035,-0.014730212173105387,0.3386237226964856,0.04013305008944544,0.033818376787740495,0.036944269268014654
35M,P53_HUMAN_Kotler_2018,attn_layer,6,-1,0.0008665026833631559,-0.08519308220800759,-0.037975318154112446,0.24817270607096162,0.04013305008944544,0.033818376787740495,0.036944269268014654
35M,P53_HUMAN_Kotler_2018,mlp,6,-1,0.03698009838998212,-0.07695357797478772,-0.011600784204040811,0.16032022487074704,0.04013305008944544,0.033818376787740495,0.036944269268014654
35M,P53_HUMAN_Kotler_2018,attn_layer,7,-1,-0.0037119856887298727,-0.07982643175101933,-0.04485095637535192,0.23024135986661728,0.04013305008944544,0.033818376787740495,0.036944269268014654
35M,P53_HUMAN_Kotler_2018,mlp,7,-1,0.022478756708407877,-0.06889362710258233,-0.022529374668520747,0.1942557295918918,0.04013305008944544,0.033818376787740495,0.036944269268014654
35M,P53_HUMAN_Kotler_2018,attn_layer,8,-1,-0.032049418604651166,-0.08088878913702166,-0.051721317315024676,0.2724322914623942,0.04013305008944544,0.033818376787740495,0.036944269268014654
35M,P53_HUMAN_Kotler_2018,mlp,8,-1,-0.06692754919499105,-0.008603598548610328,-0.038476000242754944,0.1424069975718799,0.04013305008944544,0.033818376787740495,0.036944269268014654
35M,P53_HUMAN_Kotler_2018,attn_layer,9,-1,0.018012075134168165,-0.05298819187271662,-0.02413498758519511,0.2044844350887342,0.04013305008944544,0.033818376787740495,0.036944269268014654
35M,P53_HUMAN_Kotler_2018,mlp,9,-1,0.013841681574239727,-0.03522238431900647,-0.005263428702606716,0.1735537732055432,0.04013305008944544,0.033818376787740495,0.036944269268014654
35M,P53_HUMAN_Kotler_2018,attn_layer,10,-1,-0.05995080500894455,-0.04183094552301151,-0.05300105809495412,0.30223143916619594,0.04013305008944544,0.033818376787740495,0.036944269268014654
35M,P53_HUMAN_Kotler_2018,mlp,10,-1,0.021550760286225407,0.08879412461502016,0.05424715620489573,0.20785008546517375,0.04013305008944544,0.033818376787740495,0.036944269268014654
35M,P53_HUMAN_Kotler_2018,attn_layer,11,-1,-0.00488036672629695,-0.05865409793139566,-0.028893116577788445,0.2935223697256226,0.04013305008944544,0.033818376787740495,0.036944269268014654
35M,P53_HUMAN_Kotler_2018,mlp,11,-1,0.006227638640429342,-0.033042806020025184,-0.01552114474791745,0.20885506827568373,0.04013305008944544,0.033818376787740495,0.036944269268014654
