model,random_init,dms_id,mutant,pos,DMS_score,DMS_score_bin,llr,ig_baseline_llr,ig_steps,ig_gap,ig_converged,rsa,ss,conservation,ig_auroc_all,ig_auroc_long_range,ig_auroc_seqdist_baseline,ig_top10_contact_frac,del_top_1,del_near_1,del_rand_1,del_top_2,del_near_2,del_rand_2,del_top_4,del_near_4,del_rand_4,del_top_8,del_near_8,del_rand_8,del_top_16,del_near_16,del_rand_16,occ_auroc_all,occ_auroc_long_range,occ_auroc_seqdist_baseline,occ_top10_contact_frac,ig_occ_spearman
8M,False,RASH_HUMAN_Bandaru_2017,K16A,15,-0.713288238,0,-6.5832037925720215,0.3808891773223877,128,-0.1650257110595703,True,0.0509723408044944,H,0.9389821081795927,0.77375,0.8673986486486487,0.9035416666666667,0.7,0.43351412,0.22306538,0.021763802,0.6631274,0.048979282,0.055965327,1.6077361,0.26650524,0.14441614,1.4998169,3.0646951,0.09876366,1.3937483,2.0728736,0.2671569,0.8783333333333333,0.8234797297297296,0.9035416666666667,0.6,0.3419808386213761
8M,False,RASH_HUMAN_Bandaru_2017,G10P,9,-0.6864486129999999,0,-9.01039981842041,0.2511289119720459,64,0.46446704864501953,True,0.010302490615987696,-,0.9384649526185534,0.6480263157894737,0.7112622826908541,0.7471804511278195,0.3,0.019228935,0.043079376,0.012430191,0.17555714,0.013935089,0.06785812,0.2626238,0.15920925,0.052742958,0.557498,0.19600582,0.05532875,2.3008623,0.86293983,0.11482926,0.6903195488721804,0.5729402872260014,0.7471804511278195,0.4,0.10533781261664801
8M,False,RASH_HUMAN_Bandaru_2017,V9E,8,-0.641523136,0,-6.111174583435059,0.28421568870544434,32,-0.005131721496582031,True,0.0,E,0.4150850433048219,0.8622423328305681,0.8452054794520547,0.7088989441930618,0.4,0.24152613,0.08550644,0.074122526,0.37522316,0.43282986,0.066114426,0.119812965,0.37743378,0.09276982,0.4548025,0.13403034,0.19107953,0.7609844,2.174123,0.2774186,0.628456510809452,0.567123287671233,0.7088989441930618,0.1,0.4209495369629748
8M,False,RASH_HUMAN_Bandaru_2017,A18F,17,-0.617044587,0,-3.7516050338745117,-0.6900143623352051,64,0.052289485931396484,True,0.18634515122072107,H,0.4483159371755039,0.6574675324675324,0.4331125827814569,0.7962662337662337,0.3,0.050712585,0.16686106,0.07205133,0.48748302,0.068222046,0.0398952,0.52953243,0.13746834,0.09380045,0.8432131,0.17109036,0.15937872,0.13544273,0.5143156,0.23265333,0.814935064935065,0.6264900662251656,0.7962662337662337,0.6,0.327977745782897
8M,False,RASH_HUMAN_Bandaru_2017,C80N,79,-0.56647503,0,-3.9971251487731934,1.6193513870239258,128,0.2598910331726074,True,0.014936674053594588,E,0.4388840959793614,0.7166353383458647,0.7438356164383562,0.7194548872180451,0.3,0.510622,0.33033133,0.056017496,0.6999197,0.50111485,0.20222148,0.62464714,1.2717013,0.15977736,0.87191343,0.24890924,0.23053217,0.9212136,3.67725,0.7355329,0.7730263157894737,0.7164383561643836,0.7194548872180451,0.3,0.21492561190209566
8M,False,RASH_HUMAN_Bandaru_2017,V112S,111,-0.553194161,0,-6.048035621643066,-0.7099153995513916,128,-0.2337045669555664,True,0.0,E,0.3909834664072128,0.6400375939849624,0.5836990595611286,0.6769266917293233,0.1,0.63877106,0.13607645,0.016156102,0.62331676,0.062073708,0.0906208,1.3122787,0.52622557,0.041835595,2.3940797,1.2812891,0.21381864,3.1596012,2.338604,0.35375738,0.6343984962406015,0.568025078369906,0.6769266917293233,0.2,0.21224692938018808
8M,False,RASH_HUMAN_Bandaru_2017,F90D,89,-0.51363865,0,-6.6908111572265625,0.5401580333709717,64,0.2980012893676758,True,0.06874286436928016,H,0.5096916198338064,0.779788838612368,0.5800000000000001,0.8740573152337858,0.2,0.92157173,0.67314386,0.048660945,0.6181927,0.089715004,0.25423956,1.1080647,1.4797583,0.3645464,0.23506069,1.0754843,0.38890228,3.6837606,0.22305298,0.62687147,0.7566616390145802,0.6733333333333333,0.8740573152337858,0.3,0.3093193977852433
8M,False,RASH_HUMAN_Bandaru_2017,I36A,35,-0.449476389,0,-3.4587841033935547,0.5816736221313477,64,0.029300689697265625,True,0.7517073410482512,-,0.3744640989972424,0.6720496894409937,0.5161290322580645,0.9496894409937888,0.1,0.9193778,0.9193778,0.025223112,0.21550012,1.3735614,0.08631215,0.7715869,1.796679,0.07830272,1.1832829,1.7056268,0.44263792,2.392702,1.3172827,0.4837323,0.8807453416149068,0.6967741935483871,0.9496894409937888,0.2,0.3469507101086049
8M,False,RASH_HUMAN_Bandaru_2017,L6W,5,-0.3845987429999999,0,-5.708300590515137,-1.2685863971710205,64,0.3273277282714844,True,0.0060081005773130166,E,0.46357970484217503,0.5441666666666667,0.4809027777777778,0.6316666666666666,0.3,0.33228493,0.035821915,0.05876713,0.5625601,0.21117687,0.040497877,0.70347786,0.632102,0.057002068,1.6212902,1.2043762,0.07562132,2.2097814,1.9491317,0.23339033,0.6966666666666667,0.6440972222222221,0.6316666666666666,0.4,0.35480012086954976
8M,False,RASH_HUMAN_Bandaru_2017,V160S,159,-0.382086326,0,-0.5680800676345825,-0.5583982467651367,128,0.010293334722518921,True,0.0,H,0.2477344180162433,0.7621920563097033,0.7483443708609272,0.6882855706385118,0.4,0.3335172,0.235757,0.020523,0.29276574,0.25101507,0.071926594,0.45184422,0.1743499,0.14915422,0.30166173,0.66831565,0.13271947,0.3967284,2.6131434,0.32197002,0.6732026143790849,0.49668874172185434,0.6882855706385118,0.5,0.3205513784461153
8M,False,RASH_HUMAN_Bandaru_2017,I55A,54,-0.308319321,0,-5.156266689300537,0.6035134792327881,128,0.05973100662231445,True,0.0,E,0.5082030854645435,0.6666666666666666,0.599626400996264,0.7514348785871965,0.3,1.1148887,0.43722582,0.05168867,1.6693826,1.2500033,0.0583004,2.6919568,1.6725898,0.0838212,1.2438412,1.0044518,0.3678072,1.5576584,3.3082418,0.49283543,0.7324503311258279,0.6544209215442092,0.7514348785871965,0.3,0.29950585684068326
8M,False,RASH_HUMAN_Bandaru_2017,K5L,4,-0.2902752999999999,0,-6.462777137756348,0.7104306221008301,64,0.6658806800842285,True,0.3944722178913435,E,0.5768302875512072,0.594871794871795,0.4724061810154525,0.7865384615384615,0.1,0.6014285,0.8179712,0.044604205,0.8717241,1.0988822,0.08761378,1.0362835,0.74355984,0.16007528,1.6046762,0.8856349,0.20160608,1.61273,2.3862476,0.5447596,0.6782051282051282,0.49116997792494477,0.7865384615384615,0.3,0.1967720720240317
8M,False,RASH_HUMAN_Bandaru_2017,A134V,133,-0.253661794,0,-3.3638267517089844,-0.37100744247436523,128,0.07081794738769531,True,0.009361459039069119,H,0.35860297802305174,0.7429653679653679,0.701525054466231,0.9816017316017316,0.3,0.30720925,0.0625329,0.07878308,0.15581799,0.40116477,0.03994303,0.17462659,0.5295925,0.15769133,0.5142808,0.79992986,0.17545386,0.9419246,2.558163,0.3387002,0.6163419913419913,0.47058823529411764,0.9816017316017316,0.3,0.21736255532448145
8M,False,RASH_HUMAN_Bandaru_2017,I21L,20,-0.23316802,1,1.7022556066513062,0.8417913913726807,128,-0.011245965957641602,True,0.2635939760899309,H,0.09220956783533929,0.7204625439919559,0.6304635761589403,0.9190548014077426,0.3,0.12168443,0.031511784,0.015908862,0.06585729,0.051473856,0.04634104,0.29472983,0.22513163,0.069394276,0.34126186,0.08843768,0.057448506,0.47697473,0.55082834,0.110619925,0.6530920060331825,0.6278145695364239,0.9190548014077426,0.3,0.3312874384542918
8M,False,RASH_HUMAN_Bandaru_2017,L133S,132,-0.186661939,1,-4.606474876403809,-1.1843698024749756,32,-0.019568920135498047,True,0.18568375564135375,H,0.24271583730580093,0.7364718614718615,0.8717105263157895,0.9044913419913421,0.4,0.48954678,0.45088577,0.039971925,0.70794964,0.5270653,0.06096401,1.3724542,0.8248658,0.1196723,1.2139657,1.4620128,0.2236247,1.7778049,3.102597,0.111212924,0.7505411255411255,0.4375,0.9044913419913421,0.5,0.36047921221493456
8M,False,RASH_HUMAN_Bandaru_2017,C51R,50,-0.172043169,1,-1.573960781097412,2.376952648162842,64,0.14909601211547852,True,0.0072313066828737504,E,0.3123546018383273,0.7063851181498241,0.6283783783783783,0.7591754650578182,0.1,0.20956779,0.14230633,0.016897583,1.4844401,0.27333784,0.044407893,2.1673117,0.5237596,0.07828398,1.8500028,1.1626832,0.1434071,2.122234,2.983812,0.17635088,0.7908496732026143,0.6908783783783784,0.7591754650578182,0.4,0.30857818304626816
8M,False,RASH_HUMAN_Bandaru_2017,D30A,29,-0.146354508,1,0.005593299865722656,0.018021821975708008,64,0.04448214918375015,True,0.6567605898370678,-,0.14722964543938233,0.8626543209876543,0.4838709677419355,0.7908950617283951,0.3,0.2486589,0.38092875,0.030190896,0.6454835,0.17912555,0.047138073,0.31351948,0.21081018,0.024121236,0.31699634,0.56239724,0.11383214,0.32969666,0.8271252,0.2192841,0.8148148148148148,0.6129032258064516,0.7908950617283951,0.1,0.41419150713663594
8M,False,RASH_HUMAN_Bandaru_2017,L53T,52,-0.11669462,1,-4.7433366775512695,-0.6924669742584229,128,-0.4113187789916992,False,0.0,E,0.497349643816575,0.7208646616541352,0.6513698630136987,0.755874060150376,0.2,0.16332817,0.24425316,0.035729982,1.0658278,0.9532559,0.1496913,1.6182032,0.8001597,0.18241462,1.4204822,2.4296951,0.22825976,2.4933949,3.9195712,0.5681836,0.6964285714285714,0.6198630136986302,0.755874060150376,0.1,0.33573650438152125
8M,False,RASH_HUMAN_Bandaru_2017,E126C,125,-0.099903559,1,-1.3572008609771729,-2.513702630996704,128,0.4327871799468994,False,0.5114562429309388,-,0.21377345938980852,0.9489583333333333,,0.9958333333333333,0.4,0.23875022,0.09028983,0.026936054,1.1032279,0.043020487,0.12844267,1.004396,0.0006377697,0.27940154,1.8082683,0.9877188,0.1705586,1.9119966,1.2298152,0.48571366,0.9197916666666668,,0.9958333333333333,0.2,0.33815922785687624
8M,False,RASH_HUMAN_Bandaru_2017,P140I,139,-0.089333183,1,-4.13906192779541,-0.5243616104125977,128,0.652562141418457,False,0.20506894234640088,E,0.0711629258036015,0.5862341772151899,0.4860927152317881,0.865506329113924,0.2,2.0631776,0.4953251,0.0822176,2.616076,2.22533,0.07331095,2.738808,3.5717244,0.4513483,4.1062922,3.0941567,0.17743978,3.9577608,3.6540673,0.7495123,0.7112341772151898,0.5576158940397351,0.865506329113924,0.3,0.30107538349419655
8M,False,RASH_HUMAN_Bandaru_2017,L56C,55,-0.063594286,1,-2.5338518619537354,-3.0038647651672363,128,0.49596214294433594,False,0.16221871558745146,E,0.49326515948129745,0.6386278195488722,0.5202702702702702,0.7941729323308271,0.3,0.081347704,0.103101015,0.02475195,0.05641699,0.28448796,0.04417386,0.15994048,0.3126576,0.07429023,0.015843391,0.12294483,0.07890682,0.06936288,0.58880734,0.107480526,,,,,
8M,False,RASH_HUMAN_Bandaru_2017,T2L,1,-0.054586304,1,-1.1996314525604248,0.48604869842529297,128,0.04025983810424805,True,0.36560109161444965,E,,0.659375,0.4522292993630573,0.8604166666666666,0.2,0.037741423,0.13051486,0.0135911945,0.010603666,0.21118379,0.038456105,0.10748315,0.33957195,0.07043429,0.00014281273,0.25644994,0.070087865,0.50960207,0.12114668,0.13400602,,,,,
8M,False,RASH_HUMAN_Bandaru_2017,R135D,134,-0.034691359,1,-0.1670396327972412,0.23667335510253906,128,-0.13053041696548462,False,0.5645789637512745,H,0.1727558365172447,0.9912974683544304,0.9806451612903225,0.9968354430379747,0.7,0.7787372,0.041484833,0.012123394,0.22868228,0.06119919,0.17384072,0.27614498,0.25991988,0.20344773,0.10034752,0.1584239,0.14035526,0.09314036,0.9487505,0.25577685,,,,,
8M,False,RASH_HUMAN_Bandaru_2017,S89C,88,-0.02090538,1,-6.213143348693848,-1.633239984512329,128,0.45531272888183594,True,0.02175919769559512,H,0.5628825037541902,0.48026315789473684,0.38063279002876316,0.6799812030075189,0.2,0.3679738,0.044301033,0.020765591,0.20207167,0.26006126,0.06467295,0.35201216,0.055426598,0.12105532,0.9845457,1.7672219,0.1364892,2.7484918,1.2956071,0.29708034,,,,,
8M,False,RASH_HUMAN_Bandaru_2017,Q70F,69,-0.009844594,1,0.3261446952819824,0.1446058750152588,128,-0.2063354253768921,False,0.4894923053380626,H,0.11076173648661503,0.6801437556154538,,1.0,0.2,0.7172761,0.7172761,0.03526907,0.17038155,1.3430188,0.10670481,0.19806981,1.0893836,0.14392582,0.20967484,0.97872114,0.19337888,0.38935757,1.0201101,0.09451342,,,,,
8M,False,RASH_HUMAN_Bandaru_2017,L23G,22,0.009411157,1,-5.871271133422852,-0.5634925365447998,128,0.0572514533996582,True,0.01802430173193905,H,0.4436302328227507,0.6914956011730206,0.5677777777777777,0.6868035190615835,0.4,0.4829836,0.015341759,0.03662052,0.32374668,0.2174406,0.068319224,0.19566011,0.30277348,0.067518234,0.59362125,0.5862131,0.23174782,1.3393507,0.5590315,0.40016145,,,,,
8M,False,RASH_HUMAN_Bandaru_2017,G151I,150,0.0127687369999999,1,-5.004645347595215,-0.3096299171447754,128,-0.024749279022216797,True,0.15159997010870901,-,0.46382217262938097,0.8852564102564102,0.7763157894736843,0.9833333333333333,0.4,1.2964277,1.2964277,0.09165554,2.1839511,2.1839511,0.123338796,1.8342357,2.704537,0.32071894,2.589981,3.8313727,0.28789386,0.5263481,3.9354715,0.29563397,,,,,
8M,False,RASH_HUMAN_Bandaru_2017,E162F,161,0.025467404,1,-1.3875088691711426,-0.365037202835083,128,-0.039631009101867676,True,0.13994834479729187,H,0.10791830449085726,0.637218045112782,0.3288888888888889,0.8656015037593985,0.5,0.5774393,0.13218808,0.034924794,0.96992445,0.4931636,0.2097265,0.65923834,0.5308616,0.06967173,0.35575318,0.26245618,0.28396782,0.54308367,0.49156785,0.2203106,,,,,
8M,False,RASH_HUMAN_Bandaru_2017,P110H,109,0.035469681,1,-4.666244029998779,-0.9361095428466797,128,-0.21444320678710938,True,0.045570876076977976,-,0.4000648295658701,0.4865384615384616,0.4265202702702703,0.5907051282051282,0.2,0.5892806,0.5892806,0.028316975,0.21421719,0.5773287,0.08397903,0.41635323,1.7326202,0.118485734,1.3637037,1.6017098,0.1584011,1.728802,1.470808,0.1412119,,,,,
8M,False,RASH_HUMAN_Bandaru_2017,V125A,124,0.061795482,1,-1.7469888925552368,0.33345556259155273,128,0.20044755935668945,True,0.006157810483119083,-,0.49151990401056445,0.6737053795877326,0.6682646212847554,0.7865761689291101,0.3,0.29755187,0.18985164,0.01800177,0.3962828,0.028802395,0.086240605,0.5788574,0.033396363,0.15540102,0.5708461,0.07038319,0.14122947,0.57884526,0.34182417,0.31642556,,,,,
8M,False,RASH_HUMAN_Bandaru_2017,H166A,165,0.069216512,1,0.5455257892608643,0.941939115524292,128,0.04010501503944397,True,0.11117872001579021,H,0.15880472346811902,0.8697947214076246,0.5882352941176471,0.9032258064516129,0.6,0.19886565,0.15443778,0.02237897,0.10401201,0.030037403,0.05946622,0.10200548,0.10930991,0.08050065,0.027344942,0.1303482,0.07521138,0.06114602,0.097813606,0.16746053,,,,,
8M,False,RASH_HUMAN_Bandaru_2017,V29E,28,0.0857715969999999,1,-1.60637629032135,0.13521695137023926,32,0.010087251663208008,True,0.48847822522887113,-,0.11060222040308831,0.9442946990116802,0.9155844155844156,0.9761904761904763,0.4,0.576946,0.073186755,0.076327726,0.92222893,0.1759963,0.09231453,1.0849785,0.8901824,0.1304481,1.1101884,1.5566431,0.19958226,1.064149,2.5316777,0.18381631,,,,,
8M,False,RASH_HUMAN_Bandaru_2017,V8L,7,0.107869099,1,0.14816856384277344,0.6956243515014648,128,-0.021507978439331055,True,0.0069403920462064155,E,0.4067882042584753,0.7584586466165414,0.7678082191780822,0.8153195488721805,0.2,0.11721754,0.13071728,0.012851238,0.016435623,0.041339874,0.08928056,0.71472883,0.18454695,0.16493812,0.45545197,0.22865343,0.14597106,0.13520384,1.003746,0.18752813,,,,,
8M,False,RASH_HUMAN_Bandaru_2017,V103Y,102,0.128708064,1,-0.2248239517211914,-0.4943418502807617,128,0.40705907344818115,False,0.11553607807466748,H,0.08541758457178794,0.8121794871794872,0.6233552631578947,0.8551282051282052,0.3,0.15335512,0.15335512,0.10691428,0.40457392,0.032836437,0.11941488,0.28255606,0.23939729,0.08528221,0.14221954,0.2977655,0.2407372,0.09979439,0.17615962,0.21716642,,,,,
8M,False,RASH_HUMAN_Bandaru_2017,M67R,66,0.140860881,1,-4.7015299797058105,0.957916259765625,128,-0.08960771560668945,True,0.4021386700248604,H,0.30213068428722756,0.6298136645962733,0.43125,0.9409937888198757,0.1,0.36556005,0.8192451,0.11739626,0.69565344,1.1251459,0.107896805,1.6083622,1.086719,0.24950513,2.495023,1.4080057,0.17901477,3.9956295,3.086938,0.41014248,,,,,
8M,False,RASH_HUMAN_Bandaru_2017,H27I,26,0.163947588,1,-1.0703067779541016,0.3356006145477295,128,-0.051241159439086914,True,0.3998490099790816,-,0.1180513082718373,0.8072916666666666,0.13548387096774195,0.9895833333333333,0.3,0.8328564,0.118854046,0.083607435,0.96408534,0.28608346,0.047329567,0.5036111,0.17440009,0.08434949,0.72446895,0.15981007,0.13262597,0.29920173,0.18050265,0.21996251,,,,,
8M,False,RASH_HUMAN_Bandaru_2017,L52D,51,0.2251342439999999,1,0.06513857841491699,-0.25961828231811523,128,0.22133684158325195,False,0.15621061501013844,E,0.16903898207788337,0.7673076923076924,0.7325023969319271,0.7637820512820512,0.3,0.9548702,0.2271936,0.012135124,0.43973708,0.18527484,0.015457725,0.15008044,0.33436012,0.11033158,0.55594206,0.5672908,0.20935507,0.6085527,1.5195715,0.37320796,,,,,
8M,False,RASH_HUMAN_Bandaru_2017,G75A,74,0.265883959,1,2.598006248474121,0.37178611755371094,128,0.22836089134216309,False,0.010302490615987696,-,0.4036924044168174,0.6392961876832844,0.7203947368421053,0.7744868035190616,0.2,0.6750138,0.080405235,0.021063423,0.6810472,0.6427345,0.04945326,0.672109,0.9132168,0.030821752,0.125916,0.66717696,0.19227023,0.23901558,0.98938346,0.16752744,,,,,
8M,False,RASH_HUMAN_Bandaru_2017,K117R,116,0.277817138,1,-4.1866841316223145,0.03770565986633301,64,-0.0014390945434570312,True,0.2357565609019971,-,0.8595328540610776,0.6517857142857142,0.4867724867724868,0.7001879699248119,0.4,0.40851498,0.10993338,0.025583077,0.5261493,0.036376476,0.084805965,0.6817689,0.7632015,0.14289407,1.3471231,2.694964,0.077099755,2.9166837,2.9379406,0.08975849,,,,,
8M,False,RASH_HUMAN_Bandaru_2017,Y4H,3,0.374242594,1,-1.7072241306304932,-0.1039423942565918,64,-0.10652148723602295,True,0.045331629112802745,E,0.34861295819419735,0.7575757575757576,0.6941666666666666,0.685064935064935,0.1,0.49795222,0.49795222,0.055752467,0.33315158,0.74785495,0.030825472,0.69310117,0.71727276,0.1026062,1.1718998,0.48584485,0.13838968,1.4580646,1.4388406,0.28906792,,,,,
8M,False,TPK1_HUMAN_Weile_2017,G58D,57,-0.384796154,0,0.2917797565460205,0.4613323211669922,32,0.005150437355041504,True,0.803611546806635,-,,0.9779411764705882,,1.0,0.3,0.53694534,0.53694534,0.035710953,0.24822974,0.6331215,0.07258878,0.08097291,0.5725007,0.051904727,0.23800302,0.47962332,0.14107013,0.4376943,0.58695316,0.41822037,0.796218487394958,,1.0,0.3,0.4249633275962138
8M,False,TPK1_HUMAN_Weile_2017,L108C,107,-0.249981329,0,-3.0380258560180664,-3.179515838623047,32,-0.011653721332550049,True,0.0060081005773130166,H,0.4608380114717149,0.7835213032581453,0.5899705014749264,0.7963659147869674,0.4,0.027153969,0.19094634,0.021163274,0.053163767,0.33627844,0.105880305,0.22979593,0.21767974,0.08921237,0.7545357,0.30660176,0.04336109,0.43266058,0.7491069,0.09492669,0.862468671679198,0.7684365781710915,0.7963659147869674,0.5,0.2662299987434426
8M,False,TPK1_HUMAN_Weile_2017,R60Y,59,-0.19757657,0,0.14002323150634766,-0.5956964492797852,32,0.007778048515319824,True,0.1745349635401652,H,,0.8406139315230224,0.9228529839883552,0.9691066509248327,0.3,0.17122579,0.10942483,0.021612454,0.15509272,0.13144112,0.019530345,0.058024645,0.27034593,0.077108525,0.007970333,0.101983786,0.048173476,0.3472972,0.25091648,0.04931035,0.9386068476977567,0.8704512372634644,0.9691066509248327,0.5,0.29987990519535473
8M,False,TPK1_HUMAN_Weile_2017,Q134S,133,-0.193491114,0,0.5492372512817383,-0.3472464084625244,32,0.02714383602142334,True,0.3481022611001568,H,0.8290985982342813,0.694396551724138,0.12173913043478263,0.9724137931034483,0.4,0.2406528,0.2406528,0.018589878,0.24963784,0.32817554,0.048393726,0.11489248,0.31271172,0.037008047,0.044892788,0.2162416,0.1514214,0.07719064,0.018034458,0.15180607,0.7780172413793104,0.7565217391304347,0.9724137931034483,0.4,0.2008945223053519
8M,False,TPK1_HUMAN_Weile_2017,D73L,72,-0.131147835,0,-0.2947731018066406,0.08429527282714844,32,-0.02934443950653076,True,0.6249943024707248,-,0.9939944936946905,0.769620253164557,0.5108225108225108,0.9573839662447258,0.2,0.52007675,0.16841078,0.01218543,0.12956,0.23543286,0.040445615,0.23894072,0.68519306,0.06532888,0.4602437,0.33158588,0.16372538,0.87639976,0.6286619,0.111678265,0.9189873417721519,0.948051948051948,0.9573839662447258,0.2,0.21297007163872536
8M,False,TPK1_HUMAN_Weile_2017,K242C,241,-0.108572682,0,-1.7029895782470703,-2.2763469219207764,32,-0.03300267457962036,True,0.5011805124151704,-,,0.5881410256410257,0.4268398268398269,0.8333333333333334,0.1,0.3182001,0.18115902,0.09825692,0.05060625,0.042077303,0.03873229,0.11449671,0.012123585,0.21701165,0.1996932,0.20509815,0.07601156,0.25071764,0.45313,0.22613983,0.563034188034188,0.5038961038961038,0.8333333333333334,0.2,0.2894067350103117
8M,False,TPK1_HUMAN_Weile_2017,G168K,167,-0.074332424,0,-0.8559286594390869,-0.15629816055297852,32,0.005764365196228027,True,0.24165493182872716,E,0.35732377556356865,0.6490224129709109,0.4046052631578948,0.720076299475441,0.4,0.18932247,0.3164196,0.102594994,0.6417353,0.35923266,0.056709908,0.6956067,0.6308665,0.12908952,0.69522977,0.70858145,0.10462914,0.45559573,0.7262876,0.2848448,0.7405817835002384,0.4298245614035088,0.720076299475441,0.4,0.3307374122078543
8M,False,TPK1_HUMAN_Weile_2017,E2M,1,-0.0480906059999999,0,-1.6606314182281494,-1.042672872543335,32,-0.008103728294372559,True,0.47530403440505753,E,,0.6348870056497176,0.3919885550786838,0.652542372881356,0.2,0.37747407,0.058282852,0.012611294,0.020907164,0.062206507,0.049301483,0.29200768,0.15614653,0.03301859,0.26176286,0.2785895,0.04506297,0.11478114,0.39632726,0.15648857,0.548728813559322,0.1301859799713877,0.652542372881356,0.1,0.334449813585432
8M,False,TPK1_HUMAN_Weile_2017,C20R,19,-0.044233659,0,1.367849349975586,2.4848403930664062,32,0.04022717475891113,True,0.0,E,0.35153392730676114,0.7060287610619469,0.6585879873551106,0.7137721238938053,0.2,0.38038182,0.41015387,0.040913485,0.2551794,0.5365386,0.04681859,0.019386292,0.4471557,0.17132935,0.46611,0.57437944,0.29347616,0.10356927,0.65409446,0.28984872,0.5771570796460177,0.4973656480505796,0.7137721238938053,0.3,0.28280570232880214
8M,False,TPK1_HUMAN_Weile_2017,Q109W,108,-0.006075737,0,-2.2326436042785645,-0.2853422164916992,32,0.0002696514129638672,True,0.08668142823444798,H,0.16801535105827115,0.9086973632428178,0.8471615720524017,0.9171585989767808,0.5,0.24579668,0.00788641,0.012287187,0.15689516,0.27582407,0.062559746,0.40125847,0.18520308,0.115151405,0.24749422,0.95066404,0.18811445,0.22303867,0.9226787,0.18688707,0.8532073986619441,0.8151382823871907,0.9171585989767808,0.4,0.34189552421047703
8M,False,TPK1_HUMAN_Weile_2017,L164E,163,0.010725768,0,-0.1758403778076172,-0.567690372467041,32,0.037413179874420166,True,0.05533879510725767,E,0.2852344813298858,0.5861528822055138,0.4342342342342343,0.7794486215538847,0.3,0.6423769,0.1171031,0.010944414,0.61797476,0.24279332,0.03693528,0.37921143,0.39850998,0.1327084,0.44439793,0.46024442,0.086126804,0.45801663,0.2710955,0.21381827,0.7794486215538847,0.7036036036036036,0.7794486215538847,0.4,0.19255060958985448
8M,False,TPK1_HUMAN_Weile_2017,E89F,88,0.02959049,0,-1.3772361278533936,-0.5581111907958984,32,0.07482397556304932,True,0.3275742886255907,E,0.16338256574241616,0.7124620060790274,0.5778748180494906,0.9316109422492401,0.3,0.67586255,0.19393277,0.06605244,1.1232154,0.46312833,0.16677007,1.4462583,0.94267774,0.25739557,1.298435,0.968555,0.5618691,1.3212502,1.1041358,0.45647803,0.8322188449848025,0.6448326055312954,0.9316109422492401,0.3,0.4394073204306686
8M,False,TPK1_HUMAN_Weile_2017,D100G,99,0.05544288,0,-0.5723421573638916,-0.39763355255126953,32,-0.008442088961601257,True,0.14453142795840201,H,0.9969312828938437,0.7606461086637298,0.7648648648648648,0.7748898678414097,0.0,0.031594038,0.035834312,0.03070488,0.089312315,0.0062384605,0.01709733,0.076514006,0.08067751,0.032125663,0.2120595,0.24292564,0.11234798,0.32057405,0.31755733,0.13156271,0.6710719530102791,0.5738738738738739,0.7748898678414097,0.2,0.22944630942643857
8M,False,TPK1_HUMAN_Weile_2017,K103D,102,0.0877629009999999,0,0.362729549407959,0.5896105766296387,32,0.020498663187026978,True,0.05349658387798723,H,0.5008229227516151,0.8211152882205514,0.6105726872246696,0.9298245614035088,0.6,0.21216393,0.25301766,0.023349762,0.06512976,0.33830452,0.019394685,0.07172012,0.40681028,0.09929929,0.071165085,0.35121036,0.0944067,0.034003973,0.00027608871,0.23770876,0.7766290726817042,0.5770925110132158,0.9298245614035088,0.5,0.3087331336213601
8M,False,TPK1_HUMAN_Weile_2017,W202S,201,0.10004866,0,1.7035582065582275,-0.04389619827270508,32,0.12626242637634277,True,0.461058550509813,-,0.7407308947980256,0.7478813559322034,0.26521739130434785,0.9646892655367231,0.4,0.079363585,0.32250452,0.012558746,0.38729262,0.29962397,0.021313619,0.14696622,0.0742774,0.097700454,0.21242261,0.012831926,0.11242161,0.21750093,0.13447905,0.18771096,0.8637005649717514,0.6326086956521739,0.9646892655367231,0.3,0.060126028484471045
8M,False,TPK1_HUMAN_Weile_2017,T228R,227,0.129922446,0,-0.5174880027770996,0.03852653503417969,32,-0.0116652250289917,True,0.1878821449847006,E,0.1809970376309754,0.8728260869565216,0.8292410714285714,0.8536231884057971,0.5,0.06688285,0.06647205,0.012836361,0.07970643,0.14117813,0.028973866,0.036824465,0.18107796,0.027288437,0.1368401,0.2937665,0.043480493,0.28431177,0.19979334,0.09189663,0.8815217391304347,0.8565848214285714,0.8536231884057971,0.2,0.38436944373357684
8M,False,TPK1_HUMAN_Weile_2017,V208R,207,0.160168487,0,-0.23213696479797363,0.0473027229309082,32,0.010108768939971924,True,0.2865271163473773,-,0.14294584803131982,0.789655172413793,0.7743362831858407,0.9482758620689655,0.3,0.11351299,0.14620423,0.004531336,0.027319908,0.03632307,0.03904271,0.138412,0.012742043,0.04167242,0.18356347,0.17573762,0.07123165,0.06250644,0.06603503,0.10974173,0.9172413793103449,0.8761061946902655,0.9482758620689655,0.5,0.17571308381045092
8M,False,TPK1_HUMAN_Weile_2017,E179Q,178,0.179011098,0,-0.44226980209350586,-0.5161077976226807,32,-0.043331414461135864,True,0.1183670965802299,E,0.0984948921597607,0.48623188405797096,0.36578171091445427,0.72481884057971,0.3,0.02363038,0.012004375,0.01819396,0.052809477,0.012156248,0.0066892146,0.0754652,0.1466999,0.027278233,0.008562565,0.025754929,0.022505427,0.0907259,0.027272224,0.03659148,0.6373188405797101,0.4808259587020649,0.72481884057971,0.2,0.36999319239756395
8M,False,TPK1_HUMAN_Weile_2017,L24H,23,0.213309649,0,-0.8336226940155029,-1.0469889640808105,32,0.007297545671463013,True,0.07141974826120298,-,0.35476782391554873,0.7402882205513786,0.6481981981981982,0.7265037593984962,0.4,0.3089707,0.116413355,0.042401887,0.12903285,0.12903285,0.07106562,0.11238551,0.121925116,0.106423855,0.0863204,0.6330998,0.09705396,0.7298739,0.7953942,0.12072577,0.7678571428571428,0.7135135135135136,0.7265037593984962,0.2,0.25739344095032124
8M,False,TPK1_HUMAN_Weile_2017,E81V,80,0.262246345,0,-2.741887092590332,-0.2769002914428711,32,-0.08281803131103516,True,0.5366209917762891,H,0.1854907107896122,0.9353632478632479,,1.0,0.5,0.59270144,0.59270144,0.075338505,1.0545996,0.927323,0.0775641,1.4797659,1.6390228,0.14771,2.3450346,1.8892646,0.20813446,2.3838384,2.4586637,0.6131694,0.8958333333333333,,1.0,0.5,0.45382622382125604
8M,False,TPK1_HUMAN_Weile_2017,S218C,217,0.309150161,0,-1.6304097175598145,-1.622014045715332,32,0.027403414249420166,True,0.5582056414388442,-,0.8019778942830703,0.6742616033755275,0.6413043478260869,0.9059071729957806,0.1,0.027936459,0.10415053,0.017664146,0.029216766,0.02054882,0.030312156,0.15894604,0.22067738,0.065459155,0.016233921,0.29700613,0.097640656,0.066945076,0.14157963,0.14652213,,,,,
8M,False,TPK1_HUMAN_Weile_2017,G212V,211,0.327274652,0,-1.2293548583984375,-0.027945518493652344,32,0.03690147399902344,True,0.8975780330413458,-,0.30942837019128766,0.9856540084388186,,0.99957805907173,0.4,0.24539018,0.47407174,0.04807024,0.11312175,0.64247537,0.04068041,0.66567016,0.9153757,0.16947646,0.79768753,1.4409125,0.11052666,1.0331247,1.0745616,0.14479837,,,,,
8M,False,TPK1_HUMAN_Weile_2017,G15I,14,0.377181568,0,-0.5557785034179688,-0.30651402473449707,64,0.0013051331043243408,True,0.3659638865557016,-,,0.9385593220338982,0.7012987012987013,0.9957627118644068,0.4,0.05884576,0.17432475,0.043696165,0.07224774,0.08086681,0.028878927,0.190943,0.7153082,0.058717825,0.15703154,0.5787537,0.09008636,1.1707809,0.6553297,0.1454349,,,,,
8M,False,TPK1_HUMAN_Weile_2017,A39D,38,0.435049663,0,-0.24700117111206055,-0.09662628173828125,32,-0.011131316423416138,True,0.05814118735224064,-,0.1842353364337601,0.8807556080283353,0.799342105263158,0.9224714679260133,0.4,0.2586031,0.15799761,0.023181915,0.41793323,0.053863764,0.019219637,0.12527776,0.16389728,0.16086316,0.41311836,0.13090062,0.18746424,0.87822056,0.24065185,0.051848553,,,,,
8M,False,TPK1_HUMAN_Weile_2017,L28G,27,0.501481697,1,0.5592753887176514,-0.5425424575805664,32,0.05677151679992676,True,0.11430614535922576,-,0.1568125645334838,0.7659482758620689,0.7427312775330397,0.8431034482758621,0.3,0.56140184,0.048745155,0.010913515,0.41608787,0.617573,0.030849362,0.8037815,0.53390765,0.0571784,0.1201303,0.3035934,0.17081828,0.25662065,0.47615266,0.18356314,,,,,
8M,False,TPK1_HUMAN_Weile_2017,L64A,63,0.582007461,1,-0.7011463642120361,-0.13213706016540527,32,-0.018360137939453125,True,0.26643093938050744,-,0.12353835894246734,0.6767241379310345,0.4703947368421053,0.9387931034482759,0.4,0.15593982,0.31947303,0.009558439,0.23588538,0.23588538,0.083789445,0.16907835,0.41721225,0.07964687,0.28663254,0.2297337,0.07807632,0.40553212,0.32888508,0.1860278,,,,,
8M,False,TPK1_HUMAN_Weile_2017,T205S,204,0.606398544,1,0.20383644104003906,-0.5898549556732178,32,0.016577839851379395,True,0.607939968957947,-,0.18370845102252975,0.9518987341772152,0.8051948051948052,0.989451476793249,0.4,0.074928045,0.015938997,0.0065113544,0.06883502,0.06883502,0.013909054,0.09759474,0.072935104,0.012874603,0.01996708,0.005039215,0.017299939,0.036746025,0.036592484,0.028307581,,,,,
8M,False,TPK1_HUMAN_Weile_2017,E230G,229,0.657082252,1,-0.046541690826416016,-0.014130830764770508,32,0.04241669178009033,True,0.3378134012130332,E,0.22771936530537873,0.6568965517241379,0.6685714285714285,0.8433189655172414,0.2,0.18120337,0.39179158,0.047529362,0.013984203,0.32234335,0.0332345,0.36812305,0.4671843,0.10788522,0.21694946,0.44717312,0.09172177,0.11403704,0.32357144,0.2244781,,,,,
8M,False,TPK1_HUMAN_Weile_2017,G130R,129,0.7342212229999999,1,-1.4298328161239624,-0.032297372817993164,32,0.006242871284484863,True,0.6100653940786551,-,0.4825754471877399,0.8954407294832827,0.7878787878787878,0.8732522796352583,0.3,0.28387177,0.05741346,0.053300213,0.27806866,0.36129034,0.017005896,0.33626282,0.40658915,0.07896886,0.68066156,0.81482637,0.06556563,1.0592383,0.88692486,0.29235977,,,,,
8M,False,TPK1_HUMAN_Weile_2017,K106Y,105,0.7541699470000001,1,-1.6996684074401855,-0.39666271209716797,32,-0.010630369186401367,True,0.3744293892347717,H,0.16293338532550405,0.7594827586206897,0.43695652173913047,0.9612068965517241,0.4,0.26402068,0.26402068,0.007905436,0.04404378,0.18533158,0.0156147005,0.17127085,0.24606276,0.023853254,0.21433592,0.41547823,0.029837752,0.25738215,1.522362,0.07319508,,,,,
8M,False,TPK1_HUMAN_Weile_2017,Y19N,18,0.83348186,1,1.08762788772583,-0.06947731971740723,32,-0.02177739143371582,True,0.004591742266311469,E,,0.7366476318441384,0.6337817638266069,0.7814914343298622,0.4,1.5218973,0.2580998,0.014724302,0.64710426,0.25868678,0.02872448,1.0545716,0.42350578,0.12673545,1.0155249,1.037477,0.67460316,1.0869441,0.7548785,0.12953553,,,,,
8M,False,TPK1_HUMAN_Weile_2017,D232E,231,0.8936394959999999,1,-0.24747776985168457,-0.18536114692687988,64,-0.0032226592302322388,True,0.24739270584886042,-,0.18934062839700494,0.6693376068376068,0.5803834808259587,0.8311965811965811,0.2,0.038513422,0.003510952,0.017008543,0.09476781,0.047518253,0.0038789273,0.10099077,0.034486294,0.010151816,0.13630867,0.14848185,0.03117528,0.33747983,0.48328137,0.046885826,,,,,
8M,False,TPK1_HUMAN_Weile_2017,E113A,112,0.960672899,1,-0.09818148612976074,0.31404685974121094,32,-0.037746697664260864,True,0.5787227287465355,H,,0.950759878419453,,0.9996960486322188,0.4,0.07560706,0.04211259,0.030271102,0.08123207,0.16994667,0.026292037,0.17395449,0.2871089,0.05699744,0.22766232,0.011370659,0.07486,0.16705322,0.2655275,0.12680225,,,,,
8M,False,TPK1_HUMAN_Weile_2017,A84G,83,1.047736596,1,-1.3484702110290527,-0.44783520698547363,64,0.003802776336669922,True,0.4552673332287955,H,0.1654541919207515,0.8984263233190272,0.9393939393939394,0.9988078206962326,0.5,0.45985746,0.111810684,0.05006318,1.4243333,0.17911959,0.08735738,1.8391361,0.39910126,0.06307654,1.5399804,1.4441068,0.20937829,1.6276448,1.5287409,0.105718374,,,,,
8M,False,TPK1_HUMAN_Weile_2017,I55T,54,1.11590338,1,-1.2821024656295776,0.34754490852355957,32,-0.023650288581848145,True,0.28051099006155794,H,0.18638767212628227,0.8466880341880343,0.7891304347826087,0.954059829059829,0.3,0.6792828,0.26545966,0.020392561,1.0038115,0.9528698,0.05711317,0.7591747,1.1522182,0.052537106,1.2683238,1.4526733,0.20334521,1.4541448,0.77793396,0.28649893,,,,,
8M,False,TPK1_HUMAN_Weile_2017,D97G,96,1.174159104,1,-0.15294408798217773,-0.4171931743621826,32,0.00817173719406128,True,0.7211880464232443,-,0.6103380064247047,0.9023709902370991,,0.9993026499302651,0.1,0.16938305,0.042108774,0.049358178,0.10558629,0.040081978,0.035858203,0.11731553,0.121047735,0.037246466,0.11652565,0.029648304,0.040516663,0.089018345,0.11873174,0.08033943,,,,,
8M,False,TPK1_HUMAN_Weile_2017,D207H,206,1.244190286,1,-0.6627044677734375,-0.7918405532836914,64,0.0006197839975357056,True,0.29705702094939357,E,0.12271204961813087,0.8273724368144969,0.7094298245614035,0.9740104911778732,0.3,0.258662,0.258662,0.04226761,0.15987873,0.15566707,0.021511793,0.09084654,0.0706141,0.046449374,0.06178069,0.21391726,0.059001636,0.017783642,0.102286816,0.04946022,,,,,
8M,False,TPK1_HUMAN_Weile_2017,L128V,127,1.385653215,1,-0.26401853561401367,-0.5920708179473877,32,0.011243492364883423,True,0.17803258647639902,-,0.3502729455328787,0.5173913043478261,0.40009965122072744,0.8108695652173913,0.2,0.011506557,0.011506557,0.007701731,0.016243935,0.037484407,0.02494507,0.051315308,0.1390605,0.032372188,0.058422565,0.16938806,0.011425209,0.093426704,0.14290047,0.033585023,,,,,
8M,False,TPK1_HUMAN_Weile_2017,N206D,205,1.4325697030000002,1,0.392606258392334,0.9191584587097168,32,0.03436461091041565,True,0.5593432690459705,-,0.3101106744224117,0.7937853107344632,0.61863173216885,0.9646892655367232,0.2,0.03112936,0.049055815,0.0042099,0.07681584,0.089588165,0.012307739,0.023850918,0.13585234,0.015315342,0.06323075,0.19916582,0.03400903,0.04570818,0.20794225,0.025175238,,,,,
8M,False,TPK1_HUMAN_Weile_2017,H147F,146,1.898535635,1,-0.6669268608093262,0.19488024711608887,32,0.0196915864944458,True,0.75727473816225,-,0.09140655215046445,0.7899159663865546,,0.9978991596638656,0.2,0.71500945,0.23462367,0.01356473,0.71601963,0.8269901,0.04062376,0.7204814,0.90377617,0.0799367,1.0054502,0.7945664,0.11290784,1.0829108,1.2466173,0.36048898,,,,,
8M,False,OTC_HUMAN_Lo_2023,C303F,302,-0.025,0,1.0132112503051758,2.0313377380371094,32,-0.012486457824707031,True,0.1342463867777426,-,0.6920023488629257,0.5325806451612903,0.35926449787835923,0.6643548387096774,0.2,0.3113358,0.11094618,0.08227549,0.39778018,0.02731371,0.027335357,0.32509995,0.27633142,0.02982216,0.32024717,0.2677822,0.044352006,0.3580866,0.3791206,0.07783928,0.7080645161290322,0.5964167845355964,0.6643548387096774,0.3,0.1452070950695772
8M,False,OTC_HUMAN_Lo_2023,A253P,252,-0.013,0,-1.6233766078948975,-0.05266094207763672,32,0.0024946928024291992,True,0.0,H,0.5394919025657439,0.7934173669467787,0.7595198675496688,0.8790849673202614,0.6,0.12467003,0.472893,0.020257473,0.6370311,0.9373083,0.02284484,0.6978824,1.0706749,0.067247584,1.0267589,1.1356349,0.19553828,1.3667142,1.1127417,0.20063972,0.8396358543417367,0.8033940397350994,0.8790849673202614,0.4,0.29456468005710357
8M,False,OTC_HUMAN_Lo_2023,A233V,232,-0.009,0,-0.17576515674591064,-0.4688563346862793,32,0.005010128021240234,True,0.04258499466892091,H,0.4068404558360441,0.6372549019607843,0.4978070175438597,0.9626517273576097,0.4,0.35640824,0.13467062,0.0121696945,0.5419899,0.053042054,0.024966335,0.49452913,0.061617255,0.06410792,0.46819508,0.15895951,0.057919763,0.5884296,0.018309474,0.06566274,0.8447712418300655,0.7291666666666666,0.9626517273576097,0.5,0.39699347474871804
8M,False,OTC_HUMAN_Lo_2023,R330I,329,-0.004,0,0.9220962524414062,-0.1698620319366455,32,-0.02712714672088623,True,0.03708863388961864,H,0.6670829080641898,0.7252567693744164,0.3717105263157895,0.7061157796451915,0.6,0.40763783,0.18266582,0.033701755,0.098856926,0.39408612,0.11429105,0.2324462,0.5525396,0.06542721,0.13061333,0.56658626,0.24552722,0.53175616,0.4487474,0.3540384,0.7352941176470589,0.5361842105263158,0.7061157796451915,0.3,0.34924911257529334
8M,False,OTC_HUMAN_Lo_2023,T230P,229,-0.002,0,-1.1218838691711426,0.41881823539733887,32,-0.055649518966674805,True,0.12479633433002385,H,0.2393285758509408,0.9204545454545454,0.8805646036916396,0.9837662337662338,0.5,0.01856494,0.3711176,0.011548137,0.18819475,0.46461177,0.020213842,0.3219576,0.15671086,0.079318665,0.530035,0.5619986,0.1406465,0.8855481,0.95059776,0.07702489,0.9475108225108224,0.9098805646036917,0.9837662337662338,0.5,0.22589460998960587
8M,False,OTC_HUMAN_Lo_2023,E87K,86,0.001,0,-1.4943132400512695,-0.38129258155822754,32,0.013197183609008789,True,0.2745615608758166,-,0.35602999427918114,0.8016826923076923,0.6911475409836065,0.8415464743589745,0.3,0.024888992,0.42862177,0.05526228,0.54803324,0.54803324,0.0366096,0.36736798,1.1602554,0.1831541,1.1515696,1.2772517,0.28310484,1.246443,1.4880292,0.3882475,0.6630608974358975,0.5927868852459017,0.8415464743589745,0.2,0.21771860335682897
8M,False,OTC_HUMAN_Lo_2023,D263H,262,0.002,0,-0.5635232925415039,-0.8666586875915527,32,-0.014840841293334961,True,0.05551601160946737,-,0.637419416429553,0.765472312703583,0.8803807947019868,0.7934101728890002,0.3,0.3748665,0.21185327,0.06450005,0.38607025,0.46164703,0.10064845,0.24208426,0.526494,0.30436406,0.1774149,0.16359353,0.24513292,0.21992397,0.6130738,0.3345912,0.7880230518667001,0.7437913907284768,0.7934101728890002,0.2,0.35396471089226156
8M,False,OTC_HUMAN_Lo_2023,G197E,196,0.005,0,-0.09304189682006836,0.10982990264892578,32,0.04244965314865112,True,0.13393237800784005,-,0.31609318929706665,0.7637540453074434,0.618969298245614,0.9239482200647249,0.3,1.2087953,1.2087953,0.030655146,1.6169931,1.1654937,0.07097974,1.7248001,0.4475937,0.27656013,1.0165278,0.943696,0.14584689,0.8521999,1.1945597,0.23258665,0.6834363047955282,0.49451754385964913,0.9239482200647249,0.3,0.3148663547430891
8M,False,OTC_HUMAN_Lo_2023,H182L,181,0.0069999999999999,0,-0.2816951274871826,0.8094449043273926,32,0.014754414558410645,True,0.4132336532799633,H,0.21089041434655886,0.7309753483386924,0.49728555917480993,0.7225794926759557,0.4,0.7860763,0.54190564,0.011451674,1.2528629,1.2613025,0.019888068,2.0299678,1.1718266,0.09290638,2.0234902,1.6611254,0.055838488,2.3267517,1.9990993,0.14264436,0.7659878528045732,0.42562432138979367,0.7225794926759557,0.3,0.2252397331767837
8M,False,OTC_HUMAN_Lo_2023,T247A,246,0.022,0,-1.0536985397338867,0.47124218940734863,32,-0.011530399322509766,True,0.09581623800507207,E,0.25776443608915345,0.6584494462307967,0.6683006535947712,0.9412290103608432,0.1,0.18055344,0.22260487,0.027728701,0.052532792,0.21672261,0.03269577,0.05833888,0.87513256,0.09255409,0.5745375,1.1605256,0.07022588,1.1907578,1.4181967,0.38954785,0.924258663808503,0.8717320261437909,0.9412290103608432,0.2,0.3466641690059694
8M,False,OTC_HUMAN_Lo_2023,M213V,212,0.038,0,1.3436789512634277,1.0873594284057617,32,-0.009930908679962158,True,0.009566598429131433,-,0.3058921587088811,0.9158105737910298,0.892975011786893,0.9287146078677023,0.6,0.110400796,0.11585605,0.011019516,0.011674523,0.011674523,0.04602151,0.28769743,0.19683087,0.07462032,0.45314193,0.054275274,0.09948244,0.031285286,0.22890711,0.1115669,0.8965171636181408,0.834040546911834,0.9287146078677023,0.5,0.31064510653492183
8M,False,OTC_HUMAN_Lo_2023,G71V,70,0.062,0,-0.4095938205718994,-0.22768950462341309,32,-0.008065104484558105,True,0.6020293209012592,-,0.14364397914335103,0.8690095846645367,,0.9979461433135555,0.3,0.24180627,0.13014603,0.01787119,0.014138699,0.36414552,0.12375784,0.1290462,0.19121027,0.039956998,0.5545633,0.40380645,0.16545519,0.7992232,0.55457664,0.26572245,0.8854404381560932,,0.9979461433135555,0.3,0.34903406128420794
8M,False,OTC_HUMAN_Lo_2023,L177V,176,0.093,0,-1.2539010047912598,-0.5889036655426025,32,-0.007355868816375732,True,0.012016201154626033,H,0.3909965082914366,0.7336601307189542,0.4106359649122807,0.6434407096171801,0.4,0.54915,0.08596563,0.027683448,0.25486374,0.5289476,0.019305611,0.24354458,0.40226185,0.058330797,0.55753756,0.63143253,0.02928934,0.6461797,0.6147573,0.1804224,0.6556956115779645,0.4117324561403509,0.6434407096171801,0.4,0.24900317295352534
8M,False,OTC_HUMAN_Lo_2023,A295V,294,0.159,0,-0.14107561111450195,-0.38965725898742676,32,-0.020174086093902588,True,0.14872776949349972,-,0.3042458633888169,0.6205929487179488,0.5285947712418301,0.8531650641025641,0.2,0.33132935,0.0058381557,0.024780845,0.34756756,0.03923917,0.044225883,0.31728268,0.23583698,0.03457079,0.5161545,0.15745378,0.21094818,0.24079657,0.0036547184,0.09514189,0.7828525641025641,0.7704248366013072,0.8531650641025641,0.2,0.39686720269899234
8M,False,OTC_HUMAN_Lo_2023,P352A,351,0.1989999999999999,0,0.9699211120605469,0.09046792984008789,32,0.01754218339920044,True,0.1459080501695469,-,,0.7309753483386925,0.5598705501618123,0.6320114326545194,0.3,0.12744617,0.015874386,0.017094087,0.21197367,0.5311587,0.021152925,0.061318636,0.43318963,0.06339059,0.5327685,0.52341723,0.119493864,0.7806287,0.40927243,0.18091202,0.6934619506966774,0.4401294498381877,0.6320114326545194,0.3,0.26668268956688124
8M,False,OTC_HUMAN_Lo_2023,N240K,239,0.2239999999999999,0,0.23653554916381836,0.5104577541351318,32,0.007148444652557373,True,0.3869529637387244,H,0.2160361986535193,0.8352983208288673,0.6275787187839306,0.9448017148981779,0.3,0.16771579,0.16771579,0.013754559,0.18961978,0.053749084,0.040852644,0.22160864,0.15556431,0.07279253,0.019648314,0.017742872,0.09873261,0.23164845,0.1631813,0.09283104,0.8645944980350124,0.7122692725298588,0.9448017148981779,0.5,0.2811254621404907
8M,False,OTC_HUMAN_Lo_2023,R40C,39,0.311,0,-1.4541575908660889,-2.6057887077331543,32,0.034389376640319824,True,0.20913261256281923,-,0.4615143025177013,0.9119123687813784,0.7337662337662338,0.8089913281606571,0.3,0.21227407,0.06417441,0.023027372,0.41068077,0.2407918,0.037132263,0.35876513,0.15947628,0.0890419,0.0931108,0.050653458,0.12597036,0.22120404,0.04422593,0.13980265,0.8498402555910542,0.5162337662337662,0.8089913281606571,0.4,0.2813398561955983
8M,False,OTC_HUMAN_Lo_2023,L301I,300,0.33,0,-0.17749202251434326,-0.7051701545715332,32,0.004402756690979004,True,0.0060081005773130166,E,0.7034124447174884,0.5697820095214232,0.48283499446290146,0.7925331996993235,0.2,0.03856063,0.1349504,0.0043529747,0.1645335,0.004802704,0.024543952,0.049400687,0.12520397,0.02826469,0.06916678,0.044707894,0.075715184,0.04437673,0.19421947,0.14347544,0.7108494111751441,0.6223698781838317,0.7925331996993235,0.4,0.2838635114088768
8M,False,OTC_HUMAN_Lo_2023,I261F,260,0.371,0,-0.9738658666610718,-0.14779877662658691,32,-0.01604783535003662,True,0.04291064727045388,E,0.5008952919123348,0.7696078431372549,0.7643333333333333,0.7441643323996265,0.3,0.19001532,0.077309966,0.053580593,0.28307426,0.61788976,0.15362541,0.59527194,0.68717396,0.14083266,0.3244177,0.55041754,0.30979535,0.67091954,0.7305106,0.3430431,0.9119981325863677,0.915,0.7441643323996265,0.3,0.320322414633767
8M,False,OTC_HUMAN_Lo_2023,A174G,173,0.385,0,-0.36715221405029297,-0.4273796081542969,32,0.011944860219955444,True,0.0,H,0.5804983742593486,0.6514939309056956,0.21600877192982454,0.6022408963585434,0.6,0.028855085,0.028855085,0.032484006,0.042865753,0.23300791,0.015780592,0.042239428,0.018607855,0.033133317,0.19490433,0.076262236,0.038170673,0.03890705,0.060590982,0.11181545,0.5606909430438842,0.2944078947368421,0.6022408963585434,0.2,0.26395221424736603
8M,False,OTC_HUMAN_Lo_2023,E72Q,71,0.427,1,-0.7308337688446045,-0.4811532497406006,32,-0.007555514574050903,True,0.1851834471112191,-,0.13639523943617016,0.8635881104033971,0.8867313915857605,0.9946921443736731,0.0,0.043981552,0.033812284,0.010332918,0.07737613,0.057091475,0.027804136,0.03573084,0.055015087,0.015148831,0.12561107,0.060035944,0.052302934,0.057992935,0.21810436,0.14428358,,,,,
8M,False,OTC_HUMAN_Lo_2023,L151V,150,0.487,1,-1.1532894372940063,-0.6435203552246094,32,0.00014710426330566406,True,0.024032402309252066,H,0.4731636634832064,0.5539215686274509,0.5071271929824561,0.9673202614379085,0.2,0.052283406,0.014011264,0.021849584,0.032860756,0.078142405,0.03885467,0.06901622,0.19897008,0.042724203,0.0044755936,0.47473776,0.054290175,0.15645087,0.6590854,0.17778239,,,,,
8M,False,OTC_HUMAN_Lo_2023,K70E,69,0.529,1,0.05730557441711426,0.3923976421356201,32,0.0002346038818359375,True,0.4892621085974474,-,0.1590121812390909,0.8625265392781316,,0.9957537154989384,0.3,0.15948987,0.034048557,0.024704838,0.026623726,0.17285705,0.050582934,0.16865993,0.18606687,0.06291018,0.13558269,0.12194753,0.09016075,0.2477634,0.114595175,0.092168614,,,,,
8M,False,OTC_HUMAN_Lo_2023,K46N,45,0.574,1,-0.8493883609771729,-0.36467909812927246,32,-0.004104912281036377,True,0.360426831551724,H,0.12233153911499361,0.8699224098585121,0.7307274701411509,0.7786398904609767,0.2,0.32412863,0.117292166,0.009503126,0.47109628,0.25332904,0.010334778,0.35722685,0.41734862,0.11581936,0.38665318,0.23435974,0.022363473,0.43508172,0.3476162,0.09301424,,,,,
8M,False,OTC_HUMAN_Lo_2023,G119V,118,0.597,1,0.2412128448486328,-0.18060016632080078,32,0.024865418672561646,True,0.6830992068015239,-,0.32592686184806097,0.9246794871794872,0.889967637540453,0.9967948717948718,0.4,0.42634845,0.18210387,0.014085436,0.1435194,0.28339267,0.04600029,0.4101615,0.037183285,0.04472165,0.14866853,0.47168064,0.046342086,0.52365446,0.55707717,0.13873267,,,,,
8M,False,OTC_HUMAN_Lo_2023,L95V,94,0.636,1,-0.8507922887802124,-0.6140351295471191,32,-0.0035900473594665527,True,0.42657514098922417,H,0.2975560861998302,0.7881386209360486,0.28802588996763756,0.8971061093247589,0.2,0.034906387,0.07121968,0.025787925,0.08778584,0.39515162,0.09333029,0.047875047,0.05312836,0.09140265,0.14581525,0.14018762,0.06331809,0.3604597,0.22523606,0.14292014,,,,,
8M,False,OTC_HUMAN_Lo_2023,L57I,56,0.6940000000000001,1,-0.9923877716064453,-0.7792558670043945,32,-0.03965839743614197,True,0.012016201154626033,H,0.5487374261903549,0.7440378289473685,0.5442880794701986,0.6486430921052632,0.3,0.0059814453,0.025948524,0.028798485,0.21364236,0.01681614,0.021938372,0.24449348,0.4268118,0.039602946,0.2064166,0.45014894,0.08026028,0.36794353,0.4095297,0.101274826,,,,,
8M,False,OTC_HUMAN_Lo_2023,E309D,308,0.7509999999999999,1,-0.8063058853149414,0.15481328964233398,32,-0.023178160190582275,True,0.280667802668516,-,0.23367361153976152,0.6763129689174705,0.5712719298245614,0.8612004287245444,0.2,0.14310503,0.2726977,0.016909743,0.106972456,0.23812866,0.015563106,0.025830507,0.33248162,0.02508459,0.15022802,0.5453243,0.093583964,0.16743612,0.562788,0.07852373,,,,,
8M,False,OTC_HUMAN_Lo_2023,S267R,266,0.7709999999999999,1,-0.5103881359100342,0.7606775760650635,32,0.10234594345092773,True,0.17820248558184537,-,0.6065421932207566,0.8549481957842087,0.6275787187839306,0.8590568060021435,0.3,0.038842678,0.18975306,0.033852197,0.15685248,0.097234964,0.03201027,0.03562975,0.14079523,0.066756964,0.45084262,0.14360046,0.05701413,0.26492953,0.0048685074,0.09550681,,,,,
8M,False,OTC_HUMAN_Lo_2023,Q235L,234,0.7929999999999999,1,-1.1838321685791016,0.8110318183898926,32,0.007225513458251953,True,0.396214426139653,H,0.5063032861994272,0.953525641025641,,1.0,0.3,0.19792509,0.07211161,0.027617645,1.0553021,0.14648497,0.024267053,1.1146381,0.6702144,0.043911267,1.7005959,1.9058368,0.18936977,2.0342512,2.239505,0.24320404,,,,,
8M,False,OTC_HUMAN_Lo_2023,K221E,220,0.8420000000000001,1,0.18980956077575684,0.3481869697570801,32,0.01843211054801941,True,0.6888819941518634,-,0.2785625745306679,0.7256960292104062,0.5097402597402597,0.9276586033774532,0.3,0.044198036,0.044198036,0.010167694,0.1358335,0.33651185,0.02714777,0.11058307,0.27123213,0.03518424,0.12580204,0.38633966,0.04892411,0.25685525,0.31600213,0.06714954,,,,,
8M,False,OTC_HUMAN_Lo_2023,D226N,225,0.857,1,-0.5493612289428711,-1.09234619140625,32,0.01576608419418335,True,0.30081404020944413,-,0.22212589211143008,0.6498397435897436,0.3832790445168295,0.9166666666666666,0.2,0.32504106,0.32504106,0.009633589,0.28805447,0.42064238,0.010337735,0.18812275,0.3241737,0.10929628,0.1651218,0.4869411,0.032672502,0.25069284,0.34545565,0.08672862,,,,,
8M,False,OTC_HUMAN_Lo_2023,T91N,90,0.894,1,-0.34574055671691895,-0.7587904930114746,32,0.004707276821136475,True,0.4263912747628835,-,0.7760158531161829,0.7412140575079872,0.31715210355987056,0.8785942492012778,0.3,0.109938145,0.10750675,0.004236555,0.25206828,0.09811568,0.0127349375,0.23257518,0.1441586,0.03339944,0.30553627,0.08915591,0.07806297,0.20728874,0.20868754,0.14506726,,,,,
8M,False,OTC_HUMAN_Lo_2023,S123R,122,0.926,1,-0.5865352153778076,0.636815071105957,32,0.004651427268981934,True,0.3053317548325066,-,0.4951375195877815,0.9856687898089171,,0.9968152866242038,0.5,0.43349195,0.013771057,0.016127491,0.51471686,0.38626218,0.04985428,0.5004015,0.2792909,0.033762217,0.16286254,0.2582569,0.102323726,0.043691874,0.060352564,0.058707573,,,,,
8M,False,OTC_HUMAN_Lo_2023,K34Q,33,0.958,1,-0.14719247817993164,-0.12498927116394043,32,-0.0160941481590271,True,0.8142194538854797,-,,0.7697160883280756,0.7324840764331211,0.9852786540483702,0.1,0.024252415,0.06450462,0.015156984,0.0046532154,0.052078485,0.01994443,0.17184162,0.30534434,0.017886113,0.10774708,0.26608038,0.040023565,0.19763207,0.41849446,0.092951916,,,,,
8M,False,OTC_HUMAN_Lo_2023,L118F,117,0.999,1,-0.6049246788024902,-0.8959829807281494,32,0.01312178373336792,True,0.15758660133278238,E,0.34883219004483146,0.7652733118971061,0.5700325732899022,0.972668810289389,0.3,0.03923893,0.03923893,0.009908581,0.04146433,0.1140759,0.013336468,0.07896781,0.17206168,0.019496059,0.07417703,0.19708562,0.046742775,0.16652799,0.13107824,0.060446598,,,,,
8M,False,OTC_HUMAN_Lo_2023,D147V,146,1.006,1,0.9405088424682617,-0.5971405506134033,32,0.014932870864868164,True,0.24506870861394686,H,0.17318299139836713,0.8828463203463204,0.8045602605863192,0.9837662337662337,0.2,1.5693126,0.05042839,0.12111731,1.520987,0.10711908,0.25283486,1.5264249,0.7325928,0.29282284,1.2817259,0.721169,0.65984356,0.937448,1.1047359,0.6305173,,,,,
8M,False,OTC_HUMAN_Lo_2023,T290I,289,1.032,1,-0.6876583099365234,-0.0785515308380127,32,0.017517566680908203,True,0.03737647758358327,H,0.3657272076175073,0.8148633879781421,0.6008771929824561,0.9075409836065573,0.5,0.12300587,0.12300587,0.06750002,0.025938272,0.1547842,0.024511432,0.18491888,0.84686565,0.07135753,0.9793346,1.0123425,0.15910324,1.2944174,0.94578767,0.13670416,,,,,
8M,False,OTC_HUMAN_Lo_2023,T125S,124,1.082,1,0.3629117012023926,-0.5672950744628906,32,-0.01576972007751465,True,0.2291129914527672,H,0.21178817971657893,0.8489583333333333,0.6298701298701299,0.9623397435897436,0.5,0.0150363445,0.089119434,0.008585358,0.055567265,0.029386044,0.0073403837,0.012408733,0.0021195412,0.031257916,0.0009160042,0.12183905,0.028722811,0.0029230118,0.0050821304,0.049720623,,,,,
8M,False,OTC_HUMAN_Lo_2023,Q350P,349,1.245,1,0.17940378189086914,0.5506765842437744,32,-0.009311139583587646,True,0.7010649151012676,-,,0.7276550998948474,,0.9994742376445847,0.2,0.47956967,0.020303488,0.03595128,0.76272035,0.16220021,0.022212172,0.71393895,0.07451415,0.031533338,0.572258,0.2801149,0.029930782,0.27188253,0.35267806,0.047106456,,,,,
8M,False,HEM3_HUMAN_Loggerenberg_2023,A31E,30,0.0,0,-0.7087223529815674,-0.4902222156524658,128,-0.0004298090934753418,True,0.08425313135162207,H,0.9330322382551645,0.8065774804905239,0.8445190156599552,0.9735228539576366,0.3,0.39914083,0.15007854,0.030179929,0.50480604,0.20480299,0.038755774,0.61183333,0.083698034,0.088494256,0.27243662,0.264004,0.094093725,0.20691943,0.3290565,0.16877353,0.8219063545150502,0.5995525727069351,0.9735228539576366,0.4,0.3188253419241619
8M,False,HEM3_HUMAN_Loggerenberg_2023,D99K,98,0.0,0,-2.8375730514526367,-0.7452912330627441,64,0.15305662155151367,True,0.42836426460267546,H,0.9930215962451286,0.7125683060109289,0.94,0.9781420765027322,0.3,0.49499106,0.80452466,0.022514772,1.1178172,1.3473027,0.051040936,1.1037505,1.7575011,0.24453382,1.2048273,1.9372675,0.21404615,1.6744642,2.07639,0.33044267,0.8836065573770492,0.7766666666666666,0.9781420765027322,0.4,0.3044887589721614
8M,False,HEM3_HUMAN_Loggerenberg_2023,G280T,279,0.0,0,-0.9110952615737915,-0.16997742652893066,32,-0.05196404457092285,True,0.0,E,0.61174715135269,0.7047297297297298,0.6028213166144201,0.8968468468468469,0.5,0.5289663,0.29533303,0.02078228,0.20101595,0.20101595,0.050550483,0.42381632,0.42381632,0.02460754,0.41505086,0.6352328,0.18102047,0.62902534,0.43259442,0.09394012,0.7524774774774775,0.6683385579937304,0.8968468468468469,0.5,0.3096884039117858
8M,False,HEM3_HUMAN_Loggerenberg_2023,I21Q,20,0.0,0,-4.955970764160156,-0.21412229537963867,64,0.030971527099609375,True,0.006130092467207697,E,0.5033830421972771,0.7359318533815178,0.6587301587301587,0.8520908621579762,0.4,2.3757086,2.3757086,0.009786988,3.0751076,1.1929803,0.034987353,2.3847182,1.552769,0.09065008,3.1819463,3.2651834,0.48046857,4.4416246,4.014753,0.44907635,0.8554465668559629,0.8087679516250944,0.8520908621579762,0.3,0.33672502716517955
8M,False,HEM3_HUMAN_Loggerenberg_2023,L193W,192,0.0,0,-2.649165630340576,-1.2664523124694824,64,-0.017797231674194336,True,0.0060081005773130166,H,0.7729228989961957,0.7648305084745763,0.6745762711864406,0.9389830508474576,0.4,0.026127815,0.06190777,0.05687814,0.13930178,0.09972763,0.043471288,0.06029892,0.048586845,0.0857996,0.076070786,0.29771614,0.0515316,0.054853678,0.061657906,0.15120602,0.7258474576271187,0.48983050847457626,0.9389830508474576,0.3,0.2760698999607189
8M,False,HEM3_HUMAN_Loggerenberg_2023,L85H,84,0.0,0,-7.295907974243164,-1.0475358963012695,32,-0.21735239028930664,True,0.0060081005773130166,H,0.7378072709914963,0.711864406779661,0.5787172011661808,0.8854872881355933,0.5,0.44042587,0.46885252,0.027471447,1.2279005,0.5802326,0.027250767,3.4210591,0.5022454,0.09734287,5.24748,1.395114,0.23913908,5.8934383,5.8856134,0.26411104,0.8913135593220339,0.7934888241010689,0.8854872881355933,0.6,0.26838993383429494
8M,False,HEM3_HUMAN_Loggerenberg_2023,S96Q,95,0.0,0,-2.3462178707122803,0.1588149070739746,64,0.2251725196838379,True,0.1138088353260817,E,0.9394520185229221,0.7792642140468228,0.6695821185617103,0.7027591973244147,0.2,0.051141977,0.17953658,0.015525961,0.023910284,0.26889634,0.03803463,0.24042058,0.41995788,0.07210751,0.20367265,0.597949,0.07709789,0.26429868,1.6009643,0.12568006,0.6552396878483835,0.47862001943634597,0.7027591973244147,0.2,0.19576619808429396
8M,False,HEM3_HUMAN_Loggerenberg_2023,T294D,293,0.0,0,-0.5522968769073486,0.47326159477233887,64,-0.02990412712097168,True,0.4564942347504638,E,0.2151963235553458,0.7417218543046358,0.6662162162162162,0.95345842531273,0.2,0.5933926,0.45780826,0.010384751,0.111536264,0.400244,0.1118258,0.30599022,0.46421123,0.04805393,0.26630425,0.46465945,0.17106676,0.051618338,0.72804046,0.25718242,0.7564385577630611,0.5972972972972973,0.95345842531273,0.3,0.3310047800513205
8M,False,HEM3_HUMAN_Loggerenberg_2023,L220N,219,0.004407187,0,-2.4053711891174316,-1.1383554935455322,32,-0.06729710102081299,True,0.05407290519581715,E,0.6507472285333428,0.6014911014911015,0.47457044673539517,0.4387926887926888,0.2,0.8291316,0.8291316,0.03530369,0.8305571,0.84039354,0.034154892,0.73983526,0.5911293,0.23108439,0.78330064,1.0537517,0.16707489,0.9879639,0.93601704,0.41847953,0.6729196729196729,0.584192439862543,0.4387926887926888,0.1,0.22107585723842765
8M,False,HEM3_HUMAN_Loggerenberg_2023,K43P,42,0.038121443,0,-4.788446426391602,0.8797998428344727,64,-0.18315744400024414,True,0.40144277302166187,H,0.20053563534136665,0.8388704318936877,0.9832775919732442,0.9973421926910299,0.5,1.2008257,0.6418991,0.024669075,1.7601311,0.86908484,0.14897957,2.1453323,1.0383239,0.13239774,3.045306,3.2135475,0.33863688,4.798921,4.221124,0.27934065,0.9674418604651163,0.9882943143812709,0.9973421926910299,0.5,0.42603827101921704
8M,False,HEM3_HUMAN_Loggerenberg_2023,S141P,140,0.104720516,0,-1.2160453796386719,0.9935004711151123,64,0.0010364055633544922,True,0.051902515718373066,-,0.5654626496227888,0.7196209587513935,0.5988700564971752,0.927536231884058,0.2,0.5268574,0.24899387,0.044333123,0.59779716,0.051000595,0.07994709,0.11996174,0.34018803,0.087072276,0.36931705,0.5109756,0.19662309,0.91640735,0.6748252,0.22601494,0.754180602006689,0.5983050847457626,0.927536231884058,0.4,0.2392612244010417
8M,False,HEM3_HUMAN_Loggerenberg_2023,I350Q,349,0.1798562289999999,0,-1.079207420349121,-0.3311018943786621,32,-0.03511577844619751,True,0.048349525565188504,H,0.5073497673930936,0.6786916786916786,0.488135593220339,0.9278499278499279,0.3,0.008759975,0.08630586,0.013644313,0.22275925,0.001146555,0.12467122,0.8983216,0.7728548,0.10654931,0.96960926,1.1485355,0.22263876,1.4923785,1.1111958,0.36258093,0.8201058201058201,0.6468926553672316,0.9278499278499279,0.3,0.17146865418853907
8M,False,HEM3_HUMAN_Loggerenberg_2023,A297Q,296,0.245109258,0,-0.8499133586883545,-0.7482292652130127,64,0.01268412172794342,True,0.13106042654696767,E,0.3791960947559109,0.7496128033040785,0.6541950113378684,0.9002323180175529,0.3,0.001273632,0.20599985,0.031596374,0.054348707,0.18884563,0.045057584,0.04457593,0.006072998,0.09430776,0.020661354,0.05381322,0.14316292,0.11831164,0.29371476,0.05228462,0.6435209086215797,0.6054421768707483,0.9002323180175529,0.2,0.37989649173821427
8M,False,HEM3_HUMAN_Loggerenberg_2023,R167D,166,0.286020879,0,0.7529387474060059,0.35106992721557617,32,0.012891948223114014,True,0.15367203656034045,-,0.9701554656714706,0.6814207650273224,0.15551839464882944,0.9737704918032787,0.3,0.33421707,0.14429045,0.049915932,0.084629774,0.47720098,0.11560478,0.32435656,0.29133892,0.10016284,0.45169926,0.24710274,0.12734708,0.26123905,0.29419613,0.2014648,0.580327868852459,0.2508361204013378,0.9737704918032787,0.2,0.3697851782698969
8M,False,HEM3_HUMAN_Loggerenberg_2023,H239K,238,0.3660887379999999,0,1.2480711936950684,0.23483562469482422,64,-0.017229795455932617,True,0.0908826850767486,-,0.34131567478264635,0.5501672240802675,0.4604519774011299,0.6904960981047938,0.2,0.06292963,0.009044886,0.015021038,0.010331631,0.26468468,0.03234005,0.06265426,0.341578,0.06486873,0.33988404,0.5836859,0.08376403,0.36173248,0.60457444,0.22159648,0.5309364548494984,0.36158192090395475,0.6904960981047938,0.1,0.3598830239308652
8M,False,HEM3_HUMAN_Loggerenberg_2023,G192A,191,0.376631501,0,1.309049129486084,0.39266276359558105,64,-0.06910723447799683,True,0.09179794149032713,H,0.9357734056952495,0.6910170366546206,0.5108108108108108,0.8726122870418171,0.3,0.0057971478,0.03612435,0.022167634,0.18769073,0.26459897,0.026797056,0.32828295,0.009478092,0.06425593,0.53039217,0.0678767,0.05843861,0.8722892,0.15276098,0.38985348,0.7986577181208054,0.6986486486486486,0.8726122870418171,0.3,0.21589889961892225
8M,False,HEM3_HUMAN_Loggerenberg_2023,T25C,24,0.464713627,0,-2.3655452728271484,-2.409574508666992,128,-0.006703853607177734,True,0.007021094279301839,E,0.7689775634719964,0.7990990990990992,0.745141065830721,0.9434684684684684,0.3,0.067022085,0.15756416,0.023219109,0.5610465,0.2235899,0.033656597,0.8930967,0.5105628,0.06652741,0.7113764,0.614306,0.080190375,0.8455539,1.0740411,0.14302754,0.7772522522522523,0.7683385579937304,0.9434684684684684,0.1,0.3342878344816581
8M,False,HEM3_HUMAN_Loggerenberg_2023,E80L,79,0.48955475,0,-2.7246804237365723,0.4894068241119385,32,0.3104698657989502,True,0.2128709371209804,H,0.6873714073609875,0.8425312729948491,0.5537098560354374,0.9795805739514348,0.5,0.3916154,0.30956626,0.018845702,0.23492241,0.7147,0.16067147,0.22084999,0.43113327,0.077966355,1.485475,1.2787147,0.20191693,1.9625041,0.85826635,0.29720718,0.7777777777777777,0.4994462901439646,0.9795805739514348,0.3,0.322259632798192
8M,False,HEM3_HUMAN_Loggerenberg_2023,D233A,232,0.532333654,0,-0.16039538383483887,-0.010822772979736328,32,-0.04118788242340088,True,0.5276802633223988,H,0.2492829738850746,0.8807755775577558,0.14,0.9356435643564356,0.6,0.63776994,0.06011319,0.011019659,1.0012933,0.3921821,0.02737484,1.0737559,0.8482125,0.042795133,0.953274,1.222047,0.29265398,0.76939344,0.75183725,0.14847128,0.9108910891089109,0.4766666666666667,0.9356435643564356,0.5,0.2548920442302722
8M,False,HEM3_HUMAN_Loggerenberg_2023,I54S,53,0.595870913,0,-0.4071202278137207,-0.32030630111694336,64,-0.022159039974212646,True,0.26359397608993096,E,0.3746432676568251,0.8412121212121212,0.8087167070217918,0.9231818181818182,0.3,0.14280748,0.5365257,0.017317962,0.14396095,0.14396095,0.124163106,0.21380782,0.33114386,0.04517398,0.46845508,0.5104339,0.086401984,0.5266826,0.7076652,0.15026622,0.8887878787878788,0.8348668280871671,0.9231818181818182,0.6,0.2682435224437948
8M,False,HEM3_HUMAN_Loggerenberg_2023,A55C,54,0.629691431,1,-3.038403272628784,-3.0389671325683594,128,0.001940205693244934,True,0.36339450025348985,E,0.19829379809809522,0.7475247524752475,0.7140939597315437,0.9360561056105611,0.2,0.30045176,0.346524,0.010975456,0.1957531,0.62496924,0.027636003,0.2404139,0.6469331,0.056918718,0.1460731,0.7057326,0.06847038,0.1444323,0.76854324,0.28521863,,,,,
8M,False,HEM3_HUMAN_Loggerenberg_2023,A252E,251,0.667705914,1,0.22805142402648926,-0.2795865535736084,32,0.010308980941772461,True,0.016611767814925897,H,0.4338617353567864,0.6350018960940462,0.45567010309278355,0.7336935912021236,0.4,0.23695445,0.085256815,0.017509127,0.26781654,0.038380146,0.03904376,0.229002,0.081997395,0.041911412,0.04668188,0.74356365,0.06053581,0.50468063,0.5684824,0.24486235,,,,,
8M,False,HEM3_HUMAN_Loggerenberg_2023,L154Q,153,0.695206552,1,-5.393502235412598,-0.8290319442749023,32,0.43789100646972656,True,0.0,H,0.6227545793510929,0.791516606642657,0.7507610350076104,0.9226690676270508,0.3,1.1611996,1.4067445,0.021226693,3.4939034,1.260735,0.08079586,3.7015371,1.5281959,0.07843542,2.874894,3.4343638,0.6681415,2.6610599,4.28203,1.0084904,,,,,
8M,False,HEM3_HUMAN_Loggerenberg_2023,K272Q,271,0.726499989,1,-0.29674839973449707,-0.20889592170715332,64,-0.0012208819389343262,True,0.515738439782573,E,0.17496910788119546,0.9404371584699454,,0.9978142076502732,0.4,0.20954204,0.05764842,0.035127066,0.13907361,0.37504768,0.022185039,0.24789834,0.38705707,0.017917156,0.5339644,0.19518518,0.050861884,0.3686185,0.27574778,0.09132476,,,,,
8M,False,HEM3_HUMAN_Loggerenberg_2023,L245V,244,0.754121917,1,-0.10665321350097656,-0.5486326217651367,128,-0.0015206634998321533,True,0.04205670404119111,H,0.18612342071441113,0.6783783783783783,0.5276967930029154,0.8323198198198197,0.1,0.03938532,0.1751113,0.016906118,0.078541756,0.33559084,0.04106326,0.13132024,0.27479863,0.034977484,0.11999273,0.3293457,0.03459654,0.007736206,0.21703434,0.026946355,,,,,
8M,False,HEM3_HUMAN_Loggerenberg_2023,K79A,78,0.795765417,1,0.42681074142456055,0.8236687183380127,128,0.00025659799575805664,True,0.5309021088114544,H,0.552316206905714,0.9021857923497267,0.5197368421052632,0.9909836065573769,0.4,0.11825085,0.030358315,0.005350304,0.047331333,0.1306727,0.009506131,0.2565236,0.2407279,0.042649508,0.31242394,0.48068285,0.052036952,0.708343,0.3669455,0.047733925,,,,,
8M,False,HEM3_HUMAN_Loggerenberg_2023,G281W,280,0.816498642,1,-1.6795117855072021,-0.7227838039398193,64,-0.003079354763031006,True,0.0,E,0.18478033641888114,0.6741221741221741,0.554639175257732,0.8965848965848966,0.4,0.65920424,0.22960305,0.0951191,0.37192512,0.29822707,0.05747261,0.19623184,0.013517857,0.04740839,0.11958647,0.102167845,0.16169782,0.7102492,0.33065462,0.1075954,,,,,
8M,False,HEM3_HUMAN_Loggerenberg_2023,V20P,19,0.8394100870000001,1,-1.0527920722961426,0.6340289115905762,32,-0.1410456895828247,True,0.34116482913236174,E,0.19888485393226796,0.79496699669967,0.74,0.957095709570957,0.2,0.3683766,0.15294242,0.13366541,0.2119168,0.24466145,0.018143987,1.2043753,0.74792767,0.029864978,0.6757803,0.28633738,0.10942569,0.543586,1.2118144,0.24265142,,,,,
8M,False,HEM3_HUMAN_Loggerenberg_2023,I186V,185,0.881260052,1,0.7213784456253052,0.21770834922790527,64,-0.0016975998878479004,True,0.0,E,0.5120469258137326,0.7763347763347763,0.7017182130584192,0.872053872053872,0.2,0.22300589,0.22300589,0.026664853,0.21491444,0.14377487,0.04279363,0.02394545,0.22078764,0.09063163,0.107022166,0.16407955,0.06827359,0.36087096,0.25351107,0.18762752,,,,,
8M,False,HEM3_HUMAN_Loggerenberg_2023,F163P,162,0.899515958,1,-2.01641845703125,0.9076461791992188,64,-0.011630058288574219,True,0.18577143186558231,E,0.46449013790374183,0.8248484848484848,0.776877133105802,0.9465151515151515,0.2,2.3148675,0.66842604,0.044751503,2.3392115,1.3055322,0.03283944,2.3168514,1.4084027,0.09891953,2.0765603,2.3222773,0.0749589,1.846226,2.5411015,0.2501946,,,,,
8M,False,HEM3_HUMAN_Loggerenberg_2023,R32M,31,0.943883807,1,-1.980388879776001,-1.3427293300628662,64,-0.027549803256988525,True,0.3206408066986666,H,0.5590036769719451,0.9556014455343315,0.9250841750841752,0.9867062467733608,0.6,0.7804072,0.04254508,0.028340768,1.0527792,0.03832984,0.019927312,1.0836651,0.09610653,0.110530235,0.8680794,0.6732061,0.14927998,0.9110534,0.9108517,0.17860313,,,,,
8M,False,HEM3_HUMAN_Loggerenberg_2023,M196L,195,0.951246816,1,1.5760618448257446,1.6289730072021484,64,0.0023688077926635742,True,0.11123167829195071,-,0.6928158667992286,0.7441860465116279,0.5732323232323232,0.6966777408637874,0.4,0.14330065,0.05698085,0.015169287,0.12082887,0.16438353,0.013546514,0.041926622,0.02163136,0.041957308,0.097607255,0.06114137,0.060418606,0.18210709,0.277076,0.0936629,,,,,
8M,False,HEM3_HUMAN_Loggerenberg_2023,Q314L,313,1.001740615,1,1.608140468597412,0.8614146709442139,32,0.01309901475906372,True,0.2654793237698584,E,,0.6336633663366337,0.10066006600660066,0.8572607260726073,0.3,0.4044199,0.1109401,0.031415224,0.045963526,0.1189065,0.0606452,0.35650325,0.5847261,0.051346827,0.30394244,0.06935656,0.10184066,0.20832467,0.67715836,0.07763319,,,,,
8M,False,HEM3_HUMAN_Loggerenberg_2023,W283S,282,1.03583348,1,1.8442659378051758,-0.07817792892456055,64,0.010896801948547363,True,0.04380923397600672,E,0.28410020930299784,0.6144144144144144,0.4309278350515464,0.7691441441441441,0.4,0.2796402,0.12927413,0.014259577,0.21255016,0.2736094,0.023088312,0.08328056,0.21807313,0.06518908,0.4263084,0.3790319,0.20729999,0.030056953,0.023715734,0.23503938,,,,,
8M,False,HEM3_HUMAN_Loggerenberg_2023,D36H,35,1.048276686,1,-1.4569134712219238,-0.7782161235809326,128,-0.008520662784576416,True,0.3368092042857974,H,0.24982913950908203,0.9716703458425313,0.9299999999999999,0.9909860191317145,0.5,0.5594888,0.14558458,0.017044593,0.80473614,0.069126844,0.041936588,1.0733092,0.0489645,0.035142995,0.8592236,0.6520016,0.16681223,0.84995484,0.8713627,0.22309284,,,,,
8M,False,HEM3_HUMAN_Loggerenberg_2023,R201L,200,1.091870969,1,1.851144790649414,0.374234676361084,32,0.016408324241638184,True,0.2567132486620982,H,0.22795339293679584,0.7599009900990098,0.6230425055928412,0.9166666666666666,0.2,0.5706768,0.58606946,0.03947892,0.29928124,0.2452606,0.13648733,0.9329115,0.46962368,0.31292722,0.8737167,0.21509612,0.11485078,0.9807236,0.046432495,0.36298463,,,,,
8M,False,HEM3_HUMAN_Loggerenberg_2023,N118S,117,1.121156598,1,0.41672778129577637,0.17715024948120117,32,-0.0168808251619339,True,0.24875291738439553,-,0.573755903676243,0.6894775570272258,0.4777027027027027,0.7485283296541574,0.2,0.25359035,0.09873748,0.028296327,0.24076962,0.19590163,0.013903951,0.30668283,0.31617427,0.046675347,0.3426547,0.39889312,0.09592791,0.1048255,0.4825492,0.22261496,,,,,
8M,False,HEM3_HUMAN_Loggerenberg_2023,G259K,258,1.236457783,1,0.09663152694702148,-0.24963736534118652,32,-0.021307796239852905,True,0.17645165962541773,-,0.7786604961233041,0.840691685062546,0.7107023411371238,0.9357983811626195,0.3,0.24896574,0.24896574,0.046992302,0.20687366,0.20687366,0.029406596,0.247787,0.49051762,0.05468502,0.5270703,0.9627137,0.0758007,0.80573225,1.0058618,0.06449346,,,,,
8M,False,HEM3_HUMAN_Loggerenberg_2023,E210C,209,1.325337897,1,-0.9953403472900391,-2.9404964447021484,32,-0.005039215087890625,True,0.1568853329221878,-,0.176263799078218,0.6902133922001472,0.44612794612794615,0.8320456217807211,0.2,0.8434026,0.11809826,0.014567423,0.8370123,0.07611132,0.06627588,1.2172246,0.4271927,0.13160916,1.5067489,0.3260851,0.07925954,1.4930856,0.44671106,0.22004957,,,,,
8M,False,HEM3_HUMAN_Loggerenberg_2023,K227A,226,1.363665855,1,0.41374731063842773,0.6022098064422607,64,0.02115046977996826,True,0.831020318665546,-,0.3884358201049175,0.6333333333333333,0.41333333333333333,0.8545751633986929,0.0,0.054641962,0.03668022,0.0072672367,0.25601077,0.13718128,0.010892582,0.3420813,0.19233394,0.05987482,0.59940195,0.10414195,0.04444499,0.8299689,0.3906505,0.18518658,,,,,
8M,False,P53_HUMAN_Kotler_2018,G245V,244,-0.592215009066,0,-0.40306854248046875,-0.23472857475280762,32,-0.008731991052627563,True,0.06574290115680682,-,0.9808705316198209,0.6506912442396314,0.319811320754717,0.8046082949308756,0.4,0.0861752,0.031450987,0.010651445,0.10162425,0.05909276,0.010051536,0.20217729,0.0040216446,0.015483856,0.0674386,0.22874999,0.048673917,0.2340498,0.29738212,0.062170696,0.8313364055299539,0.7301886792452831,0.8046082949308756,0.3,0.3198653584733774
8M,False,P53_HUMAN_Kotler_2018,K132E,131,-0.475880860851,0,0.10022544860839844,0.4074068069458008,32,-0.012814193964004517,True,0.0509723408044944,E,0.9843099475610887,0.6186046511627907,0.4258503401360544,0.6007751937984496,0.4,0.17916036,0.013326168,0.0036160469,0.24082875,0.13599825,0.018086338,0.26212764,0.062361956,0.020081997,0.20527005,0.07977414,0.047140457,0.14421988,0.116366625,0.040141582,0.7600775193798449,0.6489795918367347,0.6007751937984496,0.4,0.23728753746722459
8M,False,P53_HUMAN_Kotler_2018,R273Y,272,-0.429437223302,0,-1.3603603839874268,-0.6446659564971924,32,-0.010216951370239258,True,0.2898635177934437,E,0.9856384592867662,0.6790079079798707,0.5305023923444976,0.7111790079079798,0.3,0.19288349,0.27602744,0.030330563,0.41580915,0.44652557,0.024877166,0.48229694,0.4669125,0.019668102,0.2544005,0.02389121,0.025314664,0.09883165,0.32503343,0.076618,0.7728253055355859,0.7027511961722488,0.7111790079079798,0.4,0.35668351909956447
8M,False,P53_HUMAN_Kotler_2018,R158F,157,-0.306452974336,0,-0.6003148555755615,-0.5664629936218262,32,0.010936379432678223,True,0.1526687907311831,E,0.9601485486964844,0.48479262672811063,0.34360189573459715,0.6476958525345622,0.1,0.017978907,0.08663416,0.009740924,0.016511202,0.2759719,0.019439125,0.11312652,0.44980407,0.027184058,0.029769897,0.39593744,0.019872809,0.15420389,0.40367126,0.039115954,0.7682027649769585,0.6327014218009478,0.6476958525345622,0.4,0.2550038954292135
8M,False,P53_HUMAN_Kotler_2018,Y236D,235,-0.280802766191,0,-0.4736328125,1.0949864387512207,32,0.00742340087890625,True,0.0,E,0.786475641638724,0.624370956146657,0.4615384615384615,0.6583393242271748,0.4,0.114860296,0.114860296,0.035664223,0.12334943,0.07081103,0.017491102,0.51895905,0.51895905,0.045324277,0.6929455,0.79528236,0.19566235,0.89641094,1.1100016,0.17315459,0.8159597411933861,0.7686965811965812,0.6583393242271748,0.3,0.2982199893558385
8M,False,P53_HUMAN_Kotler_2018,E285K,284,-0.228999631141,0,-0.039600372314453125,-0.28023457527160645,32,-0.0057567209005355835,True,0.2392569343248707,H,0.8334938188919219,0.7841085271317829,0.5997652582159625,0.7887596899224806,0.5,0.0010063648,0.07393217,0.012865019,0.06538677,0.08828211,0.029516554,0.17130017,0.18454099,0.09100709,0.2285471,0.35465384,0.0629971,0.2156148,0.2549343,0.03480015,0.8790697674418605,0.653755868544601,0.7887596899224806,0.7,0.34762510782675626
8M,False,P53_HUMAN_Kotler_2018,R181P,180,-0.145879482865,0,0.3442540168762207,0.30602526664733887,32,0.003222852945327759,True,0.7073706330422379,-,0.44605035655186975,0.729260935143288,0.4545454545454546,0.9928355957767723,0.3,0.006911993,0.006911993,0.009582186,0.0069289207,0.13322973,0.007569599,0.0009536743,0.37677455,0.016664315,0.14773893,0.42543483,0.06423674,0.057709694,0.21424055,0.09101872,0.8469079939668174,0.9954545454545455,0.9928355957767723,0.4,0.23709890831603367
8M,False,P53_HUMAN_Kotler_2018,V272M,271,-0.136193811083,0,-1.5549932718276978,-1.171628713607788,32,-0.0012180209159851074,True,0.018473431449357248,E,0.8971023801647344,0.7135154565061107,0.6602564102564104,0.6908698777857656,0.4,0.4438746,0.12576044,0.009241748,0.09146869,0.15466058,0.02268963,0.24388945,0.3912288,0.036705684,0.46581304,0.27294695,0.09318664,0.46204126,0.51646435,0.105629586,0.6912293314162474,0.6773504273504274,0.6908698777857656,0.4,0.37222142702936956
8M,False,P53_HUMAN_Kotler_2018,P190L,189,-0.051115294685,0,0.3052520751953125,0.03842473030090332,32,-0.001585841178894043,True,0.19747379633357123,-,0.549368967717122,0.5769230769230769,0.2857142857142857,0.9653092006033182,0.2,0.2954197,0.012061834,0.008398771,0.30039525,0.112207174,0.008642721,0.09142852,0.023856401,0.011961651,0.24263,0.04694414,0.025522996,0.41326237,0.1694963,0.06421099,0.6817496229260935,0.6774193548387097,0.9653092006033182,0.2,0.2759661000060892
8M,False,P53_HUMAN_Kotler_2018,N239D,238,0.024725172956,0,0.37915635108947754,1.1247384548187256,32,-0.004737496376037598,True,0.19267577851098577,-,0.8077811028970463,0.671763506625892,0.4773584905660377,0.8152395514780837,0.4,0.09950924,0.10181522,0.0013570786,0.09953785,0.21346307,0.018825864,0.19288087,0.11251068,0.03172145,0.09177899,0.18810177,0.021302795,0.1076324,0.14884877,0.019541645,0.8027522935779816,0.689622641509434,0.8152395514780837,0.3,0.4320278369353518
8M,False,P53_HUMAN_Kotler_2018,Q136E,135,0.085636899167,0,0.22524523735046387,0.5645751953125,32,-0.003377377986907959,True,0.18735766039362337,-,0.7929674783687165,0.5419354838709678,0.38072669826224326,0.6658986175115207,0.4,0.16844296,0.019989729,0.004030466,0.16877508,0.123989105,0.0061275484,0.13759017,0.0922358,0.010167313,0.012626648,0.015763998,0.019968987,0.08689737,0.048510313,0.059403706,0.7880184331797235,0.7148499210110584,0.6658986175115207,0.3,0.1997382750002511
8M,False,P53_HUMAN_Kotler_2018,P250L,249,0.1801066644249999,0,0.2094125747680664,0.05882596969604492,32,-0.0053550004959106445,True,0.2582349644362085,-,0.9230118209886964,0.7400611620795107,0.6421800947867299,0.7581549439347605,0.2,0.15117526,0.15117526,0.012727261,0.36438823,0.21063685,0.025995255,0.51830816,0.15205288,0.060183574,0.39251304,0.13839483,0.0522614,0.512933,0.14750409,0.15978304,0.6646279306829765,0.5955766192733016,0.7581549439347605,0.0,0.39305842076240344
8M,False,P53_HUMAN_Kotler_2018,D208V,207,0.343934595133,0,-0.2863740921020508,-0.6144795417785645,32,0.02287513017654419,True,0.2151940832448008,-,0.8752946020132409,0.938328236493374,0.9534883720930232,0.9936289500509684,0.4,0.34440637,0.09979534,0.013487101,0.19200373,0.12555933,0.00805006,0.3752699,0.10690737,0.0136116985,0.41675663,0.41863132,0.04150796,0.16904974,0.5301614,0.059616376,0.8893985728848114,0.6441860465116279,0.9936289500509684,0.4,0.3323839126071632
8M,False,P53_HUMAN_Kotler_2018,E171G,170,0.424413617537,0,0.17753219604492188,-0.09900784492492676,32,-0.0008685886859893799,True,0.2704476805155894,-,0.7793554744094142,0.726027397260274,0.6728971962616823,0.8333333333333333,0.2,0.04237628,0.13483667,0.014485264,0.35122848,0.09297943,0.022706127,0.0006482601,0.14093208,0.03824506,0.2284882,0.10428882,0.11578345,0.016705751,0.2103231,0.048458435,0.6860730593607306,0.5015576323987538,0.8333333333333333,0.3,0.2524770067602504
8M,False,P53_HUMAN_Kotler_2018,H214R,213,0.566142581936,0,0.5095477104187012,0.5291810035705566,32,0.035436779260635376,True,0.06002876702663036,E,0.7502994715637727,0.6555094786729858,0.6372549019607844,0.8436018957345971,0.2,0.021203041,0.017454147,0.005870676,0.011909723,0.029040813,0.013172341,0.049880505,0.06453276,0.011417961,0.1469562,0.10833216,0.022583056,0.22797203,0.08590174,0.019067097,0.6297393364928909,0.6097285067873303,0.8436018957345971,0.3,0.25592853781606006
8M,False,P53_HUMAN_Kotler_2018,I162S,161,0.825403029957,0,0.23643970489501953,-0.2784276008605957,32,0.008316397666931152,True,0.0,E,0.7602159694794178,0.7365204888569374,0.6287393162393162,0.6826024442846872,0.4,0.021343946,0.021343946,0.0063139917,0.15974331,0.018320322,0.0049993037,0.12118244,0.15375972,0.044870853,0.09699011,0.23389244,0.037577294,0.26991582,0.47648883,0.11560979,0.6639108554996405,0.5705128205128205,0.6826024442846872,0.1,0.28989347781636754
8M,False,P53_HUMAN_Kotler_2018,D259N,258,1.13854898326,1,-2.2147510051727295,-1.1291553974151611,32,-0.002341747283935547,True,0.1902582368592836,-,0.5473566327465913,0.7069124423963133,0.42830188679245285,0.7073732718894009,0.5,1.0579139,0.0025105476,0.02237134,1.6117938,0.7006339,0.08743048,1.8856835,0.9232696,0.036375713,1.6682763,1.8035333,0.20262294,1.8193712,1.9347146,0.22273564,0.6281105990783411,0.5764150943396227,0.7073732718894009,0.4,0.5137864034674978
8M,False,P53_HUMAN_Kotler_2018,K291R,290,1.30348210447,1,0.503470778465271,0.22336196899414062,32,-0.007208913564682007,True,0.29905800220450496,H,0.6190333247843453,0.8194805194805195,0.5707762557077625,0.8909090909090909,0.2,0.02751553,0.20043147,0.0009940624,0.2427088,0.14907753,0.025635576,0.11296213,0.0296036,0.010385227,0.13241398,0.061354518,0.03462856,0.02509439,0.2164768,0.058869027,0.9246753246753247,0.7671232876712328,0.8909090909090909,0.4,0.42915357708049406
8M,False,P53_HUMAN_Kotler_2018,P177F,176,1.44063988228,1,-0.1379537582397461,-0.892155647277832,32,0.011937618255615234,True,0.37890089062904797,H,0.9831824115727782,0.6952054794520548,0.06976744186046513,0.858447488584475,0.3,0.06889534,0.06889534,0.005216503,0.14695454,0.14695454,0.015199709,0.0540452,0.41228318,0.045251943,0.26353407,0.10595608,0.116585255,0.2551458,0.077267885,0.1445426,0.7711187214611872,0.43953488372093025,0.858447488584475,0.4,0.2776837165679617
8M,False,P53_HUMAN_Kotler_2018,N247K,246,1.5794967372600002,1,0.42632484436035156,0.44109034538269043,32,0.004032649099826813,True,0.41344880174300647,-,0.9701555155255628,0.7395514780835881,0.5325581395348837,0.9434250764525994,0.5,0.07147598,0.031266928,0.0044143675,0.08786774,0.08725762,0.0193367,0.11776972,0.21192718,0.035567094,0.08849096,0.28620505,0.028472662,0.18553233,0.20664024,0.037330914,0.81855249745158,0.7162790697674418,0.9434250764525994,0.2,0.2665838831285192
8M,False,P53_HUMAN_Kotler_2018,E287A,286,1.5968308098,1,-0.7302173376083374,0.27496862411499023,32,-0.006817936897277832,True,0.17437169121353838,H,0.4123679790315199,0.9036697247706421,0.7268518518518519,0.9538735983690112,0.4,0.18450344,0.3379792,0.009215379,0.56289446,0.56289446,0.012890291,0.59345067,0.9789289,0.01313138,0.7448138,0.8656701,0.08766663,1.1225826,0.7693516,0.11389413,,,,,
8M,False,P53_HUMAN_Kotler_2018,E224G,223,1.7537717598400002,1,-0.11412668228149414,-0.10769319534301758,32,0.020107626914978027,True,0.6643649112437781,-,0.8795659719275485,0.695067264573991,,0.9977578475336322,0.2,0.008898735,0.008898735,0.0126761915,0.14960432,0.23691249,0.01625204,0.4265945,0.346164,0.016950082,0.45882535,0.5009973,0.07579379,0.53485465,0.38087058,0.1410524,,,,,
8M,False,P53_HUMAN_Kotler_2018,V157L,156,1.81078986525,1,-0.07634377479553223,0.5644140243530273,32,-0.019612669944763184,True,0.0130982025293255,E,0.6525191076755784,0.4966465459423206,0.47536231884057967,0.6074782025486251,0.0,0.030338526,0.09271431,0.0042224885,0.33879018,0.24127436,0.0127802845,0.32579637,0.25675964,0.030984115,0.30718064,0.32102442,0.056557845,0.38736296,0.3217585,0.036016464,,,,,
8M,False,P53_HUMAN_Kotler_2018,Q104L,103,1.89777598914,1,0.4356369972229004,0.967937707901001,32,-0.009012460708618164,True,0.46560257363998053,-,0.6493860194189377,0.781855249745158,0.43302180685358255,0.8279816513761468,0.3,0.030038595,0.29471755,0.0044893264,0.20437145,0.27787757,0.0042493343,0.12032318,0.2615242,0.0111579895,0.081861496,0.0874815,0.033277035,0.07437849,0.12563634,0.12136178,,,,,
8M,False,P53_HUMAN_Kotler_2018,N131S,130,1.96090834515,1,0.5182499885559082,0.2100234031677246,32,-0.0075643062591552734,True,0.3268261024953271,-,0.7234036109378943,0.8714285714285714,0.5953488372093023,0.778896103896104,0.4,0.024559021,0.04832697,0.011061001,0.031912804,0.046235323,0.015696239,0.010019541,0.15759516,0.017827654,0.19956088,0.12898254,0.0444479,0.19660115,0.32499838,0.094919585,,,,,
8M,False,P53_HUMAN_Kotler_2018,L289P,288,2.00837215843,1,-0.14653539657592773,-0.2147526741027832,32,0.010346174240112305,True,0.381131143615267,H,0.23441838202000576,0.6896024464831805,0.4700460829493088,0.8154943934760449,0.4,0.22652411,0.2110424,0.005192661,0.2271657,0.36123252,0.046260167,0.5522115,0.3662665,0.028838206,0.8483529,0.36741328,0.12883596,0.6861594,0.30715966,0.21187392,,,,,
8M,False,P53_HUMAN_Kotler_2018,A189D,188,2.0384569204400003,1,-0.08948826789855957,-0.02806997299194336,32,0.011186838150024414,True,0.07278052204934062,-,0.4468268572427887,0.7456221198156682,0.5106976744186047,0.9251152073732719,0.4,0.008884907,0.037189722,0.006468964,0.047368526,0.050520897,0.009227419,0.07372117,0.013786316,0.011205578,0.06709242,0.10458183,0.0793035,0.20324612,0.035110235,0.030350972,,,,,
8M,False,P53_HUMAN_Kotler_2018,R174G,173,2.0767478336300003,1,0.08576440811157227,-0.030126094818115234,32,0.0036735832691192627,True,0.11292764366327221,-,0.6330978897412914,0.7746543778801843,0.6706161137440758,0.870967741935484,0.3,0.26870394,0.10784197,0.013507271,0.42404532,0.034934998,0.016353082,0.5019369,0.22401667,0.015964795,0.3652165,0.09235287,0.08506761,0.3818581,0.097774506,0.035451174,,,,,
8M,False,P53_HUMAN_Kotler_2018,P142H,141,2.14974489992,1,-0.44904565811157227,-0.9909977912902832,32,0.016671180725097656,True,0.18559660025856559,E,0.9115548944980015,0.7525345622119816,0.6026856240126383,0.7670506912442396,0.3,0.13287067,0.24784398,0.0056025507,0.27651954,0.27651954,0.044874333,0.31590033,0.2284956,0.067109585,0.32429028,0.22039199,0.14173631,0.2651608,0.48631477,0.1234601,,,,,
8M,False,P53_HUMAN_Kotler_2018,E180G,179,2.1991022730500003,1,0.6894526481628418,-0.13330483436584473,32,-0.00740361213684082,True,0.33824454606312493,H,0.6442652845599409,0.7612903225806452,0.6359447004608295,0.991705069124424,0.4,0.0225811,0.15951943,0.0100747105,0.013114929,0.28821754,0.013789749,0.15499878,0.4977088,0.011354971,0.071505785,0.44055986,0.034698248,0.123543024,0.374238,0.033813618,,,,,
8M,False,P53_HUMAN_Kotler_2018,G226S,225,2.28557708752,1,0.07527709007263184,-0.694162130355835,32,-0.009517669677734375,True,0.8353701486027476,-,0.9950633843200135,0.9441441441441442,,0.9995495495495497,0.2,0.063667536,0.008347034,0.0043750284,0.13233542,0.02959323,0.027112436,0.09525609,0.0499084,0.026004981,0.17877412,0.44678497,0.056412317,0.22276187,0.08077788,0.03826847,,,,,
8M,False,P53_HUMAN_Kotler_2018,P151L,150,2.36659875981,1,0.8299812078475952,0.04631972312927246,32,0.00545954704284668,True,0.05390988800315574,-,0.872156665905365,0.8287461773700304,0.7629107981220656,0.7410805300713558,0.2,0.26423228,0.26423228,0.01518209,0.2680155,0.20541608,0.009601116,0.5870441,0.32620347,0.0503906,0.6228329,0.8061563,0.049291156,0.53592384,0.52017224,0.06529269,,,,,
8M,False,P53_HUMAN_Kotler_2018,R209K,208,2.43720467694,1,-0.05908346176147461,-0.303131103515625,32,0.0024333596229553223,True,0.7606415877591642,-,0.21148039101412097,0.9831838565022422,,0.9977578475336323,0.3,0.0016756058,0.052066565,0.0032972812,0.0011911392,0.005418539,0.013825035,0.051841736,0.1604433,0.0137654785,0.06978798,0.2666285,0.020882796,0.11859417,0.2518804,0.022682523,,,,,
8M,False,P53_HUMAN_Kotler_2018,M169T,168,2.45272613402,1,0.9849143028259277,1.3078441619873047,32,0.0031647682189941406,True,0.13645732090342527,-,0.7050820536655549,0.8119815668202766,0.7305295950155763,0.9345622119815669,0.2,0.06510401,0.053923607,0.011221791,0.010005951,0.0032205582,0.011537647,0.019482613,0.1160512,0.030336142,0.1285932,0.16818237,0.07184219,0.28540993,0.21721387,0.061006498,,,,,
8M,False,P53_HUMAN_Kotler_2018,A161P,160,2.5519046114400004,1,-1.0899391174316406,-0.01385045051574707,32,-0.018667936325073242,True,0.07826277170387476,E,0.8196786962338263,0.7550387596899224,0.6949786324786325,0.6238372093023256,0.3,0.006381035,0.006381035,0.02987833,0.39431024,0.22260737,0.026648235,0.62514806,0.42975855,0.049586345,1.0279126,1.0278001,0.13303919,1.2020156,1.3009477,0.30527607,,,,,
8M,False,P53_HUMAN_Kotler_2018,N235S,234,2.63168068134,1,0.7613282203674316,0.02842569351196289,32,0.0017600059509277344,True,0.06299012489861056,E,0.5768921879401006,0.6476744186046511,0.5400717703349283,0.6682170542635659,0.1,0.019134283,0.0188663,0.0030753613,0.019750595,0.036226034,0.0079223635,0.010926962,0.12731695,0.014710474,0.009677649,0.2900331,0.020662164,0.0045030117,0.07946849,0.05395756,,,,,
8M,False,P53_HUMAN_Kotler_2018,C229N,228,2.76876435432,1,0.5668511390686035,2.117065191268921,32,0.00787496566772461,True,0.09243310539370647,-,0.28680843365416997,0.6100917431192661,0.48867924528301887,0.6926605504587157,0.1,0.08328009,0.1316905,0.01170783,0.080608845,0.1351347,0.054555703,0.33252597,0.11480188,0.058261108,0.25256133,0.19124532,0.083178565,0.40705013,0.24495173,0.10135575,,,,,
8M,False,P53_HUMAN_Kotler_2018,N200S,199,2.8224596752900006,1,0.6112310886383057,0.06974077224731445,32,-2.5570392608642578e-05,True,0.17037407947436695,-,0.6043956880796362,0.7726809378185525,0.6339563862928349,0.9345056065239552,0.2,0.06315899,0.0067663193,0.008149957,0.11802769,0.027173042,0.008928871,0.23575783,0.019578695,0.037208654,0.2044673,0.018298388,0.020690203,0.1789577,0.37502193,0.03715396,,,,,
8M,False,P53_HUMAN_Kotler_2018,K292Q,291,2.9613251577,1,-0.05365562438964844,-0.19847869873046875,32,-0.00023004412651062012,True,0.6083647848496826,H,0.24534747325660433,0.2914798206278027,,1.0,0.1,0.04633546,0.34306836,0.0073881624,0.1661005,0.27655482,0.017392397,0.22313976,0.26451278,0.065620564,0.1514616,0.013193846,0.019449662,0.22791243,0.106651306,0.07297544,,,,,
8M,False,P53_HUMAN_Kotler_2018,Q192R,191,3.4529363802900006,1,0.46735525131225586,0.4341564178466797,32,0.016363978385925293,True,0.14260043705548078,-,0.41364344655846863,0.6992009132420091,0.6849056603773586,0.9337899543378996,0.3,0.045912743,0.0039696693,0.0063174246,0.05551529,0.01735735,0.011186123,0.05725622,0.10281658,0.014598465,0.0011641979,0.088968515,0.03491187,0.019934893,0.009276867,0.060759734,,,,,
35M,False,RASH_HUMAN_Bandaru_2017,K16A,15,-0.713288238,0,-9.093609809875488,0.017632484436035156,128,-2.9171619415283203,False,0.0509723408044944,H,0.9389821081795927,0.8049999999999999,0.8631756756756758,0.9035416666666667,0.7,0.03507328,0.14434624,0.03648472,0.03166294,0.026729584,0.055856895,0.06774521,0.18362904,0.0482275,0.5582533,0.16687965,0.09429264,1.9026546,2.6505227,0.2708927,0.8945833333333333,0.8733108108108109,0.9035416666666667,0.5,0.1942355889724311
35M,False,RASH_HUMAN_Bandaru_2017,G10P,9,-0.6864486129999999,0,-13.041088104248047,-0.38721323013305664,128,1.5824956893920898,False,0.010302490615987696,-,0.9384649526185534,0.7467105263157895,0.7316704459561603,0.7471804511278195,0.5,0.0323925,0.06544495,0.02650547,0.17444229,0.645113,0.17842332,0.5693388,0.8929138,0.09482689,3.104886,1.5376663,0.11623287,5.43945,7.0116076,0.44664383,0.7490601503759399,0.6402116402116401,0.7471804511278195,0.5,0.22625890968556145
35M,False,RASH_HUMAN_Bandaru_2017,V9E,8,-0.641523136,0,-6.3023529052734375,-0.5461645126342773,128,5.303572654724121,False,0.0,E,0.4150850433048219,0.7204625439919558,0.6623287671232876,0.7088989441930618,0.4,0.22003746,0.22003746,0.043217372,0.0491724,0.25286722,0.12410164,0.14665556,0.03564167,0.110529706,0.07234764,0.68472815,0.1696578,0.55426025,2.1272554,0.26878136,0.6425339366515838,0.5753424657534247,0.7088989441930618,0.3,0.2841323166071206
35M,False,RASH_HUMAN_Bandaru_2017,A18F,17,-0.617044587,0,-7.205857753753662,-1.0512852668762207,32,0.0829629898071289,True,0.18634515122072107,H,0.4483159371755039,0.7191558441558442,0.7801324503311258,0.7962662337662337,0.3,0.04953432,0.1043601,0.036948204,0.38709688,0.07406664,0.045900725,0.64347124,0.08519983,0.13348226,2.1050563,0.6862731,0.36006442,3.2916317,5.7451696,0.21772785,0.7597402597402598,0.7721854304635761,0.7962662337662337,0.3,0.291114310599193
35M,False,RASH_HUMAN_Bandaru_2017,C80N,79,-0.56647503,0,-4.5816216468811035,-2.4089837074279785,128,2.9634971618652344,False,0.014936674053594588,E,0.4388840959793614,0.6141917293233082,0.4671232876712329,0.7194548872180451,0.5,0.32771158,0.32771158,0.05461798,0.5275583,0.5275583,0.18864842,0.5642643,0.30164337,0.07501125,0.11075783,0.48533916,0.1345478,1.1458392,0.77249336,0.25023395,0.8049812030075187,0.7561643835616438,0.7194548872180451,0.4,0.12248884622904781
35M,False,RASH_HUMAN_Bandaru_2017,V112S,111,-0.553194161,0,-6.580389499664307,0.8498387336730957,128,-2.6709156036376953,False,0.0,E,0.3909834664072128,0.681390977443609,0.6250783699059561,0.6769266917293233,0.3,0.721107,0.5457635,0.03977413,1.1613021,0.9327941,0.099711135,1.8968968,1.8968968,0.07053232,2.9653068,2.8655744,0.23207322,4.2946806,3.5565336,0.5594989,0.8533834586466166,0.8482758620689655,0.6769266917293233,0.4,0.19837545920452873
35M,False,RASH_HUMAN_Bandaru_2017,F90D,89,-0.51363865,0,-7.979488849639893,0.6390738487243652,128,-0.3874988555908203,True,0.06874286436928016,H,0.5096916198338064,0.6385118149824033,0.638888888888889,0.8740573152337858,0.2,0.17431545,0.117628574,0.018850422,0.12721634,0.75634813,0.11957989,0.23516178,1.2335134,0.10845204,0.34221506,0.4570365,0.14874753,0.1647172,0.9507437,0.19067363,0.7782805429864253,0.6799999999999999,0.8740573152337858,0.4,0.19857267281679378
35M,False,RASH_HUMAN_Bandaru_2017,I36A,35,-0.449476389,0,-6.383459568023682,1.1744632720947266,32,-0.7414851188659668,True,0.7517073410482512,-,0.3744640989972424,0.8037267080745342,0.3870967741935484,0.9496894409937888,0.3,0.9628153,0.34008455,0.054858495,1.2731104,0.6069751,0.024204444,1.6212893,1.8500152,0.20036145,2.0180936,3.9305253,0.36343536,2.3734174,3.8454905,0.46359864,0.9403726708074535,0.7354838709677419,0.9496894409937888,0.4,0.29387475781652717
35M,False,RASH_HUMAN_Bandaru_2017,L6W,5,-0.3845987429999999,0,-5.2659502029418945,-2.120189666748047,128,0.4367561340332031,False,0.0060081005773130166,E,0.46357970484217503,0.6466666666666666,0.5561342592592593,0.6316666666666666,0.3,0.01378727,0.12959433,0.034811594,0.23869085,0.15044117,0.0749526,0.3887205,0.57327175,0.094808295,0.5761738,0.3016963,0.12649336,0.8411999,1.5069563,0.12456846,0.7683333333333333,0.7071759259259259,0.6316666666666666,0.6,0.2904761904761905
35M,False,RASH_HUMAN_Bandaru_2017,V160S,159,-0.382086326,0,-1.8243842124938965,0.906524658203125,128,-2.8550243377685547,False,0.0,H,0.2477344180162433,0.6671694318753143,0.5470198675496689,0.6882855706385118,0.2,0.47631752,0.40963078,0.045578647,0.5086974,0.8532777,0.02012136,0.3818823,0.17423403,0.0950789,0.67775655,0.502439,0.306429,0.6140785,0.33390415,0.2951231,0.6400201106083458,0.3152317880794702,0.6882855706385118,0.6,0.21885031728256815
35M,False,RASH_HUMAN_Bandaru_2017,I55A,54,-0.308319321,0,-6.032411575317383,1.1395161151885986,128,-1.8882379531860352,False,0.0,E,0.5082030854645435,0.6181015452538631,0.5193026151930262,0.7514348785871965,0.1,0.7454052,0.019350052,0.047225665,0.84887934,0.84885883,0.03845539,1.0532603,1.372654,0.053132247,1.3320055,1.1232834,0.20382634,1.9427109,1.8207979,0.2483902,0.7479028697571743,0.7254047322540473,0.7514348785871965,0.5,0.1439396363248547
35M,False,RASH_HUMAN_Bandaru_2017,K5L,4,-0.2902752999999999,0,-4.597613334655762,0.8676679134368896,128,-1.911870002746582,False,0.3944722178913435,E,0.5768302875512072,0.5858974358974358,0.5055187637969094,0.7865384615384615,0.1,0.3298812,0.12978125,0.024439525,0.25272083,0.11590433,0.08837108,0.364738,0.16899014,0.27658725,0.08361912,0.065000534,0.14002065,0.8711474,1.1261051,0.232337,0.7903846153846154,0.6721854304635763,0.7865384615384615,0.4,0.17628290584617576
35M,False,RASH_HUMAN_Bandaru_2017,A134V,133,-0.253661794,0,-4.296841621398926,-0.1319868564605713,128,0.8314309120178223,False,0.009361459039069119,H,0.35860297802305174,0.7992424242424242,0.7342047930283224,0.9816017316017316,0.7,0.20690346,0.15485048,0.04734125,0.63004565,0.16050005,0.076276205,0.11030197,0.29440022,0.12094631,0.35911274,0.61155343,0.23610154,0.987576,1.0880647,0.27331352,0.8701298701298701,0.9869281045751634,0.9816017316017316,0.6,0.1361631027924421
35M,False,RASH_HUMAN_Bandaru_2017,I21L,20,-0.23316802,1,-0.22204351425170898,2.0947084426879883,128,0.1194448471069336,True,0.2635939760899309,H,0.09220956783533929,0.8446455505279035,0.7536423841059603,0.9190548014077426,0.5,0.317096,0.35437942,0.01965909,0.32694268,0.668092,0.029810954,0.4263854,0.7814047,0.015800381,0.57509875,0.6797605,0.11824937,1.0733182,1.2770405,0.09923663,0.8179989944695827,0.7589403973509934,0.9190548014077426,0.5,0.2590714374588955
35M,False,RASH_HUMAN_Bandaru_2017,L133S,132,-0.186661939,1,-4.749510765075684,-0.2533862590789795,32,-0.03949880599975586,True,0.18568375564135375,H,0.24271583730580093,0.6471861471861473,0.5855263157894737,0.9044913419913421,0.4,0.44316864,0.07408905,0.009393597,0.72111654,0.16327858,0.03700924,0.77055836,0.4841137,0.061453056,1.0226185,0.98933125,0.2118599,1.2632933,2.8283007,0.15497646,0.8035714285714286,0.7467105263157896,0.9044913419913421,0.3,0.16652009746002172
35M,False,RASH_HUMAN_Bandaru_2017,C51R,50,-0.172043169,1,-1.3248322010040283,1.004018783569336,128,0.6502597332000732,False,0.0072313066828737504,E,0.3123546018383273,0.7486173956762192,0.6376689189189189,0.7591754650578182,0.4,0.96464634,0.1605618,0.033163548,0.8198931,0.5813122,0.16543254,0.096375465,0.93226933,0.13213801,0.03571534,0.35867405,0.14082456,0.07822108,1.5960479,0.3112215,0.8064353946706888,0.7956081081081081,0.7591754650578182,0.3,0.2244476439325264
35M,False,RASH_HUMAN_Bandaru_2017,D30A,29,-0.146354508,1,-1.3961647748947144,0.36097073554992676,128,0.19958269596099854,False,0.6567605898370678,-,0.14722964543938233,0.470679012345679,0.4580645161290322,0.7908950617283951,0.0,0.5058849,0.19556046,0.0734025,0.12492776,0.11564016,0.036171388,0.1426456,0.63771164,0.03467653,0.36425555,0.3966595,0.13496538,0.45737696,0.40285182,0.24657221,0.9182098765432098,0.7741935483870968,0.7908950617283951,0.3,0.30262180273378486
35M,False,RASH_HUMAN_Bandaru_2017,L53T,52,-0.11669462,1,-6.6426310539245605,-1.5692980289459229,64,-0.04093742370605469,True,0.0,E,0.497349643816575,0.7960526315789473,0.7410958904109589,0.755874060150376,0.4,0.05266714,0.17178774,0.02961893,0.25560188,0.607604,0.106608965,0.93595695,1.0333633,0.12438192,1.2583647,1.1817079,0.10498867,1.4322591,3.0074544,0.2756408,0.8209586466165414,0.7698630136986301,0.755874060150376,0.6,0.3446241244175159
35M,False,RASH_HUMAN_Bandaru_2017,E126C,125,-0.099903559,1,-2.4199538230895996,1.5926499366760254,64,-0.22305774688720703,True,0.5114562429309388,-,0.21377345938980852,0.7510416666666667,,0.9958333333333333,0.3,0.664515,0.36929035,0.03639841,0.89688635,0.26268363,0.08432875,0.7450049,0.35242176,0.0689228,0.88253736,0.37814355,0.24724226,1.4606903,0.6102536,0.1609169,0.809375,,0.9958333333333333,0.3,0.48398499972675807
35M,False,RASH_HUMAN_Bandaru_2017,P140I,139,-0.089333183,1,-2.97861909866333,-2.207505226135254,128,-1.3292343616485596,False,0.20506894234640088,E,0.0711629258036015,0.3599683544303798,0.1894039735099338,0.865506329113924,0.1,1.6487932,0.071218014,0.068684675,0.9960593,1.5192046,0.07372022,0.31560946,1.6732901,0.41998214,0.6261792,1.054605,0.20142789,0.7188306,1.1036793,0.35617092,0.9026898734177214,0.9072847682119206,0.865506329113924,0.2,0.0033061376846371246
35M,False,RASH_HUMAN_Bandaru_2017,L56C,55,-0.063594286,1,-1.924272060394287,-0.1426396369934082,128,-1.518394947052002,False,0.16221871558745146,E,0.49326515948129745,0.8228383458646616,0.7959459459459459,0.7941729323308271,0.3,0.5132688,0.30635858,0.01939044,0.023617864,1.0715668,0.09078827,0.53761816,0.66188717,0.048427153,0.83978415,0.77565,0.108459875,0.119301796,0.6213918,0.24963267,,,,,
35M,False,RASH_HUMAN_Bandaru_2017,T2L,1,-0.054586304,1,-0.20796847343444824,1.6736793518066406,128,0.8919109106063843,False,0.36560109161444965,E,,0.603125,0.5095541401273885,0.8604166666666666,0.2,0.14298415,0.14298415,0.018938065,0.33067274,0.33067274,0.0210598,0.393759,0.5558367,0.04951396,0.09478307,0.55289173,0.089116335,0.18840885,0.37169576,0.11500869,,,,,
35M,False,RASH_HUMAN_Bandaru_2017,R135D,134,-0.034691359,1,-0.00029730796813964844,-2.390528678894043,64,0.13230538368225098,True,0.5645789637512745,H,0.1727558365172447,0.8860759493670886,0.9290322580645162,0.9968354430379747,0.3,0.56877685,0.25630486,0.016769504,0.798612,0.36918366,0.108916186,1.0881647,0.7646222,0.15240248,1.2124013,0.9826195,0.19955638,1.2795376,0.07664156,0.25046152,,,,,
35M,False,RASH_HUMAN_Bandaru_2017,S89C,88,-0.02090538,1,-5.836785316467285,-0.03334355354309082,128,5.5904645919799805,False,0.02175919769559512,H,0.5628825037541902,0.7608082706766917,0.8398849472674976,0.6799812030075189,0.3,0.20195389,0.07790184,0.039363384,0.1436801,0.32041168,0.054778766,0.24223232,0.034000397,0.09160624,0.42877293,0.084409714,0.08054552,0.5375571,0.33860874,0.1537755,,,,,
35M,False,RASH_HUMAN_Bandaru_2017,Q70F,69,-0.009844594,1,0.13211536407470703,-0.4245328903198242,128,0.5188308954238892,False,0.4894923053380626,H,0.11076173648661503,0.7313566936208445,,1.0,0.2,0.007197857,0.22263026,0.012685537,0.10451937,0.2877016,0.066241264,0.5366361,0.23834848,0.04665761,0.845706,0.31952906,0.07936821,0.9340594,0.38621998,0.24489832,,,,,
35M,False,RASH_HUMAN_Bandaru_2017,L23G,22,0.009411157,1,-4.77632474899292,0.3163883686065674,128,1.325817346572876,False,0.01802430173193905,H,0.4436302328227507,0.6780058651026393,0.5944444444444444,0.6868035190615835,0.4,0.026769638,0.12503862,0.02232113,0.1500125,0.22016001,0.07786093,0.010389805,0.66843987,0.030866241,1.0063605,0.42524529,0.18079844,1.4396248,0.90084887,0.36373013,,,,,
35M,False,RASH_HUMAN_Bandaru_2017,G151I,150,0.0127687369999999,1,-5.282840728759766,-2.423208236694336,128,-2.2864699363708496,False,0.15159997010870901,-,0.46382217262938097,0.6307692307692307,0.618421052631579,0.9833333333333333,0.2,0.051117897,0.20693207,0.08437939,0.25558376,0.41895342,0.07299881,0.40856647,0.36250067,0.13513155,0.4536419,0.6724596,0.17537718,0.6008067,0.8661094,0.18094215,,,,,
35M,False,RASH_HUMAN_Bandaru_2017,E162F,161,0.025467404,1,-2.6987860202789307,-0.14565610885620117,32,-0.05768013000488281,True,0.13994834479729187,H,0.10791830449085726,0.8383458646616541,0.7044444444444444,0.8656015037593985,0.6,0.8593192,0.42991066,0.032750655,0.7726135,1.0462332,0.045462895,0.23322082,1.2815328,0.08004241,1.7672186,1.428222,0.11641278,2.0267155,2.4131558,0.29345894,,,,,
35M,False,RASH_HUMAN_Bandaru_2017,P110H,109,0.035469681,1,-5.571521759033203,-0.5399529933929443,128,-9.440418243408203,False,0.045570876076977976,-,0.4000648295658701,0.7108974358974358,0.6545608108108107,0.5907051282051282,0.2,0.18692446,0.20551491,0.05047388,0.034664154,0.05558014,0.062017728,0.47982025,0.2763481,0.12596731,0.6243515,0.084181786,0.14317426,1.0656819,0.67028713,0.18528204,,,,,
35M,False,RASH_HUMAN_Bandaru_2017,V125A,124,0.061795482,1,-4.4169416427612305,0.1149287223815918,64,-0.23615217208862305,True,0.006157810483119083,-,0.49151990401056445,0.4841628959276018,0.35666347075743043,0.7865761689291101,0.3,0.36012554,0.08467293,0.02104721,0.32134342,0.1560297,0.10336499,0.7698345,0.016848087,0.05406294,0.9435382,0.022232533,0.11492367,1.0869501,0.3807764,0.052140523,,,,,
35M,False,RASH_HUMAN_Bandaru_2017,H166A,165,0.069216512,1,0.8345532417297363,-0.5605835914611816,64,0.1317223310470581,True,0.11117872001579021,H,0.15880472346811902,0.7513196480938417,0.355119825708061,0.9032258064516129,0.5,0.22788644,0.22788644,0.018826485,0.4393654,0.08864498,0.07488279,0.34083462,0.107244015,0.069273904,0.43697524,0.1725936,0.072192,0.5575526,0.21479034,0.12631197,,,,,
35M,False,RASH_HUMAN_Bandaru_2017,V29E,28,0.0857715969999999,1,-3.7070188522338867,-0.6319198608398438,128,-0.4434056282043457,False,0.48847822522887113,-,0.11060222040308831,0.940700808625337,0.8961038961038962,0.9761904761904763,0.4,0.24598813,0.22846937,0.019226313,0.3699894,0.23136377,0.091944456,0.85581756,0.45495224,0.11104326,2.043901,1.4631717,0.17637911,3.1516452,3.5525763,0.20798817,,,,,
35M,False,RASH_HUMAN_Bandaru_2017,V8L,7,0.107869099,1,-0.5338615775108337,1.1022567749023438,128,-0.2719688415527344,False,0.0069403920462064155,E,0.4067882042584753,0.7053571428571429,0.5965753424657534,0.8153195488721805,0.5,0.014732301,0.0016050339,0.03440138,0.022733688,0.022733688,0.050102033,0.19344038,0.114554405,0.08266872,0.014126241,0.24319571,0.10026163,0.35370535,0.16472405,0.064058684,,,,,
35M,False,RASH_HUMAN_Bandaru_2017,V103Y,102,0.128708064,1,-0.8334875106811523,-1.217820167541504,128,-2.1653027534484863,False,0.11553607807466748,H,0.08541758457178794,0.5269230769230768,0.2549342105263158,0.8551282051282052,0.3,0.050681353,0.030057311,0.038972568,0.22464943,0.12867785,0.0780504,0.2615099,0.22470856,0.10118141,0.2817588,0.060027122,0.1513156,0.4978001,0.6856706,0.20289484,,,,,
35M,False,RASH_HUMAN_Bandaru_2017,M67R,66,0.140860881,1,-5.4193315505981445,4.778834342956543,128,2.924628257751465,False,0.4021386700248604,H,0.30213068428722756,0.4111801242236025,0.54375,0.9409937888198757,0.1,0.025441647,1.261517,0.11307297,0.32399654,1.57515,0.03466673,0.07210684,1.7146244,0.06899605,2.026827,1.914918,0.079305366,2.3765411,3.2458792,0.7041938,,,,,
35M,False,RASH_HUMAN_Bandaru_2017,H27I,26,0.163947588,1,-0.09885931015014648,-1.3755550384521484,128,-0.28398382663726807,False,0.3998490099790816,-,0.1180513082718373,0.984375,1.0,0.9895833333333333,0.5,0.60621023,0.60621023,0.1191967,0.9374428,0.34390402,0.06661034,0.7830086,0.017861843,0.03466282,0.5761709,0.31268263,0.17895989,0.26497316,0.15851927,0.20537081,,,,,
35M,False,RASH_HUMAN_Bandaru_2017,L52D,51,0.2251342439999999,1,-1.5259885787963867,-1.2872564792633057,128,1.3808095455169678,False,0.15621061501013844,E,0.16903898207788337,0.7403846153846153,0.6931927133269414,0.7637820512820512,0.5,0.6082783,0.6082783,0.030132342,0.55256796,1.064256,0.05792589,1.0059376,1.9296913,0.10059972,1.8519638,1.6603749,0.14174724,1.6651883,1.9137151,0.6020011,,,,,
35M,False,RASH_HUMAN_Bandaru_2017,G75A,74,0.265883959,1,-1.1228303909301758,-1.3366804122924805,128,-2.6082632541656494,False,0.010302490615987696,-,0.4036924044168174,0.7788856304985337,0.8634868421052632,0.7744868035190616,0.5,0.8457721,0.05810356,0.17032595,1.4298553,0.3473649,0.0562891,1.5376279,0.19058275,0.104199454,1.1583707,0.6163485,0.18620151,1.5328345,0.20464516,0.21805267,,,,,
35M,False,RASH_HUMAN_Bandaru_2017,K117R,116,0.277817138,1,-5.685249328613281,1.9422414302825928,64,0.12801361083984375,True,0.2357565609019971,-,0.8595328540610776,0.6090225563909774,0.6250944822373393,0.7001879699248119,0.3,0.36099052,0.039121628,0.025023747,0.38297176,0.30695057,0.061692428,0.5265455,1.0942383,0.07467441,0.86606073,2.3062096,0.052354526,1.2333016,4.519023,0.17552586,,,,,
35M,False,RASH_HUMAN_Bandaru_2017,Y4H,3,0.374242594,1,-2.849796772003174,1.40602445602417,32,0.34234094619750977,True,0.045331629112802745,E,0.34861295819419735,0.4967532467532467,0.48916666666666664,0.685064935064935,0.1,0.13780928,0.069782734,0.04007969,0.090990305,0.042006016,0.05969391,0.35173535,0.3223858,0.061010458,0.6406994,0.4245262,0.08668189,0.67844534,0.62830734,0.15399317,,,,,
35M,False,TPK1_HUMAN_Weile_2017,G58D,57,-0.384796154,0,-0.7532293796539307,-1.4308291673660278,128,-0.7518704533576965,False,0.803611546806635,-,,0.7605042016806722,,1.0,0.1,0.015288115,0.20925474,0.031101083,0.10343385,0.47466612,0.035682917,0.22716975,0.69474316,0.05352192,0.45368457,1.1621265,0.07862878,0.027113438,1.0502744,0.13855748,0.7647058823529412,,1.0,0.2,0.22257096549197886
35M,False,TPK1_HUMAN_Weile_2017,L108C,107,-0.249981329,0,-1.5149204730987549,-0.38902711868286133,128,-0.869621753692627,False,0.0060081005773130166,H,0.4608380114717149,0.7553258145363407,0.6393805309734513,0.7963659147869674,0.3,0.22002459,0.22002459,0.016946603,0.22608364,0.11113882,0.0869329,0.3068378,0.26439476,0.13321936,0.46726823,0.4083624,0.12318947,0.2292329,1.1649222,0.38808805,0.8524436090225564,0.6858407079646018,0.7963659147869674,0.4,0.4090721775362961
35M,False,TPK1_HUMAN_Weile_2017,R60Y,59,-0.19757657,0,-0.4823915958404541,-2.326572895050049,128,0.3810155391693115,False,0.1745349635401652,H,,0.7870916961826053,0.9563318777292577,0.9691066509248327,0.4,0.14315963,0.027211666,0.055861093,0.162359,0.17011833,0.03741641,0.36186218,0.02836442,0.2047464,0.45584893,0.2544794,0.070369676,0.63024163,1.46861,0.22036299,0.8000787091696182,0.7016011644832605,0.9691066509248327,0.6,0.15283656084703987
35M,False,TPK1_HUMAN_Weile_2017,Q134S,133,-0.193491114,0,-4.91691780090332,1.6234965324401855,128,1.1743779182434082,False,0.3481022611001568,H,0.8290985982342813,0.9012931034482758,0.5608695652173913,0.9724137931034483,0.6,0.075344086,0.45563602,0.053952597,0.5171623,1.0447936,0.032125093,1.7504084,1.9179528,0.05232353,2.6869407,3.8005247,0.43389854,5.219466,5.034889,0.4860003,0.8267241379310345,0.2543478260869565,0.9724137931034483,0.6,0.31193461187772836
35M,False,TPK1_HUMAN_Weile_2017,D73L,72,-0.131147835,0,-10.201447486877441,0.8509960174560547,128,-2.6489381790161133,False,0.6249943024707248,-,0.9939944936946905,0.35443037974683544,0.038961038961038974,0.9573839662447258,0.1,0.28616714,0.2776556,0.03501606,0.50058365,0.8315458,0.06898117,0.6643925,0.036992073,0.18332824,0.57078075,1.4723024,0.082970046,2.4937034,11.619697,0.31738988,0.9915611814345991,0.9696969696969697,0.9573839662447258,0.4,0.22853138104007453
35M,False,TPK1_HUMAN_Weile_2017,K242C,241,-0.108572682,0,-1.864445686340332,1.3633663654327393,128,0.9089608192443848,False,0.5011805124151704,-,,0.6789529914529915,0.5272727272727272,0.8333333333333334,0.1,0.070476055,0.16205788,0.066659786,0.27880597,0.04513645,0.038941763,0.12919044,0.019168139,0.11752324,0.051698923,0.31775618,0.12547989,0.11995244,0.38150024,0.21178612,0.7521367521367521,0.6155844155844156,0.8333333333333334,0.3,0.3020258889608119
35M,False,TPK1_HUMAN_Weile_2017,G168K,167,-0.074332424,0,-5.248653411865234,-2.232818365097046,128,-0.3279712200164795,False,0.24165493182872716,E,0.35732377556356865,0.73724368144969,0.606359649122807,0.720076299475441,0.3,0.047972202,0.91680956,0.20606975,0.9861245,0.9861245,0.06887112,1.4246421,1.6153371,0.08230448,1.5390236,3.1466277,0.110638425,2.2217834,3.3862863,0.1465931,0.619933237958989,0.20394736842105263,0.720076299475441,0.4,0.15354321489443198
35M,False,TPK1_HUMAN_Weile_2017,E2M,1,-0.0480906059999999,0,-1.9962711334228516,-2.279709815979004,128,0.008960366249084473,True,0.47530403440505753,E,,0.7387005649717514,0.5708154506437768,0.652542372881356,0.2,0.05308056,0.012283802,0.0034417629,0.06430006,0.1388526,0.035459615,0.19301367,0.17493296,0.040668298,0.15062618,0.18294191,0.018572187,0.21611333,0.27888227,0.103896715,0.7175141242937852,0.5579399141630901,0.652542372881356,0.2,0.24641680925833928
35M,False,TPK1_HUMAN_Weile_2017,C20R,19,-0.044233659,0,-5.478916645050049,0.7827627658843994,128,-0.6249160766601562,True,0.0,E,0.35153392730676114,0.6128318584070797,0.5514576747453459,0.7137721238938053,0.3,0.59402704,0.16757202,0.04441576,0.74446535,0.732429,0.048788548,0.8007846,0.64724684,0.07887201,1.4931483,1.710052,0.23323974,1.3193893,4.8783913,0.3042198,0.7876106194690266,0.7597471022128556,0.7137721238938053,0.5,0.20071053305032438
35M,False,TPK1_HUMAN_Weile_2017,Q109W,108,-0.006075737,0,-2.8770194053649902,-0.47798967361450195,128,-0.7766251564025879,False,0.08668142823444798,H,0.16801535105827115,0.7119244391971665,0.5036390101892285,0.9171585989767808,0.6,0.016659737,0.19073677,0.018455362,8.916855e-05,0.60403085,0.052610587,0.13088155,0.52602506,0.07697725,1.5719907,1.2605596,0.08427353,1.3248882,1.8515401,0.1867691,0.9161747343565526,0.9112081513828238,0.9171585989767808,0.5,0.24876314242841743
35M,False,TPK1_HUMAN_Weile_2017,L164E,163,0.010725768,0,-5.418627738952637,-1.4534497261047363,128,-0.7559494972229004,False,0.05533879510725767,E,0.2852344813298858,0.7243107769423559,0.6882882882882884,0.7794486215538847,0.4,0.53179264,0.6940279,0.045953654,0.21883106,1.2667456,0.13685521,1.0720835,2.2741985,0.2653223,1.4744449,1.197166,0.30521756,3.3251462,1.3550329,0.31842223,0.6835839598997494,0.5761261261261261,0.7794486215538847,0.4,0.38440958684376464
35M,False,TPK1_HUMAN_Weile_2017,E89F,88,0.02959049,0,-3.5477614402770996,-0.5917849540710449,128,-0.049748897552490234,True,0.3275742886255907,E,0.16338256574241616,0.8468085106382979,0.8893740902474526,0.9316109422492401,0.3,0.5535779,0.034703255,0.017023182,0.6405959,0.062115192,0.15915966,0.22065544,1.4235973,0.22232738,2.4109225,0.97984457,0.49427205,2.9246864,2.848433,0.6549997,0.7313069908814589,0.5909752547307132,0.9316109422492401,0.3,0.48779983976208513
35M,False,TPK1_HUMAN_Weile_2017,D100G,99,0.05544288,0,-9.010919570922852,1.5379043817520142,128,-4.762456893920898,False,0.14453142795840201,H,0.9969312828938437,0.7204111600587372,0.7085585585585585,0.7748898678414097,0.2,0.36754322,0.3224659,0.054989815,0.6888943,0.06259918,0.047921944,0.6667414,0.013637543,0.0567585,0.5934925,1.0644178,0.122328565,1.4524655,1.1898475,0.4106844,0.7565345080763582,0.6468468468468469,0.7748898678414097,0.5,0.4033169917422277
35M,False,TPK1_HUMAN_Weile_2017,K103D,102,0.0877629009999999,0,-8.787979125976562,0.9034242630004883,128,-0.3505735397338867,True,0.05349658387798723,H,0.5008229227516151,0.7537593984962405,0.4484581497797357,0.9298245614035088,0.4,0.36016083,0.05399704,0.080254935,0.30557632,0.17833138,0.14891472,0.41030502,0.46373272,0.14881077,0.17744827,0.80821896,0.19594899,0.7673521,1.9303102,0.46302432,0.8505639097744361,0.722466960352423,0.9298245614035088,0.5,0.274690103552498
35M,False,TPK1_HUMAN_Weile_2017,W202S,201,0.10004866,0,-7.510567665100098,1.9678773880004883,64,-0.1488332748413086,True,0.461058550509813,-,0.7407308947980256,0.5911016949152542,0.1934782608695652,0.9646892655367231,0.2,0.23685646,0.6272106,0.10477152,0.30780172,0.8401346,0.041301154,1.941977,1.4016685,0.15155402,2.5146399,5.931874,0.16502532,4.8440866,7.194768,0.35395297,0.8142655367231637,0.691304347826087,0.9646892655367231,0.2,0.2557517550065985
35M,False,TPK1_HUMAN_Weile_2017,T228R,227,0.129922446,0,-1.3880729675292969,2.0129494667053223,64,0.004540681838989258,True,0.1878821449847006,E,0.1809970376309754,0.7467391304347826,0.7220982142857142,0.8536231884057971,0.1,0.039764166,0.06484842,0.028559972,0.60865164,0.17307246,0.040899396,0.5514337,0.7971637,0.11976127,0.8075986,0.97825146,0.12168083,0.40161633,0.94616914,0.15944116,0.7681159420289855,0.66796875,0.8536231884057971,0.4,0.2567151896511062
35M,False,TPK1_HUMAN_Weile_2017,V208R,207,0.160168487,0,-0.15792083740234375,1.460252285003662,128,-0.0498652458190918,True,0.2865271163473773,-,0.14294584803131982,0.6331896551724137,0.6283185840707964,0.9482758620689655,0.2,0.64844203,0.11826491,0.038781833,0.6932671,0.20327044,0.053498603,0.65870285,0.39695024,0.024002314,0.6638038,0.18270683,0.0957828,0.7037904,0.2271061,0.13395897,0.7844827586206897,0.7809734513274337,0.9482758620689655,0.3,0.1275948757319845
35M,False,TPK1_HUMAN_Weile_2017,E179Q,178,0.179011098,0,-0.20278644561767578,0.023995399475097656,128,0.3924418091773987,False,0.1183670965802299,E,0.0984948921597607,0.5322463768115941,0.3185840707964602,0.72481884057971,0.2,0.02682662,0.03985381,0.014395475,0.07235813,0.09690595,0.059739113,0.13423419,0.26823974,0.04465537,0.48387766,0.41794825,0.040965892,0.3623395,0.40606856,0.09375878,0.7297101449275362,0.4948377581120944,0.72481884057971,0.4,0.2610415006668624
35M,False,TPK1_HUMAN_Weile_2017,L24H,23,0.213309649,0,-7.536276817321777,-1.021620273590088,128,-1.4947800636291504,False,0.07141974826120298,-,0.35476782391554873,0.7409147869674186,0.663963963963964,0.7265037593984962,0.3,1.3616428,0.79707146,0.052484702,2.0985475,1.7437258,0.0899992,2.0189095,3.1951165,0.13996191,3.4012718,7.230987,0.3613387,4.709218,7.211772,0.38351354,0.6719924812030075,0.5873873873873874,0.7265037593984962,0.3,0.3122096942265844
35M,False,TPK1_HUMAN_Weile_2017,E81V,80,0.262246345,0,-5.020666122436523,0.6686954498291016,128,-0.13377857208251953,True,0.5366209917762891,H,0.1854907107896122,0.7825854700854702,,1.0,0.2,0.102005005,0.43179512,0.015511704,0.07801056,0.828001,0.04700079,0.12514591,1.6795187,0.22192708,0.6857939,2.1948948,0.11460552,1.875989,3.334847,0.29768085,0.8883547008547009,,1.0,0.6,0.2347887374299298
35M,False,TPK1_HUMAN_Weile_2017,S218C,217,0.309150161,0,-4.994904041290283,-0.32660531997680664,128,2.0406858921051025,False,0.5582056414388442,-,0.8019778942830703,0.6607594936708859,0.1869565217391304,0.9059071729957806,0.2,1.8986263,0.26945257,0.028059578,3.2394361,2.2762346,0.12653418,3.1594837,1.6433697,0.1612132,2.1374657,1.1588159,0.27289468,0.49276447,0.42679787,0.8013325,,,,,
35M,False,TPK1_HUMAN_Weile_2017,G212V,211,0.327274652,0,-8.728675842285156,-1.46833074092865,32,-0.4818081855773926,True,0.8975780330413458,-,0.30942837019128766,0.8430379746835444,,0.99957805907173,0.2,0.13590813,1.5246935,0.025268555,1.1943245,2.363511,0.06752262,1.6909995,3.769971,0.34327134,2.5878077,5.1476398,0.23487015,4.88535,7.8920355,0.40276814,,,,,
35M,False,TPK1_HUMAN_Weile_2017,G15I,14,0.377181568,0,0.11452007293701172,-2.5764918327331543,64,0.20644664764404297,True,0.3659638865557016,-,,0.9187853107344632,0.9047619047619048,0.9957627118644068,0.3,0.455482,0.03836012,0.072748855,0.76822495,0.0071451664,0.06765942,0.8513851,1.732461,0.046177767,0.90176105,0.1254766,0.0948359,0.47605515,0.42334175,0.2661346,,,,,
35M,False,TPK1_HUMAN_Weile_2017,A39D,38,0.435049663,0,-3.3209831714630127,-0.35961294174194336,128,-0.0803072452545166,True,0.05814118735224064,-,0.1842353364337601,0.9004329004329004,0.7478070175438596,0.9224714679260133,0.5,0.65100455,0.65100455,0.055111647,2.9057627,1.5436466,0.262217,0.13101459,2.266393,0.36113825,0.24858332,0.18489552,0.73624057,1.34116,2.5854084,0.7039918,,,,,
35M,False,TPK1_HUMAN_Weile_2017,L28G,27,0.501481697,1,-4.01032829284668,0.6393290758132935,128,0.7570598125457764,False,0.11430614535922576,-,0.1568125645334838,0.806896551724138,0.7462555066079295,0.8431034482758621,0.2,1.1235676,0.5119076,0.051553775,2.288596,1.8716869,0.061327554,2.747007,1.7709227,0.0847127,2.7456503,1.9427767,0.3296236,2.7245018,4.527337,0.22723946,,,,,
35M,False,TPK1_HUMAN_Weile_2017,L64A,63,0.582007461,1,-1.315521478652954,-0.5496289730072021,128,-0.3867833614349365,False,0.26643093938050744,-,0.12353835894246734,0.7607758620689655,0.8410087719298245,0.9387931034482759,0.3,1.034375,1.034375,0.02490387,0.94950795,0.8207319,0.22182441,0.7120619,0.87064433,0.03916993,1.0469732,0.9724586,0.11647878,1.1527894,1.0335228,0.11263947,,,,,
35M,False,TPK1_HUMAN_Weile_2017,T205S,204,0.606398544,1,-0.16749095916748047,1.4975485801696777,128,-0.5301346778869629,False,0.607939968957947,-,0.18370845102252975,0.8261603375527427,0.9956709956709957,0.989451476793249,0.2,0.04304719,0.03320086,0.005312443,0.029450417,0.04164195,0.018321443,0.08198786,0.239259,0.015714074,0.22779465,0.16435456,0.02328906,0.74489474,0.21548533,0.072324894,,,,,
35M,False,TPK1_HUMAN_Weile_2017,E230G,229,0.657082252,1,-2.58139705657959,2.309993267059326,128,-0.8283696174621582,False,0.3378134012130332,E,0.22771936530537873,0.5745689655172413,0.4126984126984127,0.8433189655172414,0.2,0.0557189,0.0557189,0.023825979,0.27725267,0.18892884,0.055901386,0.19418526,0.6884947,0.067063235,0.5984528,1.6844606,0.12351704,1.6964846,1.9143369,0.15499654,,,,,
35M,False,TPK1_HUMAN_Weile_2017,G130R,129,0.7342212229999999,1,-6.449128150939941,-0.3074129819869995,128,1.5205183029174805,False,0.6100653940786551,-,0.4825754471877399,0.8328267477203647,0.9567099567099567,0.8732522796352583,0.3,0.5134063,0.53672886,0.03496485,1.8877821,1.1746607,0.20537634,1.328063,3.4665065,0.11623573,3.7570276,3.9709291,0.14381257,5.163751,8.864482,0.5636028,,,,,
35M,False,TPK1_HUMAN_Weile_2017,K106Y,105,0.7541699470000001,1,-0.3173384666442871,-0.3473544120788574,128,0.7438578605651855,False,0.3744293892347717,H,0.16293338532550405,0.8961206896551724,0.826086956521739,0.9612068965517241,0.4,0.24470997,0.11826539,0.04097519,0.33945227,0.113319874,0.04094429,0.42211103,0.1960144,0.07098474,0.059806347,1.6480982,0.15164247,0.4980936,0.50638294,0.096308805,,,,,
35M,False,TPK1_HUMAN_Weile_2017,Y19N,18,0.83348186,1,-0.14010095596313477,-0.04416847229003906,128,1.4212322235107422,False,0.004591742266311469,E,,0.779643936849177,0.7563527653213753,0.7814914343298622,0.2,0.1386981,0.31506944,0.026391363,0.4521439,0.3469212,0.043210696,0.5439999,0.29665375,0.21817084,0.45355415,0.39490557,0.12261796,0.31288695,0.14360905,0.22136073,,,,,
35M,False,TPK1_HUMAN_Weile_2017,D232E,231,0.8936394959999999,1,0.1489107608795166,-0.7278931140899658,64,-0.0073629021644592285,True,0.24739270584886042,-,0.18934062839700494,0.517094017094017,0.5663716814159292,0.8311965811965811,0.1,0.2006309,0.15781546,0.02609849,0.23789787,0.22628689,0.017837714,0.34203506,0.3939011,0.03787017,0.09850001,0.4553926,0.0786375,0.15343928,0.5561645,0.1085814,,,,,
35M,False,TPK1_HUMAN_Weile_2017,E113A,112,0.960672899,1,-0.3319014310836792,0.8515152931213379,64,-0.058855652809143066,True,0.5787227287465355,H,,0.8419452887537994,,0.9996960486322188,0.3,0.011564255,0.046476364,0.011829281,0.14857793,0.08243859,0.021172905,0.26255715,0.12535322,0.067989685,0.3557731,0.18663466,0.08978999,0.58084977,0.20045578,0.18626666,,,,,
35M,False,TPK1_HUMAN_Weile_2017,A84G,83,1.047736596,1,-2.3792500495910645,1.2178184986114502,128,-0.40615010261535645,False,0.4552673332287955,H,0.1654541919207515,0.8631378159275154,1.0,0.9988078206962326,0.4,0.24380112,0.24380112,0.012461757,0.1605134,0.37545753,0.08709593,0.50822854,0.5843153,0.04978795,0.4494462,0.8872225,0.07394223,0.816967,1.948432,0.07641773,,,,,
35M,False,TPK1_HUMAN_Weile_2017,I55T,54,1.11590338,1,-2.2586417198181152,0.5916712284088135,128,0.32640790939331055,False,0.28051099006155794,H,0.18638767212628227,0.8108974358974359,0.2717391304347826,0.954059829059829,0.5,0.23237038,0.23237038,0.020428848,0.44606614,0.7694416,0.044198513,0.71079445,0.9353876,0.07596884,1.8866489,1.676857,0.34497088,1.7813187,1.4874289,0.12465282,,,,,
35M,False,TPK1_HUMAN_Weile_2017,D97G,96,1.174159104,1,-4.083064556121826,1.5159388780593872,32,-0.4413743019104004,True,0.7211880464232443,-,0.6103380064247047,0.9288702928870293,,0.9993026499302651,0.1,0.06235838,0.5122099,0.0611207,0.7910032,0.7548473,0.11884961,1.2387106,0.36229968,0.087248705,0.9241533,1.0813088,0.25834218,0.14314389,1.8003297,0.25521296,,,,,
35M,False,TPK1_HUMAN_Weile_2017,D207H,206,1.244190286,1,-0.8044619560241699,0.09169960021972656,128,-0.737604022026062,False,0.29705702094939357,E,0.12271204961813087,0.6452074391988555,0.6622807017543859,0.9740104911778732,0.3,0.56330466,0.28234553,0.07041435,0.81964207,0.26004124,0.041165687,0.9243455,0.3502457,0.028819561,0.37459755,0.35649586,0.11960773,0.0698185,0.07984233,0.25258812,,,,,
35M,False,TPK1_HUMAN_Weile_2017,L128V,127,1.385653215,1,-3.127117395401001,-0.6758203506469727,128,0.129164457321167,True,0.17803258647639902,-,0.3502729455328787,0.7036231884057971,0.6467364225211758,0.8108695652173913,0.1,0.08195925,0.61081433,0.022819757,0.14379215,0.83398604,0.08344255,0.046378374,1.7271737,0.07423697,0.18333554,1.6367881,0.14455214,1.5933414,2.4855878,0.2829884,,,,,
35M,False,TPK1_HUMAN_Weile_2017,N206D,205,1.4325697030000002,1,0.7094994187355042,1.3619775772094727,128,0.12101632356643677,False,0.5593432690459705,-,0.3101106744224117,0.6468926553672316,0.6754002911208151,0.9646892655367232,0.1,0.242867,0.1724248,0.051520586,0.18668121,0.061975896,0.033347882,0.1844824,0.08507854,0.14157966,0.52478033,0.13256115,0.15332332,1.3036509,0.18979865,0.18242778,,,,,
35M,False,TPK1_HUMAN_Weile_2017,H147F,146,1.898535635,1,-1.0178287029266357,-1.1385276317596436,128,0.013653159141540527,True,0.75727473816225,-,0.09140655215046445,0.9831932773109243,,0.9978991596638656,0.4,0.08998394,0.32142925,0.01370306,0.17072248,0.5777509,0.02337799,0.09509206,0.44134498,0.044751167,0.8477926,0.6874194,0.14237294,1.858696,1.2237744,0.18815374,,,,,
35M,False,OTC_HUMAN_Lo_2023,C303F,302,-0.025,0,-6.402061462402344,-1.468827724456787,128,1.1577911376953125,False,0.1342463867777426,-,0.6920023488629257,0.6929032258064516,0.5766148043375766,0.6643548387096774,0.3,0.13343334,0.13343334,0.06478138,0.7372179,0.49819183,0.09670029,1.961338,2.8487463,0.093079664,0.7504344,6.4636917,0.21304312,2.2549133,7.862249,0.1527855,0.8464516129032258,0.8293257897218294,0.6643548387096774,0.1,0.13658827213050231
35M,False,OTC_HUMAN_Lo_2023,A253P,252,-0.013,0,-6.578320503234863,0.0476231575012207,128,0.12898015975952148,True,0.0,H,0.5394919025657439,0.7941176470588235,0.6883278145695364,0.8790849673202614,0.5,1.9364882,0.90242815,0.020719051,3.9004197,2.4614115,0.04626751,3.765748,1.8720999,0.12206392,4.8965034,3.955942,0.3191476,3.6399376,5.305011,0.1654069,0.8415032679738562,0.7628311258278145,0.8790849673202614,0.6,0.32301664212962994
35M,False,OTC_HUMAN_Lo_2023,A233V,232,-0.009,0,-1.5042688846588135,-0.036211490631103516,128,0.12469768524169922,True,0.04258499466892091,H,0.4068404558360441,0.8657796451914099,0.7675438596491229,0.9626517273576097,0.5,0.12219834,0.09377587,0.019387674,0.28215265,0.6484895,0.06375778,0.2850815,0.50840414,0.05473716,0.73019934,1.0584784,0.0885454,1.0088158,1.1275489,0.107486844,0.8940242763772176,0.8640350877192982,0.9626517273576097,0.4,0.2942571161351361
35M,False,OTC_HUMAN_Lo_2023,R330I,329,-0.004,0,1.5896251201629639,-2.205033540725708,128,0.06727027893066406,True,0.03708863388961864,H,0.6670829080641898,0.6274509803921569,0.3843201754385965,0.7061157796451915,0.2,0.96263504,0.96263504,0.20488992,0.15203214,0.71387196,0.21112747,0.16023421,0.6797302,0.114962384,0.53274393,1.2033906,0.48942193,3.9102652,0.7974014,0.628737,0.634453781512605,0.4358552631578947,0.7061157796451915,0.3,0.44699168265462563
35M,False,OTC_HUMAN_Lo_2023,T230P,229,-0.002,0,-3.4634346961975098,1.0887336730957031,128,0.04056882858276367,True,0.12479633433002385,H,0.2393285758509408,0.8038419913419913,0.8132464712269272,0.9837662337662338,0.4,0.015555382,0.5529399,0.031926107,0.048810244,0.6931777,0.03495598,0.7041211,0.3294115,0.20260724,1.7006922,1.4203017,0.20506892,2.5262024,1.7741938,0.12945047,0.7976190476190477,0.5971769815418024,0.9837662337662338,0.6,0.263459336708782
35M,False,OTC_HUMAN_Lo_2023,E87K,86,0.001,0,-4.018919944763184,-1.0066890716552734,128,-0.985482931137085,False,0.2745615608758166,-,0.35602999427918114,0.7451923076923077,0.6380327868852459,0.8415464743589745,0.1,0.998487,0.4300418,0.1836894,1.6277332,1.4095335,0.11386166,0.53342915,0.006940365,0.33397016,0.87687683,1.0207338,0.526662,1.2802849,0.2972083,0.46385574,0.6774839743589745,0.6131147540983607,0.8415464743589745,0.1,0.39622470019618355
35M,False,OTC_HUMAN_Lo_2023,D263H,262,0.002,0,-5.419387340545654,-0.7641031742095947,128,-1.6326780319213867,False,0.05551601160946737,-,0.637419416429553,0.8566775244299675,0.8853476821192052,0.7934101728890002,0.2,0.74999285,0.5302501,0.06859179,0.5622492,0.40719366,0.055730056,0.5499768,0.9888835,0.44476634,1.545074,2.627201,0.26624376,2.4746604,3.344669,0.573868,0.7717364069155601,0.7048841059602649,0.7934101728890002,0.5,0.34549153083382417
35M,False,OTC_HUMAN_Lo_2023,G197E,196,0.005,0,-3.928877830505371,-1.9601092338562012,128,0.12810885906219482,True,0.13393237800784005,-,0.31609318929706665,0.7540453074433657,0.637609649122807,0.9239482200647249,0.3,0.75819063,0.9342799,0.04356389,1.929696,1.3362472,0.13307801,1.7851491,2.5890734,0.36390615,1.4476552,2.893302,0.08709021,3.5087132,2.3268602,0.687701,0.8899676375404532,0.8673245614035087,0.9239482200647249,0.4,0.3258236701140245
35M,False,OTC_HUMAN_Lo_2023,H182L,181,0.0069999999999999,0,-1.7341084480285645,1.2856097221374512,128,0.6259732246398926,False,0.4132336532799633,H,0.21089041434655886,0.8570918185066094,0.6677524429967427,0.7225794926759557,0.3,1.064841,0.30122232,0.016268492,1.162838,1.4675064,0.028811503,1.0175943,1.3646467,0.107998654,1.0991731,1.5084741,0.07063003,1.2898386,1.9402764,0.14332113,0.7220435869953555,0.2768729641693811,0.7225794926759557,0.4,0.13324023460878587
35M,False,OTC_HUMAN_Lo_2023,T247A,246,0.022,0,-1.9708685874938965,1.019296407699585,128,-1.0840909481048584,False,0.09581623800507207,E,0.25776443608915345,0.6984637370489462,0.3872549019607843,0.9412290103608432,0.3,0.70475304,0.50767887,0.01566286,1.0365462,0.29192162,0.040813852,1.3959074,1.2298722,0.14482245,1.393511,1.4431856,0.17837563,0.69219136,1.6639841,0.2853572,0.8713826366559485,0.7303921568627451,0.9412290103608432,0.4,0.21124083994711954
35M,False,OTC_HUMAN_Lo_2023,M213V,212,0.038,0,-1.7115894556045532,3.0244967937469482,128,0.029453754425048828,True,0.009566598429131433,-,0.3058921587088811,0.7100977198697069,0.6331918906176333,0.9287146078677023,0.1,0.07338798,0.18253028,0.009766459,0.18875897,0.08321118,0.06170676,0.21807015,0.40280235,0.08808534,1.1173068,0.17158473,0.032762073,1.6024472,1.7690927,0.1942358,0.8013029315960912,0.7307873644507308,0.9287146078677023,0.6,0.35771915789160474
35M,False,OTC_HUMAN_Lo_2023,G71V,70,0.062,0,-1.5242199897766113,-1.3510560989379883,128,-0.4077908992767334,False,0.6020293209012592,-,0.14364397914335103,0.655408489274304,,0.9979461433135555,0.2,0.27004075,0.27004075,0.01384983,0.15102673,0.2911024,0.01287322,0.60488987,0.72046137,0.027588129,0.27880144,1.5282955,0.0438931,0.6514697,1.457766,0.2823473,0.9584664536741214,,0.9979461433135555,0.5,0.17211447491304965
35M,False,OTC_HUMAN_Lo_2023,L177V,176,0.093,0,-1.1043312549591064,-0.3884139060974121,128,-1.5037930011749268,False,0.012016201154626033,H,0.3909965082914366,0.7331932773109243,0.46381578947368424,0.6434407096171801,0.5,0.33002222,0.2619593,0.08421099,0.03689933,0.0269351,0.020984316,0.46121013,0.20146382,0.03379848,0.3249339,0.37471974,0.12679875,0.53684187,0.48132205,0.16204107,0.630485527544351,0.3519736842105263,0.6434407096171801,0.4,0.20290008162481396
35M,False,OTC_HUMAN_Lo_2023,A295V,294,0.159,0,-2.668309450149536,-0.11670541763305664,128,-0.09638118743896484,True,0.14872776949349972,-,0.3042458633888169,0.6694711538461539,0.5187908496732025,0.8531650641025641,0.2,0.2971065,0.2794838,0.011218881,0.13978219,0.3382082,0.018752765,0.6341889,0.22636914,0.044331454,0.72930956,0.21211267,0.26013508,1.2424114,1.6064053,0.10256276,0.9094551282051282,0.880718954248366,0.8531650641025641,0.3,0.1533287302438533
35M,False,OTC_HUMAN_Lo_2023,P352A,351,0.1989999999999999,0,0.6556510925292969,-0.17862248420715332,128,-0.04331141710281372,True,0.1459080501695469,-,,0.7020364415862808,0.5558252427184466,0.6320114326545194,0.4,0.38890362,0.19005704,0.01568823,0.069890976,0.26869345,0.042294312,0.14185047,0.26605463,0.058940746,0.15251589,0.08371639,0.06131506,0.15555286,0.2535193,0.12578216,0.5734190782422293,0.4603559870550162,0.6320114326545194,0.3,0.10332566023963095
35M,False,OTC_HUMAN_Lo_2023,N240K,239,0.2239999999999999,0,-0.06850123405456543,-0.09395360946655273,128,-0.24240648746490479,False,0.3869529637387244,H,0.2160361986535193,0.788495891389782,0.6568946796959827,0.9448017148981779,0.2,0.057267666,0.13394046,0.03570094,0.051160574,0.0014801025,0.0371346,0.10999107,0.1750505,0.049574472,0.37427855,0.29368472,0.072019815,0.59059954,0.34470725,0.11613865,0.8395855662736691,0.984799131378936,0.9448017148981779,0.4,0.18673230736270968
35M,False,OTC_HUMAN_Lo_2023,R40C,39,0.311,0,-1.8404550552368164,-0.7254822254180908,128,-0.4163135290145874,False,0.20913261256281923,-,0.4615143025177013,0.7197626654495664,0.14772727272727276,0.8089913281606571,0.3,0.43855,0.23297,0.035560943,0.4014907,0.15315628,0.034343433,0.5994575,0.012201309,0.20128278,1.2720318,0.2245059,0.17259832,0.81373215,0.049639463,0.45805112,0.8699224098585121,0.6282467532467533,0.8089913281606571,0.3,0.38168225439230546
35M,False,OTC_HUMAN_Lo_2023,L301I,300,0.33,0,-1.9305667877197266,-1.9718685150146484,128,0.5306135416030884,False,0.0060081005773130166,E,0.7034124447174884,0.7401653720871962,0.6640826873385013,0.7925331996993235,0.2,0.39794827,0.067960024,0.03604374,0.34167576,0.33332145,0.06977205,0.5739293,0.0726099,0.087034725,0.6620264,1.3783346,0.1904378,0.65688634,1.0918083,0.2132566,0.7744926083688298,0.7393872277593206,0.7925331996993235,0.1,0.3797560993753369
35M,False,OTC_HUMAN_Lo_2023,I261F,260,0.371,0,1.427656650543213,0.05021333694458008,128,0.802678108215332,False,0.04291064727045388,E,0.5008952919123348,0.7317927170868348,0.6506666666666667,0.7441643323996265,0.3,0.11773348,0.2374363,0.017573357,0.24302268,0.11271262,0.068152145,0.5214019,0.44855237,0.056959294,0.46785545,0.2406745,0.056120157,0.3252504,0.85768294,0.25724348,0.5940709617180205,0.4816666666666667,0.7441643323996265,0.2,0.16604435913324625
35M,False,OTC_HUMAN_Lo_2023,A174G,173,0.385,0,-1.5674967765808105,1.3545771837234497,128,-0.7168726921081543,False,0.0,H,0.5804983742593486,0.6150793650793651,0.293859649122807,0.6022408963585434,0.6,0.4410522,0.61780214,0.056357883,0.43067145,0.5698509,0.03472791,1.1640217,0.15421152,0.051252414,0.8478479,1.0598977,0.12054388,0.7623074,0.45305383,0.08783536,0.7117180205415499,0.481359649122807,0.6022408963585434,0.5,0.25041451474487686
35M,False,OTC_HUMAN_Lo_2023,E72Q,71,0.427,1,-0.4953649044036865,-0.7925808429718018,128,-0.08053982257843018,False,0.1851834471112191,-,0.13639523943617016,0.821656050955414,0.8867313915857605,0.9946921443736731,0.2,0.111390114,0.2540431,0.017278861,0.14929724,0.06789851,0.034977533,0.13835716,0.052730083,0.08628778,0.18674183,0.0633502,0.028968,0.14448786,0.33050418,0.08231177,,,,,
35M,False,OTC_HUMAN_Lo_2023,L151V,150,0.487,1,-1.2170841693878174,-0.33916258811950684,128,0.013980269432067871,True,0.024032402309252066,H,0.4731636634832064,0.8398692810457516,0.7434210526315789,0.9673202614379085,0.6,0.14583468,0.14583468,0.0197685,0.30029476,0.30029476,0.038280226,0.4998746,0.32460916,0.16787104,0.86141276,0.10863459,0.14269602,0.29513717,0.5402851,0.12398271,,,,,
35M,False,OTC_HUMAN_Lo_2023,K70E,69,0.529,1,-0.301332950592041,0.9700109958648682,64,0.11144542694091797,True,0.4892621085974474,-,0.1590121812390909,0.8466029723991508,,0.9957537154989384,0.2,0.22694921,0.018127322,0.0805525,0.17885828,0.07778549,0.03310754,0.113497496,0.048196554,0.034681104,0.023409128,0.061989307,0.079792306,0.3359635,0.14447999,0.13665733,,,,,
35M,False,OTC_HUMAN_Lo_2023,K46N,45,0.574,1,-0.8747836351394653,0.16434049606323242,128,0.17744851112365723,False,0.360426831551724,H,0.12233153911499361,0.6430853491556366,0.1965255157437568,0.7786398904609767,0.2,0.05036199,0.042764306,0.017921258,0.18156826,0.3060937,0.032971717,0.51664877,0.32230985,0.1844976,0.07863104,0.647405,0.07022433,0.45988572,0.46999037,0.040085744,,,,,
35M,False,OTC_HUMAN_Lo_2023,G119V,118,0.597,1,-5.254261016845703,-1.3213101625442505,128,1.4111888408660889,False,0.6830992068015239,-,0.32592686184806097,0.7556089743589742,0.2944983818770227,0.9967948717948718,0.3,0.62136555,1.1922235,0.07200165,1.9639463,1.2868347,0.106889725,2.1356716,2.1828253,0.09041967,3.0499082,3.0907967,0.12509613,4.4541736,3.649857,0.28144246,,,,,
35M,False,OTC_HUMAN_Lo_2023,L95V,94,0.636,1,-0.007950782775878906,-0.3846864700317383,128,4.6805419921875,False,0.42657514098922417,H,0.2975560861998302,0.8045730618077884,0.0,0.8971061093247589,0.5,0.50930214,0.26551533,0.08622117,0.1730411,0.08662391,0.1799436,0.60172665,0.27788508,0.06307135,0.93473077,0.051021576,0.13048215,1.0746919,0.04825878,0.39776063,,,,,
35M,False,OTC_HUMAN_Lo_2023,L57I,56,0.6940000000000001,1,-0.2495722770690918,-1.856590747833252,32,-0.041625261306762695,True,0.012016201154626033,H,0.5487374261903549,0.6560444078947368,0.5687086092715232,0.6486430921052632,0.4,0.34269214,0.07412338,0.03139627,0.6927037,0.35882008,0.034258794,0.77613354,0.23552847,0.026577521,0.8937192,0.08079624,0.1538578,0.62972665,0.33013296,0.07204135,,,,,
35M,False,OTC_HUMAN_Lo_2023,E309D,308,0.7509999999999999,1,-0.7447514533996582,0.7656595706939697,128,-0.1504826545715332,True,0.280667802668516,-,0.23367361153976152,0.7259735619864237,0.6025219298245614,0.8612004287245444,0.3,0.038958907,0.038958907,0.014330673,0.14342332,0.14342332,0.041875314,0.5474869,0.35306215,0.03856225,0.619406,0.53080034,0.065531895,0.5052092,0.71324086,0.087492086,,,,,
35M,False,OTC_HUMAN_Lo_2023,S267R,266,0.7709999999999999,1,-7.952227592468262,-0.23241400718688965,32,0.3575096130371094,True,0.17820248558184537,-,0.6065421932207566,0.8106466595212576,0.996742671009772,0.8590568060021435,0.6,0.4731865,0.4731865,0.22205058,0.20735216,1.2116218,0.11408081,2.2306356,1.1086564,0.25630027,3.5733137,1.4606514,0.24677363,4.0648575,3.4904795,0.7218234,,,,,
35M,False,OTC_HUMAN_Lo_2023,Q235L,234,0.7929999999999999,1,-1.1146280765533447,1.7295749187469482,128,-0.21816229820251465,True,0.396214426139653,H,0.5063032861994272,0.9735576923076923,,1.0,0.6,0.11898422,0.5907891,0.050554086,0.67812014,0.58298683,0.106223725,0.9462862,0.99286246,0.15001568,1.1998291,0.8466091,0.17561884,0.5974052,0.6810446,0.22624621,,,,,
35M,False,OTC_HUMAN_Lo_2023,K221E,220,0.8420000000000001,1,-0.968855619430542,0.8944814205169678,128,-0.07230472564697266,True,0.6888819941518634,-,0.2785625745306679,0.775445002282063,0.586038961038961,0.9276586033774532,0.3,0.0107678175,0.20345414,0.020467948,0.056304097,0.15658104,0.038496565,0.05728507,0.14327502,0.055028938,0.0456177,0.36021566,0.035570502,0.47292793,0.36117053,0.13089326,,,,,
35M,False,OTC_HUMAN_Lo_2023,D226N,225,0.857,1,-1.4226038455963135,-1.2424306869506836,32,0.033426761627197266,True,0.30081404020944413,-,0.22212589211143008,0.890625,0.8577633007600435,0.9166666666666666,0.2,0.46050882,0.46050882,0.020632673,0.33691037,0.3851261,0.041725256,0.4688871,0.06361687,0.12806074,0.61642575,0.06499648,0.078597024,0.15626132,0.041377425,0.09594707,,,,,
35M,False,OTC_HUMAN_Lo_2023,T91N,90,0.894,1,-7.029300689697266,-0.33275699615478516,64,-0.14603042602539062,True,0.4263912747628835,-,0.7760158531161829,0.8110451848471018,0.39158576051779936,0.8785942492012778,0.2,0.27932405,0.38453102,0.0058347704,0.41849422,0.6792002,0.07238331,0.4020915,0.7793627,0.07112913,1.2717423,0.40833616,0.16930608,5.6896496,0.8098717,0.343548,,,,,
35M,False,OTC_HUMAN_Lo_2023,S123R,122,0.926,1,0.33098506927490234,-0.21302270889282227,128,-0.5461400151252747,False,0.3053317548325066,-,0.4951375195877815,0.8949044585987261,,0.9968152866242038,0.2,0.01134944,0.66657174,0.061472893,0.23868513,0.5606059,0.1460046,0.35438418,0.4763397,0.13493118,0.32225788,0.3045447,0.34538817,0.015249252,0.22472203,0.4169952,,,,,
35M,False,OTC_HUMAN_Lo_2023,K34Q,33,0.958,1,-0.2324376106262207,0.17597389221191406,128,0.11520019173622131,False,0.8142194538854797,-,,0.889589905362776,0.9554140127388535,0.9852786540483702,0.1,0.12054515,0.053941965,0.019409705,0.23173285,0.039330006,0.02591424,0.3959806,0.34026814,0.007532644,0.34738946,0.24606466,0.037724257,0.35143518,0.27784228,0.049862195,,,,,
35M,False,OTC_HUMAN_Lo_2023,L118F,117,0.999,1,-1.7182899713516235,-1.8506989479064941,128,-0.30403703451156616,False,0.15758660133278238,E,0.34883219004483146,0.8592354412290103,0.7665580890336592,0.972668810289389,0.3,0.13641083,0.13576484,0.027375484,0.07733977,0.16979206,0.08989735,0.28546762,0.30455303,0.03301823,0.8442489,0.5378761,0.097903825,0.6964084,1.1239275,0.2416188,,,,,
35M,False,OTC_HUMAN_Lo_2023,D147V,146,1.006,1,0.8895320892333984,0.175339937210083,128,-0.4560936689376831,False,0.24506870861394686,H,0.17318299139836713,0.8438852813852813,0.5548317046688382,0.9837662337662337,0.7,0.21538496,0.018320322,0.05706177,0.17159319,0.15303993,0.07857261,0.51483536,0.3298688,0.082243726,0.6491072,0.373533,0.2771673,0.15869927,0.66434383,0.27797776,,,,,
35M,False,OTC_HUMAN_Lo_2023,T290I,289,1.032,1,-0.7832856178283691,-0.6171121597290039,128,-0.3286589980125427,False,0.03737647758358327,H,0.3657272076175073,0.6153005464480874,0.4512061403508772,0.9075409836065573,0.5,1.6972933,0.11496067,0.12540922,1.3564787,0.27951455,0.046642113,1.4227796,1.5387068,0.14532319,2.2773337,1.5406575,0.3346371,1.6534586,2.617546,0.10546704,,,,,
35M,False,OTC_HUMAN_Lo_2023,T125S,124,1.082,1,0.45740246772766113,1.6494693756103516,64,0.013581514358520508,True,0.2291129914527672,H,0.21178817971657893,0.937900641025641,0.8798701298701298,0.9623397435897436,0.4,0.07533598,0.10902476,0.0033512593,0.15619063,0.07335973,0.010356235,0.18535972,0.13570762,0.021306848,0.27527,0.113559246,0.035267018,0.5011208,0.28112078,0.109670684,,,,,
35M,False,OTC_HUMAN_Lo_2023,Q350P,349,1.245,1,0.43144655227661133,1.4919216632843018,128,0.08425581455230713,True,0.7010649151012676,-,,0.9957939011566772,,0.9994742376445847,0.3,0.49517655,0.06831455,0.014765883,0.42936754,0.038146496,0.019202566,0.3780141,0.28025055,0.033507727,0.6374028,0.80230427,0.03599124,0.7789073,0.46962905,0.14351034,,,,,
35M,False,HEM3_HUMAN_Loggerenberg_2023,A31E,30,0.0,0,-10.232012748718262,-0.4087235927581787,128,-2.442605972290039,False,0.08425313135162207,H,0.9330322382551645,0.8118729096989967,0.9451901565995525,0.9735228539576366,0.5,0.13819599,0.19866085,0.048151016,0.5364275,0.060822487,0.06408157,0.99592113,0.0024690628,0.16134433,1.371542,0.38938904,0.2070858,3.2619405,3.745441,0.29250088,0.8787625418060202,0.8769574944071589,0.9735228539576366,0.6,-0.026701842813205826
35M,False,HEM3_HUMAN_Loggerenberg_2023,D99K,98,0.0,0,-13.579349517822266,-1.3738670349121094,128,6.4161376953125,False,0.42836426460267546,H,0.9930215962451286,0.7043715846994536,0.08666666666666667,0.9781420765027322,0.1,0.46704483,0.19837856,0.014328766,0.675498,0.36120796,0.010049248,0.7510414,0.44351006,0.079976656,0.96073914,1.3449192,0.051755525,1.3272543,1.7292557,0.20889989,0.8043715846994536,0.5366666666666666,0.9781420765027322,0.3,0.39047244395252445
35M,False,HEM3_HUMAN_Loggerenberg_2023,G280T,279,0.0,0,-1.9352939128875732,-2.459897994995117,128,-0.09641283750534058,False,0.0,E,0.61174715135269,0.6873873873873874,0.618808777429467,0.8968468468468469,0.2,0.77014804,0.08830404,0.0483212,0.7551923,1.0918546,0.13961546,1.6341207,0.35450435,0.13356099,1.9282398,0.5078261,0.35605764,1.5328093,1.872477,0.3156493,0.7182432432432432,0.6401253918495298,0.8968468468468469,0.3,0.338812282232187
35M,False,HEM3_HUMAN_Loggerenberg_2023,I21Q,20,0.0,0,-9.571905136108398,0.06126832962036133,128,-18.1644344329834,False,0.006130092467207697,E,0.5033830421972771,0.6484254001032524,0.6088435374149659,0.8520908621579762,0.3,0.42287445,0.4816513,0.023426056,1.2103815,0.09840584,0.026886176,1.1697588,1.8759131,0.103886604,1.2989388,1.3739519,0.49194145,1.8889189,4.0363555,0.13832875,0.8286009292720702,0.7588813303099018,0.8520908621579762,0.5,0.4426139051676282
35M,False,HEM3_HUMAN_Loggerenberg_2023,L193W,192,0.0,0,-9.23056411743164,-1.8827917575836182,128,4.099248886108398,False,0.0060081005773130166,H,0.7729228989961957,0.8497881355932204,0.711864406779661,0.9389830508474576,0.5,0.9152632,0.2866745,0.048033524,1.1505852,0.45993042,0.07831402,1.93186,0.6961603,0.05610504,2.335369,3.1643133,0.13966236,7.14747,7.7102585,0.11476936,0.8016949152542373,0.6248587570621469,0.9389830508474576,0.7,0.1941861538050484
35M,False,HEM3_HUMAN_Loggerenberg_2023,L85H,84,0.0,0,-11.030393600463867,-1.4742608070373535,128,-3.3235912322998047,False,0.0060081005773130166,H,0.7378072709914963,0.7480932203389831,0.5709426627793974,0.8854872881355933,0.5,0.79213905,0.3378191,0.021302987,1.6293602,0.13627434,0.036992073,1.8475418,0.47326183,0.08911438,3.1529698,1.3741169,0.16647168,4.957582,3.8637896,0.13927498,0.873093220338983,0.7259475218658893,0.8854872881355933,0.6,0.33709794258836967
35M,False,HEM3_HUMAN_Loggerenberg_2023,S96Q,95,0.0,0,-9.611233711242676,-2.002394914627075,128,0.0664682388305664,True,0.1138088353260817,E,0.9394520185229221,0.7405239687848384,0.5889212827988338,0.7027591973244147,0.3,0.6441879,0.041793823,0.15020923,0.9834986,0.45662403,0.09825134,1.1350946,0.8316107,0.10925007,1.7705736,2.4506512,0.114202306,2.1834784,3.1550827,0.46034107,0.7101449275362319,0.5675413022351798,0.7027591973244147,0.4,0.3507435575636257
35M,False,HEM3_HUMAN_Loggerenberg_2023,T294D,293,0.0,0,1.3899133205413818,0.9666733741760254,128,-0.12921833992004395,False,0.4564942347504638,E,0.2151963235553458,0.8892568064753495,0.8222972972972973,0.95345842531273,0.5,1.4976885,1.4976885,0.048269987,0.6667148,1.0757468,0.14060311,0.12324762,0.6786978,0.117306516,0.8860829,0.44861865,0.3754892,0.030220747,0.069426656,1.2666003,0.8233995584988962,0.7547297297297297,0.95345842531273,0.3,0.4748899363850159
35M,False,HEM3_HUMAN_Loggerenberg_2023,L220N,219,0.004407187,0,-10.88137435913086,-1.7831299304962158,128,0.00152587890625,True,0.05407290519581715,E,0.6507472285333428,0.6007696007696008,0.4876288659793815,0.4387926887926888,0.1,0.06109047,0.006214142,0.040522765,0.18938255,0.19375229,0.051080894,0.18002129,1.6749468,0.27887458,1.1109619,5.2852144,0.1318636,7.6726947,5.1841908,0.24888058,0.6171236171236172,0.5697594501718214,0.4387926887926888,0.2,0.18969090230367283
35M,False,HEM3_HUMAN_Loggerenberg_2023,K43P,42,0.038121443,0,-7.519815444946289,1.3991289138793945,128,4.201749324798584,False,0.40144277302166187,H,0.20053563534136665,0.8601328903654485,0.5,0.9973421926910299,0.3,1.1065493,0.23171854,0.020333672,0.3048973,0.24999285,0.06521044,0.5029917,0.6451044,0.05973482,1.2791314,4.7035465,0.1560195,4.3361816,4.754565,0.37723103,0.9189368770764119,0.923076923076923,0.9973421926910299,0.6,0.28435185439666927
35M,False,HEM3_HUMAN_Loggerenberg_2023,S141P,140,0.104720516,0,-8.165833473205566,-0.6982676982879639,64,0.5631170272827148,True,0.051902515718373066,-,0.5654626496227888,0.7338350055741361,0.5,0.927536231884058,0.3,0.3652048,0.3652048,0.021051789,1.0380878,0.014789581,0.113554575,3.2907248,0.107587814,0.15445185,3.843121,5.682452,0.16604881,7.4794044,7.7220507,0.16223088,0.7132107023411371,0.5655367231638417,0.927536231884058,0.4,0.10554858358457934
35M,False,HEM3_HUMAN_Loggerenberg_2023,I350Q,349,0.1798562289999999,0,-4.628243446350098,0.07310724258422852,128,0.033116817474365234,True,0.048349525565188504,H,0.5073497673930936,0.7619047619047619,0.5005649717514125,0.9278499278499279,0.4,2.6039438,1.8788247,0.12232876,3.702866,1.8429432,0.16163817,4.090714,2.1198115,0.85146964,3.7753706,4.521237,0.18484764,4.0687017,5.328597,0.8555943,0.6842231842231842,0.4728813559322033,0.9278499278499279,0.4,0.43126189273707666
35M,False,HEM3_HUMAN_Loggerenberg_2023,A297Q,296,0.245109258,0,-2.288729667663574,-1.2835159301757812,128,0.16144132614135742,False,0.13106042654696767,E,0.3791960947559109,0.7036654620547238,0.5857898715041572,0.9002323180175529,0.4,0.47102368,0.3643428,0.053476714,0.7366948,1.0634866,0.121535204,1.1220052,1.1086864,0.20728159,1.1181645,0.54112744,0.079633474,1.1013954,0.6891115,0.20508273,0.6525554981930821,0.5752078609221466,0.9002323180175529,0.3,0.39587318835034657
35M,False,HEM3_HUMAN_Loggerenberg_2023,R167D,166,0.286020879,0,-9.63489818572998,-0.5880632400512695,128,-0.8605251312255859,True,0.15367203656034045,-,0.9701554656714706,0.7098360655737704,0.4899665551839465,0.9737704918032787,0.0,0.07454395,0.7669592,0.03258667,0.027308464,0.52906704,0.09484234,0.33886528,0.7919073,0.15348224,1.2572241,0.93752193,0.1438919,3.011581,5.268316,0.58510685,0.8502732240437159,0.725752508361204,0.9737704918032787,0.1,0.24856292373854086
35M,False,HEM3_HUMAN_Loggerenberg_2023,H239K,238,0.3660887379999999,0,-0.33992624282836914,-0.580897331237793,128,0.5150057077407837,False,0.0908826850767486,-,0.34131567478264635,0.7065217391304348,0.5067796610169492,0.6904960981047938,0.1,0.0009841919,0.08243656,0.018122245,0.0776186,0.19525981,0.04328542,0.22051,0.32623172,0.06677961,0.22600794,0.47206783,0.14323334,0.13739395,0.06117654,0.27280435,0.6421404682274247,0.30903954802259886,0.6904960981047938,0.4,0.1999737275727848
35M,False,HEM3_HUMAN_Loggerenberg_2023,G192A,191,0.376631501,0,-4.10435152053833,-1.3805705308914185,128,-1.5260133743286133,False,0.09179794149032713,H,0.9357734056952495,0.8105317501290655,0.5554054054054054,0.8726122870418171,0.3,0.19880915,0.2504859,0.031692028,1.539856,1.431417,0.034469318,2.5021987,1.5349121,0.021526814,3.9355388,2.377719,0.12558317,4.480832,6.0088716,0.19270849,0.8345379452762003,0.6405405405405405,0.8726122870418171,0.4,0.24616295026604018
35M,False,HEM3_HUMAN_Loggerenberg_2023,T25C,24,0.464713627,0,-6.824073791503906,0.6997733116149902,128,2.612516403198242,False,0.007021094279301839,E,0.7689775634719964,0.875,0.8692789968652037,0.9434684684684684,0.3,0.31697512,0.31697512,0.025385475,0.19213915,0.32312155,0.0244421,0.13144875,0.6231308,0.025063038,0.3647952,3.6166825,0.18221931,0.66608477,6.555024,0.2413063,0.8306306306306306,0.7833855799373041,0.9434684684684684,0.5,0.4064505185615973
35M,False,HEM3_HUMAN_Loggerenberg_2023,E80L,79,0.48955475,0,-7.993251323699951,0.9143264293670654,128,1.970937728881836,False,0.2128709371209804,H,0.6873714073609875,0.7821927888153053,0.6112956810631229,0.9795805739514348,0.3,0.23392248,0.6689997,0.060992528,0.060622692,1.2565293,0.26501113,0.6015506,0.3178935,0.10385533,2.6016393,2.5745544,0.12926427,2.7206793,3.3474493,0.44335222,0.8359087564385578,0.5171650055370985,0.9795805739514348,0.5,0.37379083066782975
35M,False,HEM3_HUMAN_Loggerenberg_2023,D233A,232,0.532333654,0,-0.6618467569351196,0.13900136947631836,128,-0.2805161476135254,False,0.5276802633223988,H,0.2492829738850746,0.8172442244224423,0.42666666666666664,0.9356435643564356,0.3,0.66032636,0.18765211,0.015943384,0.5283586,0.5342375,0.02865634,1.4001595,1.0399354,0.062905766,2.0618224,1.1642947,0.31049958,2.2135606,2.0836673,0.15131982,0.7966171617161715,0.2733333333333333,0.9356435643564356,0.6,0.35747667365564245
35M,False,HEM3_HUMAN_Loggerenberg_2023,I54S,53,0.595870913,0,-2.0456104278564453,2.1117258071899414,128,2.2252345085144043,False,0.26359397608993096,E,0.3746432676568251,0.8590909090909091,0.797094430992736,0.9231818181818182,0.4,0.20499754,0.22210813,0.034384154,0.48186922,0.23229814,0.07208109,0.22410965,0.23828554,0.1458116,0.07721686,0.4514737,0.15120283,0.30835056,0.5070653,0.22126547,0.8136363636363636,0.7210653753026635,0.9231818181818182,0.6,0.3095282186274059
35M,False,HEM3_HUMAN_Loggerenberg_2023,A55C,54,0.629691431,1,-3.0382957458496094,-0.2717432975769043,128,1.685542345046997,False,0.36339450025348985,E,0.19829379809809522,0.716996699669967,0.6315436241610739,0.9360561056105611,0.2,0.13163376,0.3182447,0.02892828,0.19660974,0.4567485,0.016757775,0.33465195,0.5750532,0.04666338,0.39523387,0.60877943,0.10093975,0.27888846,1.0846224,0.32847175,,,,,
35M,False,HEM3_HUMAN_Loggerenberg_2023,A252E,251,0.667705914,1,-2.5799007415771484,-0.6026673316955566,128,0.5508061647415161,False,0.016611767814925897,H,0.4338617353567864,0.5648464163822526,0.3192439862542955,0.7336935912021236,0.6,0.056101084,0.20438266,0.02395525,0.05362916,0.23003626,0.08991251,0.7554078,0.7571938,0.09664555,0.95965016,2.2940311,0.17128797,4.411112,2.8592832,0.14567757,,,,,
35M,False,HEM3_HUMAN_Loggerenberg_2023,L154Q,153,0.695206552,1,-10.506877899169922,-1.6501860618591309,128,-0.8157672882080078,True,0.0,H,0.6227545793510929,0.6596638655462185,0.6388888888888888,0.9226690676270508,0.4,0.039961815,0.039961815,0.02061596,0.21154499,0.21154499,0.040157318,0.49197102,0.31920433,0.03260746,1.2155523,0.29649544,0.20583287,2.1578465,0.5515394,0.22069684,,,,,
35M,False,HEM3_HUMAN_Loggerenberg_2023,K272Q,271,0.726499989,1,-0.4998600482940674,0.20205163955688477,128,-0.277180552482605,False,0.515738439782573,E,0.17496910788119546,0.9153005464480874,,0.9978142076502732,0.3,0.00019955635,0.08926892,0.034848977,0.04883313,0.18845248,0.042752407,0.04502511,0.3649273,0.042876054,0.01569724,0.3235569,0.089817666,0.12130976,0.36627746,0.059144877,,,,,
35M,False,HEM3_HUMAN_Loggerenberg_2023,L245V,244,0.754121917,1,-0.8445315361022949,-0.42041444778442383,128,-0.19207942485809326,False,0.04205670404119111,H,0.18612342071441113,0.6475225225225226,0.4173955296404276,0.8323198198198197,0.3,0.25147104,0.20281172,0.030574273,0.32670403,0.71952903,0.049090244,0.8966745,0.35182738,0.06549468,0.073318005,0.06831479,0.09880066,0.05876422,0.52441144,0.1526905,,,,,
35M,False,HEM3_HUMAN_Loggerenberg_2023,K79A,78,0.795765417,1,-3.221721649169922,1.473012924194336,64,0.13237857818603516,True,0.5309021088114544,H,0.552316206905714,0.8486338797814208,0.6414473684210527,0.9909836065573769,0.3,0.74559784,0.048113346,0.03931136,0.7170322,0.20602345,0.067965984,0.5531094,0.26375866,0.08664727,1.0361209,1.5924047,0.19254723,0.6514244,1.3797054,0.09843864,,,,,
35M,False,HEM3_HUMAN_Loggerenberg_2023,G281W,280,0.816498642,1,0.12830209732055664,-3.0462546348571777,128,0.6947145462036133,False,0.0,E,0.18478033641888114,0.7176527176527177,0.6247422680412371,0.8965848965848966,0.2,0.48944044,1.0682313,0.055657197,0.6159997,1.3073175,0.08331652,0.057474613,1.1907568,0.1143692,2.428959,2.5556288,0.19056758,2.999899,2.6087985,0.4211157,,,,,
35M,False,HEM3_HUMAN_Loggerenberg_2023,V20P,19,0.8394100870000001,1,-1.6872285604476929,-0.12429380416870117,128,-1.972953200340271,False,0.34116482913236174,E,0.19888485393226796,0.8114686468646864,0.8583333333333334,0.957095709570957,0.3,0.57574785,0.49618113,0.12823541,0.7254853,0.93868864,0.06775167,0.8588581,0.8457726,0.05161183,1.7812144,1.6024255,0.10395379,2.4735396,1.3091022,0.41310802,,,,,
35M,False,HEM3_HUMAN_Loggerenberg_2023,I186V,185,0.881260052,1,-1.4684069156646729,1.4978175163269043,128,-0.08871197700500488,True,0.0,E,0.5120469258137326,0.7267917267917269,0.6429553264604811,0.872053872053872,0.5,0.35504317,0.1287477,0.106485225,0.5168413,0.5168413,0.041347932,0.4473666,0.8857775,0.12479403,0.07912481,0.8855946,0.04128473,0.35303903,2.3464959,0.09103012,,,,,
35M,False,HEM3_HUMAN_Loggerenberg_2023,F163P,162,0.899515958,1,-1.6469297409057617,1.4562034606933594,128,-3.6202831268310547,False,0.18577143186558231,E,0.46449013790374183,0.7639393939393939,0.7009385665529011,0.9465151515151515,0.2,0.1873231,0.28465295,0.024748515,0.19513535,0.13347769,0.02626338,0.34520388,0.20711803,0.09967303,0.3872068,0.24690914,0.12974043,1.2786243,1.1487222,0.087904975,,,,,
35M,False,HEM3_HUMAN_Loggerenberg_2023,R32M,31,0.943883807,1,0.9498028755187988,-3.2987866401672363,64,-0.16942596435546875,True,0.3206408066986666,H,0.5590036769719451,0.761744966442953,0.8745791245791246,0.9867062467733608,0.4,0.9346237,0.13179255,0.011695528,0.98291326,0.13675642,0.016970778,0.94937253,0.12887788,0.1448607,0.54299664,0.573447,0.06148658,0.0168159,0.7938113,0.08968167,,,,,
35M,False,HEM3_HUMAN_Loggerenberg_2023,M196L,195,0.951246816,1,2.0638070106506348,3.437162399291992,128,-0.06598949432373047,True,0.11123167829195071,-,0.6928158667992286,0.6813953488372093,0.4612794612794613,0.6966777408637874,0.2,0.02756548,0.01683569,0.008416558,0.17941856,0.19795895,0.044012643,0.3071475,0.09062052,0.10788987,0.21751928,0.4596641,0.0859824,0.04306221,0.34472334,0.21197176,,,,,
35M,False,HEM3_HUMAN_Loggerenberg_2023,Q314L,313,1.001740615,1,0.08581399917602539,1.681488037109375,128,0.013237595558166504,True,0.2654793237698584,E,,0.7235973597359735,0.5676567656765676,0.8572607260726073,0.2,0.01038909,0.0052878857,0.04489393,0.03148818,0.2026453,0.037734605,0.106435776,0.16519952,0.04848175,0.12946057,0.38185358,0.09730158,0.25184393,0.3660059,0.07419066,,,,,
35M,False,HEM3_HUMAN_Loggerenberg_2023,W283S,282,1.03583348,1,2.609952926635742,2.3298206329345703,128,-0.3036563992500305,False,0.04380923397600672,E,0.28410020930299784,0.6599099099099099,0.5288659793814434,0.7691441441441441,0.5,0.4493091,0.40950823,0.03884592,1.0364275,0.7140789,0.060969304,0.095377445,0.47356176,0.14012699,0.6578922,0.60690093,0.12331891,0.9613972,0.33481526,0.2574424,,,,,
35M,False,HEM3_HUMAN_Loggerenberg_2023,D36H,35,1.048276686,1,-3.948883533477783,-0.9445710182189941,128,2.5724053382873535,False,0.3368092042857974,H,0.24982913950908203,0.743561442236939,0.55,0.9909860191317145,0.5,1.8362617,0.044685125,0.019441748,2.837421,0.022508621,0.06608524,3.2479656,0.41931915,0.058922004,3.3858376,2.800471,0.22205701,3.344687,3.0584702,0.37178355,,,,,
35M,False,HEM3_HUMAN_Loggerenberg_2023,R201L,200,1.091870969,1,-3.4955244064331055,-0.0908207893371582,128,-3.0378127098083496,False,0.2567132486620982,H,0.22795339293679584,0.7578382838283828,0.5883668903803132,0.9166666666666666,0.4,2.7566857,0.41292095,0.019547176,2.8226364,1.2425165,0.0700665,3.0477161,0.7154772,0.11332135,3.6761742,1.3232675,0.0833507,4.0824585,2.1742334,0.29155082,,,,,
35M,False,HEM3_HUMAN_Loggerenberg_2023,N118S,117,1.121156598,1,0.5703492164611816,1.9999418258666992,64,-0.10374689102172852,True,0.24875291738439553,-,0.573755903676243,0.7064017660044151,0.4837837837837838,0.7485283296541574,0.4,0.16530776,0.16530776,0.01250186,0.20102668,0.15301347,0.02727623,0.17860174,0.1020751,0.024199152,0.08906436,0.11081219,0.10383978,0.07954931,0.012020111,0.05315695,,,,,
35M,False,HEM3_HUMAN_Loggerenberg_2023,G259K,258,1.236457783,1,-4.851901054382324,-2.945441722869873,128,-0.4337019920349121,False,0.17645165962541773,-,0.7786604961233041,0.6537895511405445,0.596989966555184,0.9357983811626195,0.3,0.6654506,0.5092435,0.027249908,0.1452303,0.1452303,0.04025183,0.46206284,0.95515513,0.104678914,1.097348,1.9435782,0.31669226,2.1443553,2.2050598,0.22478113,,,,,
35M,False,HEM3_HUMAN_Loggerenberg_2023,E210C,209,1.325337897,1,-2.9370527267456055,0.3622093200683594,128,3.69132137298584,False,0.1568853329221878,-,0.176263799078218,0.6927888153053716,0.33164983164983164,0.8320456217807211,0.3,0.058838606,0.17894125,0.037330437,0.2059927,0.19264507,0.028443575,0.4592836,0.16437864,0.073461056,0.7572279,0.633214,0.1423901,0.32062888,0.2450223,0.24206857,,,,,
35M,False,HEM3_HUMAN_Loggerenberg_2023,K227A,226,1.363665855,1,0.5969810485839844,1.5320115089416504,128,-0.4701666831970215,False,0.831020318665546,-,0.3884358201049175,0.7640522875816993,0.20999999999999996,0.8545751633986929,0.3,0.07075262,0.15017581,0.0038788796,0.13447094,0.04906106,0.026831532,0.13877845,0.22524214,0.07625441,0.37832665,0.2089839,0.08583784,0.59757733,0.061458588,0.091318324,,,,,
35M,False,P53_HUMAN_Kotler_2018,G245V,244,-0.592215009066,0,0.3362865447998047,-1.434881567955017,32,-0.09670960903167725,True,0.06574290115680682,-,0.9808705316198209,0.7235023041474654,0.4594339622641509,0.8046082949308756,0.5,0.3158691,0.014685631,0.018515777,0.3918147,0.2710843,0.06393156,0.46314526,0.4482093,0.0695879,0.35771084,0.58719826,0.21833515,0.6549983,0.2382505,0.22945066,0.6299539170506913,0.6849056603773584,0.8046082949308756,0.3,0.23131479119334025
35M,False,P53_HUMAN_Kotler_2018,K132E,131,-0.475880860851,0,-0.03659987449645996,1.0706281661987305,64,-0.029364585876464844,True,0.0509723408044944,E,0.9843099475610887,0.6209302325581395,0.4843537414965986,0.6007751937984496,0.1,0.09586263,0.04137826,0.0058434485,0.17904568,0.20842052,0.03174472,0.43021488,0.3336048,0.051032256,0.5781305,0.22758698,0.040593483,0.7261982,0.27318263,0.078481816,0.8593023255813954,0.8448979591836734,0.6007751937984496,0.2,0.09955840761824751
35M,False,P53_HUMAN_Kotler_2018,R273Y,272,-0.429437223302,0,-1.329108476638794,-1.8991880416870117,128,0.019777894020080566,True,0.2898635177934437,E,0.9856384592867662,0.6933860531991373,0.5616028708133971,0.7111790079079798,0.1,0.029566288,0.07544589,0.16677204,0.11671615,0.34937072,0.07640233,0.7145469,0.8404603,0.08307996,0.68393564,0.47950363,0.22683391,0.34392452,0.49030185,0.13974729,0.716391085549964,0.6088516746411483,0.7111790079079798,0.2,0.29113660033703875
35M,False,P53_HUMAN_Kotler_2018,R158F,157,-0.306452974336,0,-1.0627994537353516,-1.8531737327575684,128,-0.00791710615158081,True,0.1526687907311831,E,0.9601485486964844,0.5917050691244239,0.41311216429699843,0.6476958525345622,0.3,0.00244236,0.034318447,0.014399243,0.0654192,0.91322756,0.04236164,0.0127670765,0.93941355,0.04947424,0.19295263,0.6429236,0.15922232,0.30120826,0.48813343,0.07880545,0.7023041474654378,0.6690363349131122,0.6476958525345622,0.3,0.17329116987773321
35M,False,P53_HUMAN_Kotler_2018,Y236D,235,-0.280802766191,0,-0.906700611114502,1.4272816181182861,64,-0.10423398017883301,True,0.0,E,0.786475641638724,0.612508986340762,0.46047008547008544,0.6583393242271748,0.2,0.0023794174,0.14910173,0.06733446,0.155375,0.26979113,0.10914578,0.8671477,0.76321197,0.08428688,0.88567185,0.94677114,0.08319893,1.2465141,1.1894209,0.2370565,0.5639827462257369,0.4930555555555556,0.6583393242271748,0.3,0.31524613192731954
35M,False,P53_HUMAN_Kotler_2018,E285K,284,-0.228999631141,0,-0.5529322624206543,-0.9345645904541016,128,0.00484880805015564,True,0.2392569343248707,H,0.8334938188919219,0.8612403100775194,0.7570422535211268,0.7887596899224806,0.5,0.17704582,0.17704582,0.010157108,0.7366605,0.033798218,0.0917532,0.33421493,0.41513085,0.14851323,0.42066717,0.5831201,0.11137261,0.046714544,0.106900215,0.087924674,0.7724806201550387,0.522300469483568,0.7887596899224806,0.6,0.34308600023882146
35M,False,P53_HUMAN_Kotler_2018,R181P,180,-0.145879482865,0,0.5784380435943604,-0.49830150604248047,64,0.03856778144836426,True,0.7073706330422379,-,0.44605035655186975,0.8815987933634992,0.9954545454545455,0.9928355957767723,0.3,0.060099125,0.10591531,0.012930441,0.09742689,0.02989769,0.005486584,0.161479,0.16504645,0.02881379,0.20540643,0.3181517,0.030851746,0.4243095,0.22013259,0.11165552,0.8793363499245852,0.9727272727272728,0.9928355957767723,0.3,0.14932687144683893
35M,False,P53_HUMAN_Kotler_2018,V272M,271,-0.136193811083,0,-1.8621950149536133,-3.0203590393066406,64,0.07748150825500488,True,0.018473431449357248,E,0.8971023801647344,0.7358015815959741,0.6688034188034189,0.6908698777857656,0.3,0.09854317,0.07558429,0.017785955,0.05306351,0.06373501,0.01674354,0.013864517,0.50203776,0.05053184,0.08585501,0.5523939,0.086368345,0.08198357,0.8210385,0.054151226,0.6772106398274622,0.5817307692307693,0.6908698777857656,0.3,0.2179089599958246
35M,False,P53_HUMAN_Kotler_2018,P190L,189,-0.051115294685,0,-0.006462574005126953,0.4350113868713379,128,-0.0028481483459472656,True,0.19747379633357123,-,0.549368967717122,0.8107088989441931,0.5691244239631337,0.9653092006033182,0.3,0.2016747,0.106588125,0.0058896067,0.06924057,0.06924057,0.012061643,0.2539289,0.100917816,0.021761084,0.22828555,0.0126776695,0.05918584,0.016654015,0.16195774,0.11428876,0.8883861236802413,0.7096774193548387,0.9653092006033182,0.3,0.3558457482268298
35M,False,P53_HUMAN_Kotler_2018,N239D,238,0.024725172956,0,0.29084348678588867,1.2532005310058594,128,0.008831262588500977,True,0.19267577851098577,-,0.8077811028970463,0.7670744138634047,0.690566037735849,0.8152395514780837,0.0,0.085389376,0.09719491,0.028372144,0.11601448,0.25452805,0.0173944,0.15363717,0.27896833,0.021842146,0.2548442,0.29193187,0.060439397,0.08991957,0.23470402,0.08529787,0.6987767584097859,0.6377358490566039,0.8152395514780837,0.2,0.04627383173209611
35M,False,P53_HUMAN_Kotler_2018,Q136E,135,0.085636899167,0,0.13002634048461914,0.9051811695098877,64,-0.05873066186904907,True,0.18735766039362337,-,0.7929674783687165,0.6317972350230415,0.4186413902053712,0.6658986175115207,0.3,0.024489164,0.009417772,0.011958361,0.043025017,0.08965945,0.016481828,0.0072472095,0.16522884,0.012123632,0.06077075,0.07451725,0.05585394,0.19179583,0.09414053,0.09934525,0.6930875576036867,0.5908372827804108,0.6658986175115207,0.3,0.2328804869071521
35M,False,P53_HUMAN_Kotler_2018,P250L,249,0.1801066644249999,0,-0.3523435592651367,0.47481346130371094,128,-0.006516635417938232,True,0.2582349644362085,-,0.9230118209886964,0.5310907237512742,0.3222748815165877,0.7581549439347605,0.2,0.7454634,0.5356734,0.03058114,0.54244995,0.47197318,0.041618727,0.30424595,0.5512295,0.05777383,0.4294901,0.38386798,0.19334188,1.5386145,1.0097914,0.11302991,0.719164118246687,0.6129541864139021,0.7581549439347605,0.2,0.3191586960249031
35M,False,P53_HUMAN_Kotler_2018,D208V,207,0.343934595133,0,-0.798403263092041,0.11630392074584961,64,-0.05762779712677002,True,0.2151940832448008,-,0.8752946020132409,0.7048929663608562,0.586046511627907,0.9936289500509684,0.3,0.2506075,0.19832706,0.01833725,0.018427134,0.02752304,0.008211327,0.1976769,0.061957598,0.015727138,0.5104432,0.72423863,0.024751043,0.8785758,0.8707173,0.0540668,0.9021406727828747,0.7093023255813953,0.9936289500509684,0.5,0.11685288677411525
35M,False,P53_HUMAN_Kotler_2018,E171G,170,0.424413617537,0,-0.018677949905395508,1.8685516119003296,64,-0.06424903869628906,True,0.2704476805155894,-,0.7793554744094142,0.6746575342465753,0.5560747663551402,0.8333333333333333,0.1,0.007254839,0.22252083,0.010332251,0.022059917,0.13274598,0.009232569,0.020939827,0.19077516,0.11267047,0.2838738,0.24112701,0.038723946,0.35059977,0.28364658,0.080108024,0.6341324200913241,0.35981308411214946,0.8333333333333333,0.3,0.20382128205815184
35M,False,P53_HUMAN_Kotler_2018,H214R,213,0.566142581936,0,0.49907898902893066,1.4514985084533691,64,-0.038442134857177734,True,0.06002876702663036,E,0.7502994715637727,0.6175947867298578,0.5961538461538461,0.8436018957345971,0.4,0.051377058,0.01990819,0.014694929,0.06951356,0.08761096,0.053143643,0.03927803,0.41257477,0.060642384,0.16507316,0.4029789,0.054535486,0.098748684,0.24971008,0.20512457,0.5912322274881516,0.5682503770739065,0.8436018957345971,0.1,0.16054792919991323
35M,False,P53_HUMAN_Kotler_2018,I162S,161,0.825403029957,0,-0.19706392288208008,2.106492042541504,64,-0.061035871505737305,True,0.0,E,0.7602159694794178,0.784687275341481,0.7158119658119658,0.6826024442846872,0.3,0.059515953,0.009496212,0.037162494,0.19695139,0.2710812,0.01691556,0.70474863,0.67062473,0.094791986,0.84529877,1.0363207,0.22756872,0.8485589,0.84048533,0.15691623,0.7304097771387491,0.7163461538461539,0.6826024442846872,0.4,0.3546117055726851
35M,False,P53_HUMAN_Kotler_2018,D259N,258,1.13854898326,1,-3.2800519466400146,-1.2554035186767578,64,0.08854711055755615,True,0.1902582368592836,-,0.5473566327465913,0.6686635944700462,0.41132075471698115,0.7073732718894009,0.4,1.8234752,0.0076036453,0.01617298,1.690415,0.081423044,0.049850892,1.9740057,0.5828986,0.06978755,2.605669,2.7875993,0.12940069,2.683673,2.8789344,0.113670066,0.7861751152073734,0.7575471698113208,0.7073732718894009,0.3,0.31110250896964364
35M,False,P53_HUMAN_Kotler_2018,K291R,290,1.30348210447,1,0.6167604923248291,1.9542760848999023,64,-0.047246694564819336,True,0.29905800220450496,H,0.6190333247843453,0.8357142857142856,0.7031963470319635,0.8909090909090909,0.3,0.3351649,0.32120156,0.0030961037,0.49886882,0.012381792,0.01536746,0.29710102,0.21430564,0.012730789,0.017375708,0.06798792,0.03274717,0.09417868,0.28138137,0.03794379,0.9194805194805196,0.8059360730593607,0.8909090909090909,0.3,0.27372765663799414
35M,False,P53_HUMAN_Kotler_2018,P177F,176,1.44063988228,1,-0.5799951553344727,-1.3479235172271729,64,-0.053440868854522705,True,0.37890089062904797,H,0.9831824115727782,0.6860730593607307,0.30697674418604654,0.858447488584475,0.2,0.03671813,0.04499221,0.00874238,0.12906742,0.22298884,0.03822465,0.6733217,0.23370504,0.09499879,0.42070532,0.027004957,0.15828505,0.07148385,0.088409185,0.19176002,0.6769406392694064,0.39534883720930236,0.858447488584475,0.1,0.2647841090014395
35M,False,P53_HUMAN_Kotler_2018,N247K,246,1.5794967372600002,1,0.3085203170776367,-0.2415776252746582,128,0.0033091306686401367,True,0.41344880174300647,-,0.9701555155255628,0.8083588175331294,0.3209302325581395,0.9434250764525994,0.4,0.04334092,0.04334092,0.0039110184,0.044065952,0.08181763,0.02986822,0.014407396,0.008498669,0.0335793,0.04129076,0.10769582,0.030196905,0.096942425,0.026025772,0.02637558,0.7023445463812437,0.29534883720930233,0.9434250764525994,0.3,0.11491305554654925
35M,False,P53_HUMAN_Kotler_2018,E287A,286,1.5968308098,1,-0.7884120941162109,0.5559835433959961,32,-0.055655837059020996,True,0.17437169121353838,H,0.4123679790315199,0.9260958205912335,0.5555555555555556,0.9538735983690112,0.6,0.24204421,0.24204421,0.009431529,0.55728865,0.34820032,0.014015389,0.6457219,0.985471,0.03021555,0.82967377,0.84450865,0.060658146,0.674124,0.8456452,0.10653694,,,,,
35M,False,P53_HUMAN_Kotler_2018,E224G,223,1.7537717598400002,1,-0.03338503837585449,1.960769772529602,64,0.14942967891693115,True,0.6643649112437781,-,0.8795659719275485,0.945067264573991,,0.9977578475336322,0.2,0.34332561,0.0759747,0.0154181,0.35560107,0.13525915,0.0089715,0.049797535,0.033416748,0.021877099,0.07355499,0.112390995,0.047531653,0.22348642,0.33890915,0.06533976,,,,,
35M,False,P53_HUMAN_Kotler_2018,V157L,156,1.81078986525,1,-0.11247169971466064,0.24585962295532227,64,7.039308547973633e-05,True,0.0130982025293255,E,0.6525191076755784,0.6234071093226022,0.49468599033816424,0.6074782025486251,0.4,0.077932954,0.050221205,0.0024195432,0.09935808,0.09725869,0.037173104,0.12768698,0.19360983,0.016421985,0.22950232,0.23764575,0.061358906,0.2639686,0.29580414,0.055886865,,,,,
35M,False,P53_HUMAN_Kotler_2018,Q104L,103,1.89777598914,1,0.06245994567871094,1.7114315032958984,64,0.013720035552978516,True,0.46560257363998053,-,0.6493860194189377,0.7747196738022426,0.5763239875389408,0.8279816513761468,0.3,0.03477192,0.1322,0.01045084,0.12939835,0.2916088,0.039194107,0.31428218,0.360538,0.01884384,0.41389155,0.24950933,0.06638918,0.5425968,0.3564136,0.10783873,,,,,
35M,False,P53_HUMAN_Kotler_2018,N131S,130,1.96090834515,1,0.4631462097167969,1.9762961864471436,64,-0.022049903869628906,True,0.3268261024953271,-,0.7234036109378943,0.7857142857142857,0.48604651162790696,0.778896103896104,0.3,0.105476856,0.058620214,0.011849212,0.09294224,0.18653202,0.013577032,0.20301604,0.3333149,0.01026473,0.6240041,0.35224104,0.022589397,0.5901301,0.45174384,0.14382496,,,,,
35M,False,P53_HUMAN_Kotler_2018,L289P,288,2.00837215843,1,-0.49900245666503906,-0.3908348083496094,128,0.0033220648765563965,True,0.381131143615267,H,0.23441838202000576,0.7217125382262997,0.2603686635944701,0.8154943934760449,0.4,0.15804768,0.5246415,0.016685152,0.211092,0.7997124,0.063594624,0.18224716,0.9297111,0.07739191,0.304852,0.9281635,0.27632022,0.5853448,0.8372333,0.277802,,,,,
35M,False,P53_HUMAN_Kotler_2018,A189D,188,2.0384569204400003,1,-0.2436532974243164,-0.1001121997833252,128,-0.0006457269191741943,True,0.07278052204934062,-,0.4468268572427887,0.8198156682027649,0.7051162790697675,0.9251152073732719,0.3,0.28202105,0.03400302,0.004955864,0.19802165,0.16986752,0.01042676,0.24336624,0.15849948,0.015458822,0.19684625,0.33357692,0.06784968,0.17264152,0.079096794,0.06753822,,,,,
35M,False,P53_HUMAN_Kotler_2018,R174G,173,2.0767478336300003,1,-0.04462838172912598,1.0144914388656616,64,-0.013871550559997559,True,0.11292764366327221,-,0.6330978897412914,0.6285714285714286,0.5315955766192733,0.870967741935484,0.1,0.08426881,0.08426881,0.0156384,0.10868144,0.28093028,0.031426717,0.17342472,0.062350273,0.023455715,0.08038092,0.17148066,0.05155029,0.16236496,0.18657613,0.053158857,,,,,
35M,False,P53_HUMAN_Kotler_2018,P142H,141,2.14974489992,1,-0.8327903747558594,-0.9583656787872314,128,0.0018079280853271484,True,0.18559660025856559,E,0.9115548944980015,0.608294930875576,0.36097946287519744,0.7670506912442396,0.4,0.053453922,0.20869803,0.009531212,0.11029768,0.103544,0.036487054,0.011804342,0.12096262,0.026145363,0.05446291,0.08780575,0.07345209,0.033793926,0.085056305,0.08819809,,,,,
35M,False,P53_HUMAN_Kotler_2018,E180G,179,2.1991022730500003,1,0.4765505790710449,1.8681634664535522,64,0.04734671115875244,True,0.33824454606312493,H,0.6442652845599409,0.8926267281105991,0.8786482334869431,0.991705069124424,0.3,0.0013213158,0.12623453,0.012011146,0.007257223,0.3179493,0.013514137,0.073632956,0.38751364,0.0130263325,0.09336233,0.31173897,0.017035007,0.11528063,0.3222792,0.039102316,,,,,
35M,False,P53_HUMAN_Kotler_2018,G226S,225,2.28557708752,1,0.2046656608581543,-0.7332046031951904,64,-0.06203073263168335,True,0.8353701486027476,-,0.9950633843200135,0.7936936936936937,,0.9995495495495497,0.2,0.03768158,0.01954484,0.011139917,0.14713001,0.00912261,0.037069224,0.048503876,0.25849366,0.046896078,0.105638266,0.29041576,0.03172183,0.12272811,0.18720317,0.078999855,,,,,
35M,False,P53_HUMAN_Kotler_2018,P151L,150,2.36659875981,1,1.658254861831665,0.47217440605163574,128,0.02086329460144043,True,0.05390988800315574,-,0.872156665905365,0.7303771661569827,0.6220657276995305,0.7410805300713558,0.1,0.14806068,0.6549777,0.014826608,0.26621902,0.797632,0.031860374,0.48432624,1.404197,0.09695013,0.36667204,1.8771293,0.10669394,0.69303465,1.4387727,0.15806028,,,,,
35M,False,P53_HUMAN_Kotler_2018,R209K,208,2.43720467694,1,-0.11768293380737305,-1.9292244911193848,64,0.02877187728881836,True,0.7606415877591642,-,0.21148039101412097,0.7275784753363229,,0.9977578475336323,0.1,0.027057648,0.027057648,0.017471503,0.049318314,0.016402721,0.00890665,0.022871494,0.07181215,0.027886868,0.034044504,0.23580027,0.054901697,0.03031993,0.25918388,0.04668822,,,,,
35M,False,P53_HUMAN_Kotler_2018,M169T,168,2.45272613402,1,1.1669549942016602,1.9156408309936523,64,-0.0016190409660339355,True,0.13645732090342527,-,0.7050820536655549,0.9723502304147466,0.9283489096573209,0.9345622119815669,0.7,0.013140202,0.10025501,0.00450592,0.047145844,0.12750983,0.006880379,0.15773392,0.16814041,0.036211155,0.17456722,0.21473551,0.03828325,0.23347902,0.118927956,0.070821956,,,,,
35M,False,P53_HUMAN_Kotler_2018,A161P,160,2.5519046114400004,1,-1.4561796188354492,-0.1321406364440918,128,0.002980947494506836,True,0.07826277170387476,E,0.8196786962338263,0.627906976744186,0.5261752136752137,0.6238372093023256,0.3,0.37420225,0.28352213,0.052370597,0.45601296,0.43239307,0.034891795,0.5771854,0.7474568,0.046316337,0.8999605,1.3716266,0.122667596,1.4092705,1.5252769,0.10061598,,,,,
35M,False,P53_HUMAN_Kotler_2018,N235S,234,2.63168068134,1,0.8468449115753174,2.0321974754333496,32,-0.11782455444335938,True,0.06299012489861056,E,0.5768921879401006,0.6751937984496124,0.5598086124401914,0.6682170542635659,0.1,0.02093625,0.0021688938,0.0076273917,0.071442366,0.014061451,0.00638175,0.11039019,0.06153488,0.010942316,0.0029125214,0.20221257,0.042983722,0.0650959,0.10379958,0.053838633,,,,,
35M,False,P53_HUMAN_Kotler_2018,C229N,228,2.76876435432,1,0.5829904079437256,-1.0207915306091309,32,-0.14394819736480713,True,0.09243310539370647,-,0.28680843365416997,0.5861365953109072,0.4849056603773585,0.6926605504587157,0.2,0.05603552,0.032043934,0.008730936,0.08419752,0.30478907,0.033314038,0.11623812,0.058578968,0.044411182,0.1230948,0.3931694,0.12166543,0.13389015,0.36888433,0.14323206,,,,,
35M,False,P53_HUMAN_Kotler_2018,N200S,199,2.8224596752900006,1,0.6284034252166748,1.975954532623291,32,-0.11516690254211426,True,0.17037407947436695,-,0.6043956880796362,0.7650356778797145,0.5498442367601246,0.9345056065239552,0.3,0.057613134,0.19053292,0.006821585,0.15548754,0.06759691,0.006139946,0.22542548,0.05648923,0.06617208,0.13989878,0.23203301,0.029736996,0.22628093,0.60848236,0.04868264,,,,,
35M,False,P53_HUMAN_Kotler_2018,K292Q,291,2.9613251577,1,-0.08920979499816895,0.16638517379760742,128,-0.004600346088409424,True,0.6083647848496826,H,0.24534747325660433,0.9854260089686098,,1.0,0.3,0.5371165,0.5371165,0.019695949,0.4693854,0.4228468,0.01022849,0.475451,0.42549682,0.070410535,0.46202016,0.19557834,0.092322685,0.34930897,0.06482482,0.10312486,,,,,
35M,False,P53_HUMAN_Kotler_2018,Q192R,191,3.4529363802900006,1,0.4039924144744873,1.7071304321289062,64,-0.05631279945373535,True,0.14260043705548078,-,0.41364344655846863,0.8424657534246576,0.7707547169811322,0.9337899543378996,0.2,0.085353374,0.0007956028,0.006550789,0.05840087,0.08649087,0.019835616,0.030019522,0.06679106,0.023533488,0.06966114,0.15477467,0.051211216,0.086113214,0.04631543,0.07980523,,,,,
8M-random,True,RASH_HUMAN_Bandaru_2017,K16A,15,-0.713288238,0,0.758983850479126,0.27932262420654297,32,0.0001264810562133789,True,0.0509723408044944,H,0.9389821081795927,0.41833333333333333,0.47719594594594594,0.9035416666666667,0.0,0.025450706,0.008904457,0.01071043,0.051758528,3.3140182e-05,0.011983776,0.106306076,0.006815195,0.024855757,0.22174764,0.036222696,0.023473214,0.14600158,0.061736345,0.015670966,,,,,
8M-random,True,RASH_HUMAN_Bandaru_2017,G10P,9,-0.6864486129999999,0,1.112614631652832,0.573451042175293,32,0.0003477334976196289,True,0.010302490615987696,-,0.9384649526185534,0.431390977443609,0.47316704459561604,0.7471804511278195,0.1,0.011601925,0.0060088634,0.007447052,0.024276018,0.0034697056,0.009065914,0.052337646,0.021519423,0.013455868,0.118775845,0.036101818,0.01853614,0.24686694,0.060260773,0.027673531,,,,,
8M-random,True,RASH_HUMAN_Bandaru_2017,V9E,8,-0.641523136,0,-0.6907262802124023,-0.08890199661254883,32,-6.580352783203125e-05,True,0.0,E,0.4150850433048219,0.6988436400201106,0.6602739726027398,0.7088989441930618,0.1,0.018598318,0.018280983,0.0063510896,0.037578583,0.020840168,0.01816678,0.077076435,0.032444,0.010155916,0.16152596,0.07133961,0.023516322,0.36485887,0.095899105,0.049037408,,,,,
8M-random,True,RASH_HUMAN_Bandaru_2017,A18F,17,-0.617044587,0,-0.4581129550933838,-0.2622218132019043,32,-0.0001412034034729004,True,0.18634515122072107,H,0.4483159371755039,0.3495670995670995,0.4198675496688742,0.7962662337662337,0.0,0.015238285,0.0047171116,0.0032526492,0.029477835,0.0012843609,0.005267763,0.055238724,0.006191492,0.0069599627,0.09642482,0.02301693,0.019601917,0.024257183,0.07356787,0.029202795,,,,,
8M-random,True,RASH_HUMAN_Bandaru_2017,C80N,79,-0.56647503,0,-0.5082707405090332,-0.35045456886291504,32,0.00019530951976776123,True,0.014936674053594588,E,0.4388840959793614,0.3801691729323308,0.40205479452054793,0.7194548872180451,0.1,0.03381276,0.013665199,0.0046685217,0.06818652,0.023364305,0.019035865,0.13834047,0.018696785,0.022692299,0.281672,0.02031064,0.03342371,0.33309364,0.011465788,0.06834879,,,,,
8M-random,True,RASH_HUMAN_Bandaru_2017,V112S,111,-0.553194161,0,0.19032645225524902,0.33144044876098633,32,0.00016883015632629395,True,0.0,E,0.3909834664072128,0.393796992481203,0.4457680250783699,0.6769266917293233,0.0,0.021106482,0.0036859512,0.014275217,0.04194212,0.009186745,0.028281212,0.082116365,0.016405106,0.013820219,0.15659451,0.004571438,0.045053862,0.15785408,0.054060698,0.05937214,,,,,
8M-random,True,RASH_HUMAN_Bandaru_2017,F90D,89,-0.51363865,0,-0.5960855484008789,-0.3778839111328125,32,-4.653632640838623e-05,True,0.06874286436928016,H,0.5096916198338064,0.4147812971342384,0.5644444444444444,0.8740573152337858,0.1,0.013926506,0.0029518604,0.007446146,0.028058052,0.0055077076,0.0072241784,0.05756378,0.0057144165,0.011607075,0.12061763,0.002454996,0.021447469,0.2428875,0.009431601,0.017233228,,,,,
8M-random,True,RASH_HUMAN_Bandaru_2017,I36A,35,-0.449476389,0,0.5626003742218018,0.28933000564575195,32,0.00013405084609985352,True,0.7517073410482512,-,0.3744640989972424,0.3527950310559006,0.46451612903225803,0.9496894409937888,0.0,0.024365664,0.0011270046,0.008207083,0.049077272,0.0051703453,0.018310975,0.10080075,0.018155575,0.037757207,0.21052098,0.011753082,0.044452764,0.3848369,0.09149909,0.051308967,,,,,
8M-random,True,RASH_HUMAN_Bandaru_2017,L6W,5,-0.3845987429999999,0,0.027016401290893555,0.5327575206756592,32,-0.0002117156982421875,True,0.0060081005773130166,E,0.46357970484217503,0.34958333333333336,0.26967592592592593,0.6316666666666666,0.0,0.016328573,0.006999016,0.0115273,0.032790184,0.025796175,0.012812662,0.065974,0.027810335,0.017959451,0.13365746,0.0072681904,0.028794622,0.29962707,0.019937754,0.05097852,,,,,
8M-random,True,RASH_HUMAN_Bandaru_2017,V160S,159,-0.382086326,0,0.19064927101135254,0.3314344882965088,32,0.00016959011554718018,True,0.0,H,0.2477344180162433,0.4117647058823529,0.41721854304635764,0.6882855706385118,0.0,0.02105403,0.00024437904,0.011162186,0.04177165,0.003758192,0.014334058,0.08195567,0.036238194,0.034072828,0.15634608,0.040070534,0.023508454,0.15715289,0.04679227,0.02910924,,,,,
8M-random,True,TPK1_HUMAN_Weile_2017,G58D,57,-0.384796154,0,0.503760814666748,0.3019540309906006,32,0.00014990568161010742,True,0.803611546806635,-,,0.20903361344537816,,1.0,0.0,0.0075616837,0.0038135052,0.0050537586,0.015267372,0.0073821545,0.0044624805,0.031320572,0.0063872337,0.0052149296,0.06942797,0.005990982,0.008295727,0.13248396,0.009369373,0.019283343,,,,,
8M-random,True,TPK1_HUMAN_Weile_2017,L108C,107,-0.249981329,0,0.42471933364868164,0.30982542037963867,32,-0.0001618713140487671,True,0.0060081005773130166,H,0.4608380114717149,0.41102756892230574,0.4609144542772861,0.7963659147869674,0.1,0.019960403,0.019129038,0.0073997974,0.040266752,0.027307272,0.00488863,0.081091166,0.02229476,0.020934915,0.16692972,0.031304836,0.035168268,0.25913954,0.053967237,0.03426547,,,,,
8M-random,True,TPK1_HUMAN_Weile_2017,R60Y,59,-0.19757657,0,-0.5101816654205322,-0.26545190811157227,32,-0.00022137165069580078,True,0.1745349635401652,H,,0.5560802833530106,0.42503639010189226,0.9691066509248327,0.1,0.026991606,0.013905525,0.0051008225,0.054173708,0.027936935,0.010285139,0.109609365,0.0028817654,0.012871599,0.22230291,0.029647112,0.024083043,0.36435413,0.05564332,0.03951626,,,,,
8M-random,True,TPK1_HUMAN_Weile_2017,Q134S,133,-0.193491114,0,0.6346850395202637,0.916856050491333,32,3.129243850708008e-05,True,0.3481022611001568,H,0.8290985982342813,0.5504310344827585,0.8304347826086956,0.9724137931034483,0.0,0.011891842,0.0021910667,0.008701039,0.023631096,0.01275444,0.0030439377,0.047050476,0.010674953,0.017136574,0.034465313,0.014604092,0.021869516,0.19699073,0.006147623,0.051188994,,,,,
8M-random,True,TPK1_HUMAN_Weile_2017,D73L,72,-0.131147835,0,0.4946706295013428,0.29320406913757324,32,9.243190288543701e-05,True,0.6249943024707248,-,0.9939944936946905,0.6329113924050633,0.5757575757575757,0.9573839662447258,0.0,0.013891935,0.0076258183,0.0059073926,0.027996302,0.020199537,0.0052927495,0.056586266,0.01569581,0.011005354,0.11489582,0.023105145,0.008553219,0.16655207,0.044407606,0.025580883,,,,,
8M-random,True,TPK1_HUMAN_Weile_2017,K242C,241,-0.108572682,0,0.48096227645874023,0.24344182014465332,32,-0.00013586878776550293,True,0.5011805124151704,-,,0.44017094017094016,0.33766233766233766,0.8333333333333334,0.0,0.013973713,0.0041980743,0.006503439,0.027604818,0.0058312416,0.01329422,0.054025173,0.02556467,0.007814646,0.10322404,0.04552865,0.013455677,0.20934105,0.030476332,0.021056127,,,,,
8M-random,True,TPK1_HUMAN_Weile_2017,G168K,167,-0.074332424,0,0.9357056617736816,0.661736011505127,32,0.00021582841873168945,True,0.24165493182872716,E,0.35732377556356865,0.4744873628993801,0.48026315789473684,0.720076299475441,0.0,0.010807037,0.0011978149,0.007361269,0.021853924,0.011262178,0.005999279,0.04459405,0.011428356,0.012359524,0.09232998,0.015883684,0.015575314,0.21320248,0.000824213,0.030056477,,,,,
8M-random,True,TPK1_HUMAN_Weile_2017,E2M,1,-0.0480906059999999,0,0.5175514221191406,-0.1867365837097168,32,0.00018215179443359375,True,0.47530403440505753,E,,0.2718926553672317,0.19885550786838338,0.652542372881356,0.0,0.016554117,0.0018033981,0.0041528223,0.03325367,0.003107071,0.006053877,0.067435026,0.0116250515,0.008171892,0.13794947,0.013945341,0.018094063,0.27802658,0.025067806,0.023591708,,,,,
8M-random,True,TPK1_HUMAN_Weile_2017,C20R,19,-0.044233659,0,-0.05236053466796875,-0.037508487701416016,32,0.00023646652698516846,True,0.0,E,0.35153392730676114,0.5749446902654867,0.5370565507551809,0.7137721238938053,0.0,0.030891895,0.0062835217,0.017537689,0.061540604,0.0005505085,0.010613251,0.12227988,0.016545773,0.01968274,0.23938775,0.019387245,0.031369783,0.48418665,0.011439085,0.052092362,,,,,
8M-random,True,TPK1_HUMAN_Weile_2017,Q109W,108,-0.006075737,0,0.5434467792510986,0.8772509098052979,32,-0.00017547607421875,True,0.08668142823444798,H,0.16801535105827115,0.4911452184179457,0.27219796215429404,0.9171585989767808,0.0,0.017307997,0.0058751106,0.0040599825,0.0345726,0.0018727779,0.0055692196,0.06942773,0.0029075146,0.007282543,0.13968873,0.009211302,0.018936206,0.22927475,0.013589621,0.016415883,,,,,
8M-random,True,OTC_HUMAN_Lo_2023,C303F,302,-0.025,0,-0.3036384582519531,-0.22609663009643555,32,0.00010877847671508789,True,0.1342463867777426,-,0.6920023488629257,0.4716129032258064,0.40264026402640263,0.6643548387096774,0.1,0.01355052,0.005500555,0.006020403,0.02722621,0.0048770905,0.0056025507,0.054457903,0.0049991608,0.010514164,0.109446764,0.010861397,0.0064146044,0.19566393,0.008984804,0.019056892,,,,,
8M-random,True,OTC_HUMAN_Lo_2023,A253P,252,-0.013,0,-0.005540609359741211,-0.36774611473083496,32,-1.9073486328125e-06,True,0.0,H,0.5394919025657439,0.3760504201680672,0.43956953642384106,0.8790849673202614,0.1,0.009212494,0.00039601326,0.0045870305,0.018461466,0.00080275536,0.012104606,0.037195683,0.002952814,0.019448757,0.075172186,0.0068762302,0.010614443,0.15161514,0.02700138,0.03135109,,,,,
8M-random,True,OTC_HUMAN_Lo_2023,A233V,232,-0.009,0,-0.3451039791107178,-0.10130691528320312,32,-0.0002545863389968872,True,0.04258499466892091,H,0.4068404558360441,0.5954715219421102,0.6776315789473685,0.9626517273576097,0.0,0.01498127,0.006645441,0.0066778185,0.03015232,0.0016829967,0.005412817,0.061237812,0.0027866364,0.017796755,0.12651038,0.0070369244,0.012253189,0.26510787,0.010891676,0.042219304,,,,,
8M-random,True,OTC_HUMAN_Lo_2023,R330I,329,-0.004,0,-0.019544124603271484,-0.2128744125366211,32,-0.00011362135410308838,True,0.03708863388961864,H,0.6670829080641898,0.4122315592903828,0.3947368421052631,0.7061157796451915,0.0,0.019002676,0.0050127506,0.0036273957,0.03809619,0.0019567013,0.013508892,0.07639384,0.0010519028,0.014488459,0.1535542,0.016575813,0.0088328365,0.3049059,0.06718087,0.042805195,,,,,
8M-random,True,OTC_HUMAN_Lo_2023,T230P,229,-0.002,0,0.5173931121826172,0.14692234992980957,32,2.3066997528076172e-05,True,0.12479633433002385,H,0.2393285758509408,0.44805194805194803,0.29315960912052114,0.9837662337662338,0.0,0.0072164536,0.005749464,0.0043201447,0.014513493,0.015136242,0.007347393,0.029817104,0.013128519,0.0050596236,0.06311345,0.018372536,0.016017914,0.14836049,0.0014910698,0.02021866,,,,,
8M-random,True,OTC_HUMAN_Lo_2023,E87K,86,0.001,0,0.32776546478271484,-0.08890461921691895,32,0.0001806318759918213,True,0.2745615608758166,-,0.35602999427918114,0.4238782051282051,0.3862295081967213,0.8415464743589745,0.0,0.008660793,0.006277323,0.004656172,0.017629862,0.0007531643,0.008706331,0.036118984,0.01282382,0.0071879863,0.07549238,0.016670227,0.011352015,0.16106749,0.024196625,0.024412965,,,,,
8M-random,True,OTC_HUMAN_Lo_2023,D263H,262,0.002,0,0.2917172908782959,0.07627081871032715,32,-1.9282102584838867e-05,True,0.05551601160946737,-,0.637419416429553,0.5354547732397896,0.5256622516556291,0.7934101728890002,0.1,0.019097567,0.0065569878,0.0065303324,0.03799057,0.013160467,0.0056572435,0.07555413,0.021635294,0.013846254,0.05954981,0.0008864403,0.01777711,0.038791418,0.0057222843,0.013614464,,,,,
8M-random,True,OTC_HUMAN_Lo_2023,G197E,196,0.005,0,0.6297030448913574,0.7492818832397461,32,3.4421682357788086e-05,True,0.13393237800784005,-,0.31609318929706665,0.5069137981759341,0.4544956140350877,0.9239482200647249,0.0,0.011745453,0.005040884,0.0034066201,0.023346186,0.011994123,0.004041338,0.04603243,0.015613079,0.006878519,0.051457882,0.04256916,0.012454557,0.02925539,0.044843674,0.014570189,,,,,
8M-random,True,OTC_HUMAN_Lo_2023,H182L,181,0.0069999999999999,0,0.252549409866333,0.21655988693237305,32,0.00010705739259719849,True,0.4132336532799633,H,0.21089041434655886,0.570203644158628,0.6156351791530945,0.7225794926759557,0.0,0.017450094,0.0010213852,0.006078863,0.034873486,0.0059714317,0.012043238,0.069561005,0.0061159134,0.017510558,0.035358667,0.010127783,0.010034514,0.09725642,0.02166152,0.014449453,,,,,
8M-random,True,OTC_HUMAN_Lo_2023,T247A,246,0.022,0,0.5332353115081787,0.5147247314453125,32,2.529844641685486e-05,True,0.09581623800507207,E,0.25776443608915345,0.36834583779921404,0.1503267973856209,0.9412290103608432,0.0,0.009810686,0.002017498,0.0035696507,0.019493103,0.0075552464,0.0074962615,0.03847432,0.0138299465,0.012197971,0.07435918,0.02320528,0.005167532,0.13674688,0.026627779,0.0075823786,,,,,
8M-random,True,HEM3_HUMAN_Loggerenberg_2023,A31E,30,0.0,0,-0.84596848487854,-0.18856287002563477,32,-0.00030726194381713867,True,0.08425313135162207,H,0.9330322382551645,0.511984392419175,0.5413870246085011,0.9735228539576366,0.0,0.015964031,0.00858593,0.0053477287,0.032272577,0.0049324036,0.008780718,0.06570196,0.0017766953,0.014798117,0.13587332,0.0063476562,0.012178659,0.28708267,0.049182415,0.020895243,,,,,
8M-random,True,HEM3_HUMAN_Loggerenberg_2023,D99K,98,0.0,0,0.3904764652252197,0.35836005210876465,32,6.354600191116333e-05,True,0.42836426460267546,H,0.9930215962451286,0.5431693989071038,0.44666666666666666,0.9781420765027322,0.0,0.017491579,0.00039553642,0.0021931648,0.03505826,0.012431383,0.0012454033,0.07032204,0.015501976,0.00858283,0.14129996,0.010550499,0.007825089,0.072538614,0.018641233,0.01565156,,,,,
8M-random,True,HEM3_HUMAN_Loggerenberg_2023,G280T,279,0.0,0,0.891035795211792,0.42316222190856934,32,0.00031682848930358887,True,0.0,E,0.61174715135269,0.5042792792792793,0.4614420062695925,0.8968468468468469,0.0,0.011111259,0.00020217896,0.0010858059,0.022403002,0.015570402,0.004250145,0.045578003,0.0074999332,0.010118532,0.09392381,0.012416124,0.008242512,0.1969831,0.04469657,0.025065279,,,,,
8M-random,True,HEM3_HUMAN_Loggerenberg_2023,I21Q,20,0.0,0,-0.8018381595611572,-0.40422940254211426,32,-3.4868717193603516e-06,True,0.006130092467207697,E,0.5033830421972771,0.66133195663397,0.6723356009070295,0.8520908621579762,0.0,0.013370991,0.006788969,0.006947565,0.026756287,0.012438774,0.008113289,0.053487778,0.025188684,0.004396057,0.10734105,0.014551401,0.016829778,0.21432948,0.03141308,0.014563275,,,,,
8M-random,True,HEM3_HUMAN_Loggerenberg_2023,L193W,192,0.0,0,0.03491568565368652,0.532353401184082,32,-0.00021404027938842773,True,0.0060081005773130166,H,0.7729228989961957,0.4885593220338983,0.5412429378531074,0.9389830508474576,0.1,0.009747028,0.003243208,0.004422188,0.019584894,0.006410837,0.011230421,0.03922224,0.003096342,0.011485147,0.07913518,0.040243864,0.014528895,0.16123557,0.052845,0.018136691,,,,,
8M-random,True,HEM3_HUMAN_Loggerenberg_2023,L85H,84,0.0,0,-0.21738958358764648,-0.21658039093017578,32,-0.0001019500195980072,True,0.0060081005773130166,H,0.7378072709914963,0.37521186440677967,0.33381924198250723,0.8854872881355933,0.0,0.01640439,0.0011808872,0.005784464,0.032666445,0.0018115044,0.006843424,0.06476617,0.00046133995,0.00729537,0.09674859,0.005815029,0.013737631,0.04024744,0.00942111,0.018584156,,,,,
8M-random,True,HEM3_HUMAN_Loggerenberg_2023,S96Q,95,0.0,0,-0.8403246402740479,-0.9175930023193359,32,-5.151331424713135e-05,True,0.1138088353260817,E,0.9394520185229221,0.39715719063545146,0.4922254616132167,0.7027591973244147,0.0,0.0114815235,0.00049614906,0.0015599728,0.023106813,0.003386259,0.0030043602,0.04640317,0.021886587,0.006479216,0.094258785,0.029955149,0.00965023,0.19316912,0.051121235,0.026812505,,,,,
8M-random,True,HEM3_HUMAN_Loggerenberg_2023,T294D,293,0.0,0,-0.299546480178833,-0.12118339538574219,32,-0.00016900897026062012,True,0.4564942347504638,E,0.2151963235553458,0.4289919058130979,0.3371621621621622,0.95345842531273,0.0,0.009652138,0.0015201569,0.0038805485,0.01936841,0.0024211407,0.004719162,0.038948298,0.00061273575,0.006280708,0.078754425,0.003780365,0.009507036,0.1604867,0.004682064,0.013366461,,,,,
8M-random,True,HEM3_HUMAN_Loggerenberg_2023,L220N,219,0.004407187,0,-0.10563921928405762,-0.043868303298950195,32,4.772096872329712e-05,True,0.05407290519581715,E,0.6507472285333428,0.47811447811447816,0.5491408934707904,0.4387926887926888,0.0,0.014952421,0.0034708977,0.0052663325,0.030048132,0.005065918,0.007526922,0.060581684,0.01570797,0.009274721,0.12297368,0.022318602,0.018189574,0.22586775,0.05646491,0.03336201,,,,,
8M-random,True,HEM3_HUMAN_Loggerenberg_2023,K43P,42,0.038121443,0,0.27176570892333984,-0.09031033515930176,32,0.00012505054473876953,True,0.40144277302166187,H,0.20053563534136665,0.44485049833887047,0.5066889632107023,0.9973421926910299,0.0,0.009528875,0.003878355,0.0025761127,0.019116879,0.006121397,0.004034996,0.038603544,9.179115e-05,0.01165204,0.07871938,0.0024416447,0.008831406,0.16217995,0.0016977787,0.018167783,,,,,
8M-random,True,P53_HUMAN_Kotler_2018,G245V,244,-0.592215009066,0,0.6446108818054199,0.836754322052002,32,6.413459777832031e-05,True,0.06574290115680682,-,0.9808705316198209,0.27004608294930876,0.25754716981132075,0.8046082949308756,0.1,0.007965565,0.00013923645,0.0053231716,0.015856266,0.00048589706,0.009583521,0.031689644,0.008456945,0.008580685,0.06331134,0.0014443398,0.012858486,0.0917716,0.008466005,0.016215896,,,,,
8M-random,True,P53_HUMAN_Kotler_2018,K132E,131,-0.475880860851,0,-0.18218207359313965,0.08950185775756836,32,-0.00016450881958007812,True,0.0509723408044944,E,0.9843099475610887,0.6147286821705427,0.5952380952380952,0.6007751937984496,0.1,0.008656979,0.00769186,0.0030773163,0.017385244,0.0021088123,0.008974696,0.03522873,0.016624212,0.007442427,0.07256508,0.016867638,0.015505552,0.15166497,0.017019272,0.012401914,,,,,
8M-random,True,P53_HUMAN_Kotler_2018,R273Y,272,-0.429437223302,0,-0.8528378009796143,-0.2647669315338135,32,-0.00022047758102416992,True,0.2898635177934437,E,0.9856384592867662,0.5611071171818836,0.5394736842105263,0.7111790079079798,0.1,0.011572599,0.0006644726,0.0059152124,0.023326397,0.0011429787,0.0036069392,0.047314882,0.0021355152,0.004006767,0.09727287,0.015036106,0.014656305,0.20479965,0.021413803,0.029858112,,,,,
8M-random,True,P53_HUMAN_Kotler_2018,R158F,157,-0.306452974336,0,-0.6119980812072754,-0.18989133834838867,32,-0.00014197826385498047,True,0.1526687907311831,E,0.9601485486964844,0.5815668202764976,0.556872037914692,0.6476958525345622,0.1,0.008414507,0.0010399818,0.006655884,0.017006397,0.00955081,0.007840395,0.034739733,0.019270658,0.011937141,0.07233,0.024599552,0.014172125,0.15411568,0.03711176,0.019968415,,,,,
8M-random,True,P53_HUMAN_Kotler_2018,Y236D,235,-0.280802766191,0,-0.03580141067504883,-0.30080628395080566,32,3.835558891296387e-05,True,0.0,E,0.786475641638724,0.47843278217109997,0.42628205128205127,0.6583393242271748,0.3,0.009173632,0.0022041798,0.0029997348,0.018454552,0.0014557838,0.0048841,0.037394047,2.1457672e-05,0.006947136,0.07650018,0.0012521744,0.010005379,0.12011576,0.017157316,0.0055618286,,,,,
8M-random,True,P53_HUMAN_Kotler_2018,E285K,284,-0.228999631141,0,0.17607402801513672,-0.08944582939147949,32,0.00016543269157409668,True,0.2392569343248707,H,0.8334938188919219,0.45658914728682176,0.47183098591549294,0.7887596899224806,0.0,0.008738041,0.0032448769,0.0050869463,0.017597198,0.0024485588,0.0055674077,0.03576064,0.00410676,0.013289308,0.073515415,0.0013365746,0.0079853535,0.15329504,0.010118961,0.01364131,,,,,
8M-random,True,P53_HUMAN_Kotler_2018,R181P,180,-0.145879482865,0,-0.3869903087615967,-0.29774951934814453,32,7.845461368560791e-06,True,0.7073706330422379,-,0.44605035655186975,0.45324283559577677,0.6181818181818182,0.9928355957767723,0.0,0.008107424,0.007131338,0.006263542,0.016433954,0.005428076,0.011804056,0.033423185,0.012382507,0.0106527805,0.068477154,0.015995264,0.012370777,0.14248967,0.028870106,0.02392826,,,,,
8M-random,True,P53_HUMAN_Kotler_2018,V272M,271,-0.136193811083,0,0.37566041946411133,-0.2752368450164795,32,0.00013697147369384766,True,0.018473431449357248,E,0.8971023801647344,0.4992810927390367,0.49145299145299143,0.6908698777857656,0.1,0.010654688,0.0042538643,0.0064841746,0.021406174,0.0064384937,0.015529966,0.043278217,0.008038521,0.008612061,0.08759475,0.014317751,0.014835072,0.17934108,0.0083396435,0.010462093,,,,,
8M-random,True,P53_HUMAN_Kotler_2018,P190L,189,-0.051115294685,0,0.06740379333496094,0.024959087371826172,32,-8.391216397285461e-05,True,0.19747379633357123,-,0.549368967717122,0.3506787330316742,0.37557603686635943,0.9653092006033182,0.0,0.0060691833,0.0024869442,0.0024376393,0.012239933,5.4597855e-05,0.0041861534,0.024650335,0.0018987656,0.008525753,0.049403667,0.006307125,0.014625549,0.10461044,0.0018265247,0.018207502,,,,,
8M-random,True,P53_HUMAN_Kotler_2018,N239D,238,0.024725172956,0,-0.15819215774536133,-0.2485644817352295,32,-0.00015437602996826172,True,0.19267577851098577,-,0.8077811028970463,0.382262996941896,0.41792452830188676,0.8152395514780837,0.1,0.007202387,0.0028421879,0.0051472187,0.014423132,0.004940748,0.0039405823,0.028494596,0.010181189,0.0060577868,0.055576563,0.017619133,0.01386404,0.10422397,0.018152952,0.014906978,,,,,
35M-random,True,RASH_HUMAN_Bandaru_2017,K16A,15,-0.713288238,0,-0.3379192352294922,0.3789513111114502,32,-0.0004063844680786133,True,0.0509723408044944,H,0.9389821081795927,0.5208333333333334,0.39273648648648646,0.9035416666666667,0.1,0.024717093,0.0010616779,0.016426563,0.04969263,0.0014162064,0.015928889,0.1019609,0.034112215,0.035830736,0.21090436,0.010307312,0.033204176,0.4134438,0.07180643,0.023613596,,,,,
35M-random,True,RASH_HUMAN_Bandaru_2017,G10P,9,-0.6864486129999999,0,-0.2863478660583496,-1.1293437480926514,32,0.00011861324310302734,True,0.010302490615987696,-,0.9384649526185534,0.5178571428571428,0.5064247921390779,0.7471804511278195,0.0,0.0075306892,0.022356987,0.019919395,0.014881611,0.011296034,0.02002139,0.031481743,0.0017175674,0.010093403,0.070518255,0.003227234,0.018166494,0.18310976,0.026636362,0.07540937,,,,,
35M-random,True,RASH_HUMAN_Bandaru_2017,V9E,8,-0.641523136,0,-0.49716615676879883,-0.5964703559875488,32,-1.2025237083435059e-05,True,0.0,E,0.4150850433048219,0.6038210155857215,0.6404109589041096,0.7088989441930618,0.1,0.020575762,0.02043271,0.007220888,0.0415318,0.00041222572,0.010646629,0.084272146,0.006795168,0.02783661,0.17217231,0.043083668,0.035379507,0.35688448,0.020637035,0.04087429,,,,,
35M-random,True,RASH_HUMAN_Bandaru_2017,A18F,17,-0.617044587,0,0.47272300720214844,-0.02934432029724121,32,0.00028765201568603516,True,0.18634515122072107,H,0.4483159371755039,0.5411255411255411,0.552317880794702,0.7962662337662337,0.0,0.020545483,0.007448435,0.0129003525,0.041439295,0.01652956,0.013880444,0.084662676,0.058754683,0.020589542,0.16292834,0.040944576,0.044314336,0.3339491,0.021115303,0.014375687,,,,,
35M-random,True,RASH_HUMAN_Bandaru_2017,C80N,79,-0.56647503,0,0.49977874755859375,0.7767062187194824,32,8.58306884765625e-05,True,0.014936674053594588,E,0.4388840959793614,0.28101503759398494,0.32876712328767127,0.7194548872180451,0.0,0.015994787,0.023907661,0.010459709,0.03187895,0.012648106,0.018501043,0.061655283,0.004216194,0.034082174,0.11362338,0.0145897865,0.032338,0.19077969,0.065609455,0.019097948,,,,,
35M-random,True,RASH_HUMAN_Bandaru_2017,V112S,111,-0.553194161,0,-0.27776503562927246,-0.6326556205749512,32,-0.00024324655532836914,True,0.0,E,0.3909834664072128,0.5089285714285714,0.5391849529780565,0.6769266917293233,0.0,0.04365015,0.0026016235,0.010597372,0.088354826,0.00079226494,0.019198274,0.17713213,0.021975994,0.02991147,0.35434055,0.02664566,0.036020707,0.40450597,0.045274496,0.080210544,,,,,
35M-random,True,RASH_HUMAN_Bandaru_2017,F90D,89,-0.51363865,0,-0.31072449684143066,-0.45927858352661133,32,-5.1409006118774414e-05,True,0.06874286436928016,H,0.5096916198338064,0.5696329813976873,0.6200000000000001,0.8740573152337858,0.1,0.031695127,0.008034229,0.015751075,0.062268496,0.0120232105,0.009088183,0.12145662,0.020865679,0.022559833,0.22590661,0.028137684,0.054828502,0.09642744,0.062612295,0.05722771,,,,,
35M-random,True,RASH_HUMAN_Bandaru_2017,I36A,35,-0.449476389,0,-0.593616247177124,0.3104898929595947,32,-0.00015974044799804688,True,0.7517073410482512,-,0.3744640989972424,0.5217391304347826,0.967741935483871,0.9496894409937888,0.1,0.025885105,0.036124945,0.013562965,0.052746296,0.029478312,0.015709305,0.10917592,0.0644021,0.027673054,0.23144746,0.069322824,0.040766954,0.19204497,0.07266712,0.05004673,,,,,
35M-random,True,RASH_HUMAN_Bandaru_2017,L6W,5,-0.3845987429999999,0,1.1781659126281738,1.174767017364502,32,-1.226179301738739e-05,True,0.0060081005773130166,E,0.46357970484217503,0.45708333333333334,0.40509259259259256,0.6316666666666666,0.2,0.025280952,0.010421276,0.013011312,0.048356533,0.02627039,0.020336151,0.08758283,0.043474197,0.015412807,0.008717775,0.035083532,0.032815408,0.23299861,0.0038580894,0.07510104,,,,,
35M-random,True,RASH_HUMAN_Bandaru_2017,V160S,159,-0.382086326,0,-0.2817673683166504,-0.6326744556427002,32,-0.00024369359016418457,True,0.0,H,0.2477344180162433,0.5369532428355959,0.6225165562913908,0.6882855706385118,0.0,0.0438385,0.009717464,0.006204939,0.088493586,0.0069851875,0.012805986,0.17804813,0.022928953,0.015788127,0.35459733,0.049073458,0.04262533,0.40511036,0.01513052,0.032015134,,,,,
35M-random,True,TPK1_HUMAN_Weile_2017,G58D,57,-0.384796154,0,-0.5608532428741455,-0.6586153507232666,32,5.103647708892822e-05,True,0.803611546806635,-,,0.8151260504201682,,1.0,0.1,0.017921686,0.0029633045,0.009031916,0.035584927,0.006640196,0.0060871122,0.070060015,0.013660431,0.012845373,0.13394594,0.010494471,0.021045636,0.0243814,0.0025441647,0.02329259,,,,,
35M-random,True,TPK1_HUMAN_Weile_2017,L108C,107,-0.249981329,0,0.11173248291015625,-0.010942459106445312,32,-0.000245019793510437,True,0.0060081005773130166,H,0.4608380114717149,0.4598997493734336,0.5553097345132743,0.7963659147869674,0.0,0.026838303,0.00894165,0.005984211,0.053617954,5.6266785e-05,0.022413159,0.10697508,0.0024485588,0.009465313,0.20968866,0.01198101,0.03551922,0.34765792,0.041745186,0.031992815,,,,,
35M-random,True,TPK1_HUMAN_Weile_2017,R60Y,59,-0.19757657,0,-0.14789390563964844,0.992548942565918,32,-7.343292236328125e-05,True,0.1745349635401652,H,,0.5777253049980323,0.5909752547307132,0.9691066509248327,0.0,0.022251844,0.0013449192,0.016782332,0.045301437,0.002727747,0.023473978,0.094052315,0.007037163,0.03443346,0.2024455,0.0001449585,0.030650426,0.46206474,0.0014586449,0.037333824,,,,,
35M-random,True,TPK1_HUMAN_Weile_2017,Q134S,133,-0.193491114,0,0.28339266777038574,-0.9700186252593994,32,-0.00010156631469726562,True,0.3481022611001568,H,0.8290985982342813,0.31767241379310346,0.4565217391304348,0.9724137931034483,0.0,0.017369032,0.000320673,0.010382938,0.03591132,0.01042676,0.009788847,0.07626271,0.00218153,0.029977083,0.16991091,0.011608839,0.026357602,0.40354347,0.034264088,0.05768318,,,,,
35M-random,True,TPK1_HUMAN_Weile_2017,D73L,72,-0.131147835,0,-0.4986002445220947,-0.4640212059020996,32,3.053620457649231e-05,True,0.6249943024707248,-,0.9939944936946905,0.5789029535864979,0.670995670995671,0.9573839662447258,0.1,0.014453888,0.015156984,0.009326744,0.028538704,0.032799006,0.015557909,0.059829235,0.051180124,0.011869097,0.120907545,0.042051554,0.014986992,0.14879704,0.0927968,0.033652782,,,,,
35M-random,True,TPK1_HUMAN_Weile_2017,K242C,241,-0.108572682,0,-0.4226078987121582,-0.5870869159698486,32,-0.0003862231969833374,True,0.5011805124151704,-,,0.4444444444444444,0.3809523809523809,0.8333333333333334,0.0,0.027857542,0.004608631,0.0042235376,0.05568266,0.022488594,0.021983718,0.11064911,0.03359723,0.023816252,0.2176497,0.0014982224,0.025199175,0.39914727,0.06271839,0.04478202,,,,,
35M-random,True,TPK1_HUMAN_Weile_2017,G168K,167,-0.074332424,0,-0.490734338760376,-0.5463461875915527,32,0.00022434070706367493,True,0.24165493182872716,E,0.35732377556356865,0.6185026227944683,0.7565789473684211,0.720076299475441,0.1,0.022419214,0.0007236004,0.0058363914,0.044196606,0.0072214603,0.015893077,0.08601761,0.0149178505,0.023434972,0.11698341,0.034995317,0.027944708,0.112174034,0.018343925,0.027194928,,,,,
35M-random,True,TPK1_HUMAN_Weile_2017,E2M,1,-0.0480906059999999,0,-0.24861359596252441,-0.059516191482543945,32,0.00025078654289245605,True,0.47530403440505753,E,,0.6271186440677967,0.5665236051502146,0.652542372881356,0.0,0.018176317,0.011149645,0.01016736,0.035551786,0.0028941631,0.018478584,0.06813049,0.005649328,0.019533206,0.12476349,0.019223213,0.045369722,0.07049036,0.054039,0.051643323,,,,,
35M-random,True,TPK1_HUMAN_Weile_2017,C20R,19,-0.044233659,0,0.19188261032104492,-0.3068552017211914,32,0.0003109872341156006,True,0.0,E,0.35153392730676114,0.4941924778761062,0.4703196347031964,0.7137721238938053,0.0,0.016807556,0.0009012222,0.013290596,0.033938885,0.011237621,0.016253043,0.067928314,0.018271923,0.013163996,0.13802123,0.016070604,0.022473669,0.24183273,0.012620449,0.025927877,,,,,
35M-random,True,TPK1_HUMAN_Weile_2017,Q109W,108,-0.006075737,0,0.7780237197875977,-0.061087846755981445,32,0.0002765655517578125,True,0.08668142823444798,H,0.16801535105827115,0.4939000393545848,0.43522561863173215,0.9171585989767808,0.1,0.01945448,0.0037477016,0.010010719,0.039299965,0.0062043667,0.012777185,0.08133674,0.018226862,0.015369797,0.17424893,0.026639938,0.02479806,0.3849063,0.082815886,0.038517047,,,,,
35M-random,True,OTC_HUMAN_Lo_2023,C303F,302,-0.025,0,0.2206580638885498,0.9347941875457764,32,0.00023764371871948242,True,0.1342463867777426,-,0.6920023488629257,0.5193548387096775,0.388024516737388,0.6643548387096774,0.0,0.022536755,0.006481886,0.008801794,0.04488969,0.011387825,0.010495663,0.027664661,0.010158062,0.006199026,0.008518219,0.004970789,0.00904336,0.09071255,0.025704384,0.042063095,,,,,
35M-random,True,OTC_HUMAN_Lo_2023,A253P,252,-0.013,0,-0.11222434043884277,-0.9687480926513672,32,0.0002942085266113281,True,0.0,H,0.5394919025657439,0.38001867413632123,0.34230132450331124,0.8790849673202614,0.1,0.008311033,0.003799677,0.0050188066,0.016943216,0.012372732,0.007375717,0.034619093,0.0044620037,0.008975935,0.072363615,0.0045719147,0.01823926,0.15233111,0.006662369,0.030677414,,,,,
35M-random,True,OTC_HUMAN_Lo_2023,A233V,232,-0.009,0,0.28107643127441406,-0.05715608596801758,32,9.751319885253906e-05,True,0.04258499466892091,H,0.4068404558360441,0.4759570494864612,0.41885964912280693,0.9626517273576097,0.0,0.014237642,0.011370659,0.003484392,0.028423548,0.013880968,0.00748353,0.05680132,0.008998632,0.0106426235,0.11346388,0.0019655228,0.015850639,0.04515052,0.0075981617,0.020456314,,,,,
35M-random,True,OTC_HUMAN_Lo_2023,R330I,329,-0.004,0,0.6259567737579346,0.9679131507873535,32,-0.0001557767391204834,True,0.03708863388961864,H,0.6670829080641898,0.6281512605042017,0.5537280701754386,0.7061157796451915,0.1,0.017604113,0.007553339,0.0046320437,0.03518343,0.0047166348,0.012698889,0.070244074,0.0035681725,0.019623328,0.13928199,9.608269e-05,0.01743703,0.26913905,0.035140276,0.041047048,,,,,
35M-random,True,OTC_HUMAN_Lo_2023,T230P,229,-0.002,0,0.19630646705627441,-0.11983442306518555,32,0.00028377771377563477,True,0.12479633433002385,H,0.2393285758509408,0.5714285714285715,0.5602605863192183,0.9837662337662338,0.0,0.025167942,0.0021517277,0.004551363,0.050174475,0.0015032291,0.012080288,0.100437164,0.0028603077,0.004450655,0.1980586,0.009337664,0.030042838,0.3794706,0.00518775,0.02992878,,,,,
35M-random,True,OTC_HUMAN_Lo_2023,E87K,86,0.001,0,0.5295593738555908,0.275238037109375,32,0.00030678510665893555,True,0.2745615608758166,-,0.35602999427918114,0.6967147435897436,0.6301639344262295,0.8415464743589745,0.1,0.023316145,0.0071508884,0.007543564,0.04663086,0.030231714,0.016144704,0.093660116,0.018903017,0.0062159537,0.18892622,0.020488262,0.034822367,0.366755,0.016960144,0.04654317,,,,,
35M-random,True,OTC_HUMAN_Lo_2023,D263H,262,0.002,0,-0.5903410911560059,-0.7035088539123535,32,-7.82310962677002e-06,True,0.05551601160946737,-,0.637419416429553,0.4953645702831371,0.38617549668874174,0.7934101728890002,0.0,0.017989874,0.013545752,0.006758404,0.03622341,0.027516842,0.019689417,0.073313236,0.038939,0.014932156,0.1506381,0.00037431717,0.024235915,0.31199598,0.006951332,0.025629044,,,,,
35M-random,True,OTC_HUMAN_Lo_2023,G197E,196,0.005,0,-1.100966453552246,-0.8193097114562988,32,-9.125471115112305e-05,True,0.13393237800784005,-,0.31609318929706665,0.4842600764930862,0.5586622807017544,0.9239482200647249,0.0,0.013767242,0.015228748,0.0063473224,0.027832031,0.0011248589,0.017932225,0.05648446,0.012516737,0.019616555,0.116182804,0.008852243,0.025687123,0.23987627,0.020971537,0.029640054,,,,,
35M-random,True,OTC_HUMAN_Lo_2023,H182L,181,0.0069999999999999,0,-0.22050738334655762,0.23952579498291016,32,1.4662742614746094e-05,True,0.4132336532799633,H,0.21089041434655886,0.43837084673097537,0.5200868621064061,0.7225794926759557,0.0,0.017776012,0.004155159,0.009393883,0.035679102,0.0025560856,0.010017252,0.07210231,0.008916616,0.01422286,0.14606261,0.0029017925,0.018914605,0.29483008,0.0062434673,0.022609662,,,,,
35M-random,True,OTC_HUMAN_Lo_2023,T247A,246,0.022,0,0.30315399169921875,0.8488903045654297,32,-1.1801719665527344e-05,True,0.09581623800507207,E,0.25776443608915345,0.38406573776348696,0.058006535947712407,0.9412290103608432,0.1,0.014591217,0.004456997,0.0057107927,0.0289464,0.0066633224,0.009883499,0.05692029,0.00563097,0.015179491,0.10841513,0.008874893,0.022454072,0.19292855,0.00083231926,0.03149738,,,,,
35M-random,True,HEM3_HUMAN_Loggerenberg_2023,A31E,30,0.0,0,0.29749298095703125,-0.6537652015686035,32,0.00016570091247558594,True,0.08425313135162207,H,0.9330322382551645,0.36845039018952064,0.14317673378076062,0.9735228539576366,0.0,0.0068097115,0.000698328,0.0038863183,0.013806105,0.008406162,0.010156965,0.028713942,0.0043210983,0.007547331,0.061843395,0.029209852,0.019280482,0.14152455,0.06919265,0.026628494,,,,,
35M-random,True,HEM3_HUMAN_Loggerenberg_2023,D99K,98,0.0,0,-0.04936504364013672,0.11557412147521973,32,0.0001614093780517578,True,0.42836426460267546,H,0.9930215962451286,0.5562841530054645,0.8666666666666667,0.9781420765027322,0.0,0.016157627,0.0005850792,0.0034466744,0.03255582,0.008405924,0.0072571756,0.065610886,0.008939028,0.016757393,0.1329205,0.010132074,0.0053218366,0.27063012,0.009516716,0.03170514,,,,,
35M-random,True,HEM3_HUMAN_Loggerenberg_2023,G280T,279,0.0,0,-1.072261095046997,-1.01462984085083,32,-0.00018080323934555054,True,0.0,E,0.61174715135269,0.4824324324324324,0.5084639498432602,0.8968468468468469,0.0,0.028980255,0.0033099651,0.0055734636,0.057709932,0.0004541874,0.007124424,0.11454725,0.002575159,0.0065220357,0.22570443,0.03148365,0.015319729,0.4331529,0.026433945,0.01325574,,,,,
35M-random,True,HEM3_HUMAN_Loggerenberg_2023,I21Q,20,0.0,0,-0.6628103256225586,0.5908629894256592,32,-0.00018167495727539062,True,0.006130092467207697,E,0.5033830421972771,0.6830149716055756,0.7040816326530612,0.8520908621579762,0.1,0.012775421,0.012238979,0.009799433,0.025867224,0.005281925,0.012968684,0.053037167,0.009884357,0.025203323,0.11073494,0.041069508,0.025168752,0.23824477,0.060032368,0.04131298,,,,,
35M-random,True,HEM3_HUMAN_Loggerenberg_2023,L193W,192,0.0,0,0.699566125869751,1.1797456741333008,32,-3.218650817871094e-05,True,0.0060081005773130166,H,0.7729228989961957,0.4648305084745763,0.4248587570621469,0.9389830508474576,0.0,0.014625788,0.0032496452,0.008846712,0.028769255,0.006127596,0.013790322,0.055562496,0.004408598,0.013813448,0.103238344,0.0057661533,0.009016561,0.19013238,0.018615246,0.025542641,,,,,
35M-random,True,HEM3_HUMAN_Loggerenberg_2023,L85H,84,0.0,0,0.2171182632446289,-0.23947906494140625,32,-7.748603820800781e-06,True,0.0060081005773130166,H,0.7378072709914963,0.5377118644067796,0.49125364431486873,0.8854872881355933,0.1,0.02015686,0.012625694,0.009299278,0.040339947,0.008684635,0.010665131,0.0808177,0.025242329,0.016866302,0.16173983,0.031597614,0.021177102,0.31946468,0.058753967,0.04107418,,,,,
35M-random,True,HEM3_HUMAN_Loggerenberg_2023,S96Q,95,0.0,0,-0.22624754905700684,0.9680397510528564,32,8.392333984375e-05,True,0.1138088353260817,E,0.9394520185229221,0.42948717948717946,0.3940719144800777,0.7027591973244147,0.0,0.008313894,0.008014679,0.0018428803,0.017056227,0.0042960644,0.0054635527,0.035304308,0.025772333,0.010245276,0.07574725,0.056418657,0.017416764,0.17581868,0.093286276,0.025867557,,,,,
35M-random,True,HEM3_HUMAN_Loggerenberg_2023,T294D,293,0.0,0,0.6132433414459229,0.35503172874450684,32,0.00022107362747192383,True,0.4564942347504638,E,0.2151963235553458,0.3373804267844002,0.3932432432432433,0.95345842531273,0.0,0.0242908,0.0017943382,0.0040389537,0.048486948,0.010991812,0.0053293705,0.09615445,0.011973381,0.0118623255,0.18785548,0.022668123,0.021420527,0.35387993,0.040798426,0.022037316,,,,,
35M-random,True,HEM3_HUMAN_Loggerenberg_2023,L220N,219,0.004407187,0,0.7909979820251465,0.76629638671875,32,-0.00010943599045276642,True,0.05407290519581715,E,0.6507472285333428,0.462000962000962,0.5003436426116838,0.4387926887926888,0.1,0.008156776,0.0018398762,0.006638527,0.016233683,0.002126217,0.0072859763,0.032928467,0.011779785,0.006367779,0.06728506,0.023047686,0.011714506,0.14112091,0.019169569,0.038306378,,,,,
35M-random,True,HEM3_HUMAN_Loggerenberg_2023,K43P,42,0.038121443,0,-0.31464242935180664,-0.5904722213745117,32,-8.726119995117188e-05,True,0.40144277302166187,H,0.20053563534136665,0.613953488372093,0.6354515050167224,0.9973421926910299,0.1,0.013353586,0.0013027191,0.0033256053,0.026708126,0.008885622,0.006249857,0.02505064,0.005908251,0.018338729,0.03373909,0.025988102,0.017679596,0.14001036,0.064412594,0.010396051,,,,,
35M-random,True,P53_HUMAN_Kotler_2018,G245V,244,-0.592215009066,0,-0.023633480072021484,-0.2226729393005371,32,-6.145238876342773e-05,True,0.06574290115680682,-,0.9808705316198209,0.40829493087557606,0.3443396226415094,0.8046082949308756,0.0,0.016272068,0.002044201,0.001635933,0.03248954,0.011967182,0.009997463,0.06500316,0.027023792,0.016094971,0.13013124,0.017476082,0.016770124,0.25792503,0.010081291,0.04198327,,,,,
35M-random,True,P53_HUMAN_Kotler_2018,K132E,131,-0.475880860851,0,-0.06676888465881348,-0.27550745010375977,32,-0.00025793910026550293,True,0.0509723408044944,E,0.9843099475610887,0.6077519379844961,0.6931972789115646,0.6007751937984496,0.1,0.008610249,0.0019016266,0.005141926,0.017471552,0.011875868,0.009235811,0.036097765,0.028719187,0.0043661594,0.11605525,0.022287607,0.02155466,0.23138261,0.029219389,0.029046392,,,,,
35M-random,True,P53_HUMAN_Kotler_2018,R273Y,272,-0.429437223302,0,0.39098501205444336,0.9939196109771729,32,1.6033649444580078e-05,True,0.2898635177934437,E,0.9856384592867662,0.5237239396117901,0.42105263157894735,0.7111790079079798,0.0,0.01837778,0.014299393,0.005953455,0.03673196,0.02867508,0.007829619,0.07337093,0.013618469,0.02095623,0.14705682,0.015245438,0.02084837,0.29247618,0.012988329,0.048370123,,,,,
35M-random,True,P53_HUMAN_Kotler_2018,R158F,157,-0.306452974336,0,0.33614397048950195,1.245391845703125,32,-4.0471553802490234e-05,True,0.1526687907311831,E,0.9601485486964844,0.507373271889401,0.660347551342812,0.6476958525345622,0.0,0.0101668835,0.0055823326,0.0034211637,0.020550251,0.0023698807,0.014487982,0.041941404,0.004117012,0.017775392,0.08645058,0.005854845,0.011884022,0.18041515,0.015689135,0.025841188,,,,,
35M-random,True,P53_HUMAN_Kotler_2018,Y236D,235,-0.280802766191,0,-0.21529388427734375,-0.21106171607971191,32,-7.861107587814331e-05,True,0.0,E,0.786475641638724,0.5747663551401869,0.610042735042735,0.6583393242271748,0.0,0.021083117,0.009720564,0.010258436,0.042181253,0.022034407,0.012870121,0.08423281,0.0015182495,0.01313138,0.16828394,0.010784626,0.025905514,0.22924185,0.035845757,0.020038653,,,,,
35M-random,True,P53_HUMAN_Kotler_2018,E285K,284,-0.228999631141,0,0.08378958702087402,0.27543091773986816,32,0.00025700032711029053,True,0.2392569343248707,H,0.8334938188919219,0.6089147286821706,0.5997652582159624,0.7887596899224806,0.1,0.020935535,0.0057137012,0.00719924,0.041790724,0.011262655,0.010296727,0.083339214,0.026402235,0.01080637,0.12796068,0.037340403,0.025118541,0.2119224,0.066643,0.02530856,,,,,
35M-random,True,P53_HUMAN_Kotler_2018,R181P,180,-0.145879482865,0,-0.028638362884521484,0.30770015716552734,32,-2.199411392211914e-05,True,0.7073706330422379,-,0.44605035655186975,0.6847662141779789,0.2727272727272727,0.9928355957767723,0.2,0.013010025,0.008962631,0.004692173,0.026097298,0.00603199,0.0035579682,0.052087545,0.02283907,0.014313984,0.10368657,0.031802893,0.021838903,0.13804007,0.044005156,0.01584878,,,,,
35M-random,True,P53_HUMAN_Kotler_2018,V272M,271,-0.136193811083,0,-0.6207711696624756,-0.6610846519470215,32,0.00026898086071014404,True,0.018473431449357248,E,0.8971023801647344,0.4464414090582315,0.48771367521367526,0.6908698777857656,0.0,0.017828465,0.007903099,0.007859373,0.03557849,0.0064964294,0.007415199,0.07103157,0.001039505,0.014192915,0.14118099,0.025520086,0.01704297,0.278579,0.07048106,0.021274757,,,,,
35M-random,True,P53_HUMAN_Kotler_2018,P190L,189,-0.051115294685,0,-0.03146243095397949,0.011260986328125,32,-4.991888999938965e-05,True,0.19747379633357123,-,0.549368967717122,0.45701357466063347,0.5483870967741935,0.9653092006033182,0.1,0.018346548,0.00020503998,0.0031138896,0.03673148,0.00418067,0.012030887,0.0733192,0.00019359589,0.020490218,0.11217213,0.0025196075,0.015666436,0.124718666,0.0061097145,0.022672653,,,,,
35M-random,True,P53_HUMAN_Kotler_2018,N239D,238,0.024725172956,0,-0.36919069290161133,-0.3025040626525879,32,0.00012751668691635132,True,0.19267577851098577,-,0.8077811028970463,0.554026503567788,0.5575471698113208,0.8152395514780837,0.1,0.014379263,0.005861759,0.010306453,0.028850794,0.012544632,0.014123201,0.058148384,0.011510849,0.013313341,0.11768794,0.00094366074,0.025374746,0.23700953,0.008646727,0.029829454,,,,,
